/*
 Navicat Premium Dump SQL

 Source Server         : POSE-LJ
 Source Server Type    : MySQL
 Source Server Version : 50740 (5.7.40)
 Source Host           : localhost:3306
 Source Schema         : fde_system

 Target Server Type    : MySQL
 Target Server Version : 50740 (5.7.40)
 File Encoding         : 65001

 Date: 19/05/2026 09:56:42
*/

SET NAMES utf8mb4;
SET FOREIGN_KEY_CHECKS = 0;

-- ----------------------------
-- Table structure for audit_logs
-- ----------------------------
DROP TABLE IF EXISTS `audit_logs`;
CREATE TABLE `audit_logs`  (
  `id` int(11) NOT NULL AUTO_INCREMENT,
  `user_id` int(11) NOT NULL COMMENT '操作用户ID',
  `action` varchar(50) CHARACTER SET utf8mb4 COLLATE utf8mb4_unicode_ci NOT NULL COMMENT '操作类型',
  `resource` varchar(50) CHARACTER SET utf8mb4 COLLATE utf8mb4_unicode_ci NOT NULL COMMENT '操作对象类型',
  `resource_id` int(11) NULL DEFAULT NULL COMMENT '操作对象ID',
  `description` text CHARACTER SET utf8mb4 COLLATE utf8mb4_unicode_ci NULL COMMENT '操作描述',
  `details` json NULL COMMENT '操作详情（JSON格式）',
  `ip_address` varchar(50) CHARACTER SET utf8mb4 COLLATE utf8mb4_unicode_ci NULL DEFAULT NULL COMMENT 'IP地址',
  `user_agent` varchar(500) CHARACTER SET utf8mb4 COLLATE utf8mb4_unicode_ci NULL DEFAULT NULL COMMENT '用户代理',
  `created_at` datetime NULL DEFAULT CURRENT_TIMESTAMP COMMENT '操作时间',
  PRIMARY KEY (`id`) USING BTREE,
  INDEX `user_id`(`user_id`) USING BTREE,
  INDEX `ix_audit_logs_id`(`id`) USING BTREE,
  CONSTRAINT `audit_logs_ibfk_1` FOREIGN KEY (`user_id`) REFERENCES `users` (`id`) ON DELETE RESTRICT ON UPDATE RESTRICT
) ENGINE = InnoDB AUTO_INCREMENT = 1256 CHARACTER SET = utf8mb4 COLLATE = utf8mb4_unicode_ci ROW_FORMAT = Dynamic;

-- ----------------------------
-- Records of audit_logs
-- ----------------------------
INSERT INTO `audit_logs` VALUES (1, 2, 'create', 'task', 5, '创建任务：智能客服', 'null', '127.0.0.1', 'Mozilla/5.0 (Windows NT 10.0; Win64; x64) AppleWebKit/537.36 (KHTML, like Gecko) Chrome/143.0.0.0 Safari/537.36 Edg/143.0.0.0', '2026-01-06 10:05:34');
INSERT INTO `audit_logs` VALUES (2, 2, 'create', 'task', 6, '创建任务：智云一体机', 'null', '127.0.0.1', 'Mozilla/5.0 (Windows NT 10.0; Win64; x64) AppleWebKit/537.36 (KHTML, like Gecko) Chrome/143.0.0.0 Safari/537.36 Edg/143.0.0.0', '2026-01-06 10:06:39');
INSERT INTO `audit_logs` VALUES (3, 2, 'create', 'task', 7, '创建任务：算例服务', 'null', '127.0.0.1', 'Mozilla/5.0 (Windows NT 10.0; Win64; x64) AppleWebKit/537.36 (KHTML, like Gecko) Chrome/143.0.0.0 Safari/537.36 Edg/143.0.0.0', '2026-01-06 10:07:40');
INSERT INTO `audit_logs` VALUES (4, 1, 'confirm', 'task', 7, '确认任务：算例服务', 'null', '127.0.0.1', 'Mozilla/5.0 (Windows NT 10.0; Win64; x64) AppleWebKit/537.36 (KHTML, like Gecko) Chrome/143.0.0.0 Safari/537.36 Edg/143.0.0.0', '2026-01-06 10:16:51');
INSERT INTO `audit_logs` VALUES (5, 1, 'reject', 'task', 6, '拒绝任务：智云一体机', '{\"rejection_reason\": \"测速\"}', '127.0.0.1', 'Mozilla/5.0 (Windows NT 10.0; Win64; x64) AppleWebKit/537.36 (KHTML, like Gecko) Chrome/143.0.0.0 Safari/537.36 Edg/143.0.0.0', '2026-01-06 10:19:29');
INSERT INTO `audit_logs` VALUES (6, 1, 'confirm', 'task', 5, '确认任务：智能客服', 'null', '127.0.0.1', 'Mozilla/5.0 (Windows NT 10.0; Win64; x64) AppleWebKit/537.36 (KHTML, like Gecko) Chrome/143.0.0.0 Safari/537.36 Edg/143.0.0.0', '2026-01-06 10:19:39');
INSERT INTO `audit_logs` VALUES (7, 10, 'submit', 'task', 5, '提交详细需求单：智能客服', 'null', '127.0.0.1', 'Mozilla/5.0 (Windows NT 10.0; Win64; x64) AppleWebKit/537.36 (KHTML, like Gecko) Chrome/143.0.0.0 Safari/537.36 Edg/143.0.0.0', '2026-01-06 10:23:09');
INSERT INTO `audit_logs` VALUES (8, 1, 'dispatch', 'task', 5, '派单任务：智能客服，组长：张希', '{\"work_order_id\": 3, \"team_leader_id\": 9}', '127.0.0.1', 'Mozilla/5.0 (Windows NT 10.0; Win64; x64) AppleWebKit/537.36 (KHTML, like Gecko) Chrome/143.0.0.0 Safari/537.36 Edg/143.0.0.0', '2026-01-06 10:23:59');
INSERT INTO `audit_logs` VALUES (9, 2, 'create', 'task', 8, '创建任务：测试', 'null', '127.0.0.1', 'Mozilla/5.0 (Windows NT 10.0; Win64; x64) AppleWebKit/537.36 (KHTML, like Gecko) Chrome/143.0.0.0 Safari/537.36 Edg/143.0.0.0', '2026-01-06 10:44:43');
INSERT INTO `audit_logs` VALUES (10, 1, 'confirm', 'task', 8, '确认任务：测试', 'null', '127.0.0.1', 'Mozilla/5.0 (Windows NT 10.0; Win64; x64) AppleWebKit/537.36 (KHTML, like Gecko) Chrome/143.0.0.0 Safari/537.36 Edg/143.0.0.0', '2026-01-06 10:45:13');
INSERT INTO `audit_logs` VALUES (11, 3, 'submit', 'task', 8, '提交详细需求单：测试', 'null', '127.0.0.1', 'Mozilla/5.0 (Windows NT 10.0; Win64; x64) AppleWebKit/537.36 (KHTML, like Gecko) Chrome/143.0.0.0 Safari/537.36 Edg/143.0.0.0', '2026-01-06 10:45:44');
INSERT INTO `audit_logs` VALUES (12, 1, 'dispatch', 'task', 8, '派单任务：测试，组长：张希', '{\"work_order_id\": 4, \"team_leader_id\": 9}', '127.0.0.1', 'Mozilla/5.0 (Windows NT 10.0; Win64; x64) AppleWebKit/537.36 (KHTML, like Gecko) Chrome/143.0.0.0 Safari/537.36 Edg/143.0.0.0', '2026-01-06 10:46:06');
INSERT INTO `audit_logs` VALUES (13, 9, 'assign', 'work_order', 4, '转派工单：WO8-1767638766，成员：李明', '{\"member_id\": 8, \"task_name\": \"测试\"}', '127.0.0.1', 'Mozilla/5.0 (Windows NT 10.0; Win64; x64) AppleWebKit/537.36 (KHTML, like Gecko) Chrome/143.0.0.0 Safari/537.36 Edg/143.0.0.0', '2026-01-06 10:46:30');
INSERT INTO `audit_logs` VALUES (14, 8, 'accept', 'work_order', 4, '接单：WO8-1767638766', '{\"task_name\": \"测试\", \"work_order_no\": \"WO8-1767638766\"}', '127.0.0.1', 'Mozilla/5.0 (Windows NT 10.0; Win64; x64) AppleWebKit/537.36 (KHTML, like Gecko) Chrome/143.0.0.0 Safari/537.36 Edg/143.0.0.0', '2026-01-06 10:47:06');
INSERT INTO `audit_logs` VALUES (15, 2, 'create', 'task', 9, '创建任务：asda', 'null', '127.0.0.1', 'Mozilla/5.0 (Windows NT 10.0; Win64; x64) AppleWebKit/537.36 (KHTML, like Gecko) Chrome/143.0.0.0 Safari/537.36 Edg/143.0.0.0', '2026-01-06 11:30:45');
INSERT INTO `audit_logs` VALUES (16, 1, 'confirm', 'task', 9, '确认任务：asda', 'null', '127.0.0.1', 'Mozilla/5.0 (Windows NT 10.0; Win64; x64) AppleWebKit/537.36 (KHTML, like Gecko) Chrome/143.0.0.0 Safari/537.36 Edg/143.0.0.0', '2026-01-06 11:31:37');
INSERT INTO `audit_logs` VALUES (17, 2, 'create', 'task', 10, '创建任务：asdas', 'null', '127.0.0.1', 'Mozilla/5.0 (Windows NT 10.0; Win64; x64) AppleWebKit/537.36 (KHTML, like Gecko) Chrome/143.0.0.0 Safari/537.36 Edg/143.0.0.0', '2026-01-06 11:37:44');
INSERT INTO `audit_logs` VALUES (18, 1, 'confirm', 'task', 10, '确认任务：asdas', 'null', '127.0.0.1', 'Mozilla/5.0 (Windows NT 10.0; Win64; x64) AppleWebKit/537.36 (KHTML, like Gecko) Chrome/143.0.0.0 Safari/537.36 Edg/143.0.0.0', '2026-01-06 11:38:01');
INSERT INTO `audit_logs` VALUES (19, 10, 'submit', 'task', 10, '提交详细需求单：asdas', 'null', '127.0.0.1', 'Mozilla/5.0 (Windows NT 10.0; Win64; x64) AppleWebKit/537.36 (KHTML, like Gecko) Chrome/143.0.0.0 Safari/537.36 Edg/143.0.0.0', '2026-01-06 11:38:53');
INSERT INTO `audit_logs` VALUES (20, 1, 'dispatch', 'task', 10, '派单任务：asdas，组长：小李', '{\"work_order_id\": 5, \"team_leader_id\": 6}', '127.0.0.1', 'Mozilla/5.0 (Windows NT 10.0; Win64; x64) AppleWebKit/537.36 (KHTML, like Gecko) Chrome/143.0.0.0 Safari/537.36 Edg/143.0.0.0', '2026-01-06 11:39:13');
INSERT INTO `audit_logs` VALUES (21, 6, 'assign', 'work_order', 5, '转派工单：WO10-1767641953，成员：李俊', '{\"member_id\": 7, \"task_name\": \"asdas\"}', '127.0.0.1', 'Mozilla/5.0 (Windows NT 10.0; Win64; x64) AppleWebKit/537.36 (KHTML, like Gecko) Chrome/143.0.0.0 Safari/537.36 Edg/143.0.0.0', '2026-01-06 11:39:26');
INSERT INTO `audit_logs` VALUES (22, 7, 'accept', 'work_order', 5, '接单：WO10-1767641953', '{\"task_name\": \"asdas\", \"work_order_no\": \"WO10-1767641953\"}', '127.0.0.1', 'Mozilla/5.0 (Windows NT 10.0; Win64; x64) AppleWebKit/537.36 (KHTML, like Gecko) Chrome/143.0.0.0 Safari/537.36 Edg/143.0.0.0', '2026-01-06 11:40:00');
INSERT INTO `audit_logs` VALUES (23, 1, 'reset_password', 'user', 7, '重置用户密码：李俊', 'null', '127.0.0.1', 'Mozilla/5.0 (Windows NT 10.0; Win64; x64) AppleWebKit/537.36 (KHTML, like Gecko) Chrome/143.0.0.0 Safari/537.36 Edg/143.0.0.0', '2026-01-07 10:00:34');
INSERT INTO `audit_logs` VALUES (24, 1, 'delete', 'user', 5, '删除用户：张三', 'null', '127.0.0.1', 'Mozilla/5.0 (Windows NT 10.0; Win64; x64) AppleWebKit/537.36 (KHTML, like Gecko) Chrome/143.0.0.0 Safari/537.36 Edg/143.0.0.0', '2026-01-07 10:25:14');
INSERT INTO `audit_logs` VALUES (25, 1, 'delete', 'user', 5, '删除用户：张三', 'null', '127.0.0.1', 'Mozilla/5.0 (Windows NT 10.0; Win64; x64) AppleWebKit/537.36 (KHTML, like Gecko) Chrome/143.0.0.0 Safari/537.36 Edg/143.0.0.0', '2026-01-07 10:26:05');
INSERT INTO `audit_logs` VALUES (26, 1, 'update', 'user', 11, '审核通过用户：杨振楠', 'null', '127.0.0.1', 'Mozilla/5.0 (Windows NT 10.0; Win64; x64) AppleWebKit/537.36 (KHTML, like Gecko) Chrome/143.0.0.0 Safari/537.36 Edg/143.0.0.0', '2026-01-07 13:33:17');
INSERT INTO `audit_logs` VALUES (27, 1, 'delete', 'user', 11, '删除用户：杨振楠', 'null', '127.0.0.1', 'Mozilla/5.0 (Windows NT 10.0; Win64; x64) AppleWebKit/537.36 (KHTML, like Gecko) Chrome/143.0.0.0 Safari/537.36 Edg/143.0.0.0', '2026-01-07 13:33:23');
INSERT INTO `audit_logs` VALUES (28, 1, 'update', 'user', 13, '审核拒绝用户：杨振楠，原因：错误', 'null', '127.0.0.1', 'Mozilla/5.0 (Windows NT 10.0; Win64; x64) AppleWebKit/537.36 (KHTML, like Gecko) Chrome/143.0.0.0 Safari/537.36 Edg/143.0.0.0', '2026-01-07 13:36:17');
INSERT INTO `audit_logs` VALUES (29, 1, 'reset_password', 'user', 13, '重置用户密码：杨振楠', 'null', '127.0.0.1', 'Mozilla/5.0 (Windows NT 10.0; Win64; x64) AppleWebKit/537.36 (KHTML, like Gecko) Chrome/143.0.0.0 Safari/537.36 Edg/143.0.0.0', '2026-01-07 13:36:47');
INSERT INTO `audit_logs` VALUES (30, 1, 'delete', 'user', 13, '删除用户：杨振楠', 'null', '127.0.0.1', 'Mozilla/5.0 (Windows NT 10.0; Win64; x64) AppleWebKit/537.36 (KHTML, like Gecko) Chrome/143.0.0.0 Safari/537.36 Edg/143.0.0.0', '2026-01-07 13:36:49');
INSERT INTO `audit_logs` VALUES (31, 1, 'update', 'user', 15, '审核通过用户：杨振楠', 'null', '127.0.0.1', 'Mozilla/5.0 (Windows NT 10.0; Win64; x64) AppleWebKit/537.36 (KHTML, like Gecko) Chrome/143.0.0.0 Safari/537.36 Edg/143.0.0.0', '2026-01-07 13:38:37');
INSERT INTO `audit_logs` VALUES (32, 1, 'update', 'user', 17, '审核通过用户：杨振楠', 'null', '127.0.0.1', 'Mozilla/5.0 (Windows NT 10.0; Win64; x64) AppleWebKit/537.36 (KHTML, like Gecko) Chrome/143.0.0.0 Safari/537.36', '2026-01-07 13:45:14');
INSERT INTO `audit_logs` VALUES (33, 1, 'delete', 'user', 15, '删除用户：杨振楠', 'null', '127.0.0.1', 'Mozilla/5.0 (Windows NT 10.0; Win64; x64) AppleWebKit/537.36 (KHTML, like Gecko) Chrome/143.0.0.0 Safari/537.36', '2026-01-07 13:45:17');
INSERT INTO `audit_logs` VALUES (34, 1, 'delete', 'user', 17, '删除用户：杨振楠', 'null', '127.0.0.1', 'Mozilla/5.0 (Windows NT 10.0; Win64; x64) AppleWebKit/537.36 (KHTML, like Gecko) Chrome/143.0.0.0 Safari/537.36', '2026-01-07 13:45:22');
INSERT INTO `audit_logs` VALUES (35, 1, 'update', 'user', 18, '审核通过用户：杨振楠', 'null', '127.0.0.1', 'Mozilla/5.0 (Windows NT 10.0; Win64; x64) AppleWebKit/537.36 (KHTML, like Gecko) Chrome/143.0.0.0 Safari/537.36', '2026-01-07 13:52:47');
INSERT INTO `audit_logs` VALUES (36, 1, 'update', 'user', 19, '审核通过用户：yyy', 'null', '127.0.0.1', 'Mozilla/5.0 (Windows NT 10.0; Win64; x64) AppleWebKit/537.36 (KHTML, like Gecko) Chrome/143.0.0.0 Safari/537.36', '2026-01-07 13:52:49');
INSERT INTO `audit_logs` VALUES (37, 1, 'update', 'user', 20, '审核通过用户：杨振楠', 'null', '127.0.0.1', 'Mozilla/5.0 (Windows NT 10.0; Win64; x64) AppleWebKit/537.36 (KHTML, like Gecko) Chrome/143.0.0.0 Safari/537.36', '2026-01-07 13:52:51');
INSERT INTO `audit_logs` VALUES (38, 1, 'delete', 'user', 20, '删除用户：杨振楠', 'null', '127.0.0.1', 'Mozilla/5.0 (Windows NT 10.0; Win64; x64) AppleWebKit/537.36 (KHTML, like Gecko) Chrome/143.0.0.0 Safari/537.36', '2026-01-07 13:52:54');
INSERT INTO `audit_logs` VALUES (39, 1, 'delete', 'user', 19, '删除用户：yyy', 'null', '127.0.0.1', 'Mozilla/5.0 (Windows NT 10.0; Win64; x64) AppleWebKit/537.36 (KHTML, like Gecko) Chrome/143.0.0.0 Safari/537.36', '2026-01-07 13:52:56');
INSERT INTO `audit_logs` VALUES (40, 1, 'delete', 'user', 18, '删除用户：杨振楠', 'null', '127.0.0.1', 'Mozilla/5.0 (Windows NT 10.0; Win64; x64) AppleWebKit/537.36 (KHTML, like Gecko) Chrome/143.0.0.0 Safari/537.36', '2026-01-07 13:52:57');
INSERT INTO `audit_logs` VALUES (41, 1, 'update', 'user', 21, '审核通过用户：adasfasf', 'null', '127.0.0.1', 'Mozilla/5.0 (Windows NT 10.0; Win64; x64) AppleWebKit/537.36 (KHTML, like Gecko) Chrome/143.0.0.0 Safari/537.36', '2026-01-07 14:04:20');
INSERT INTO `audit_logs` VALUES (42, 1, 'reset_password', 'user', 21, '重置用户密码：adasfasf', 'null', '127.0.0.1', 'Mozilla/5.0 (Windows NT 10.0; Win64; x64) AppleWebKit/537.36 (KHTML, like Gecko) Chrome/143.0.0.0 Safari/537.36', '2026-01-07 14:04:30');
INSERT INTO `audit_logs` VALUES (43, 1, 'update', 'user', 23, '审核通过用户：那苏丹', 'null', '127.0.0.1', 'Mozilla/5.0 (Windows NT 10.0; Win64; x64) AppleWebKit/537.36 (KHTML, like Gecko) Chrome/143.0.0.0 Safari/537.36', '2026-01-07 14:21:41');
INSERT INTO `audit_logs` VALUES (44, 1, 'update', 'user', 22, '审核通过用户：那苏丹', 'null', '127.0.0.1', 'Mozilla/5.0 (Windows NT 10.0; Win64; x64) AppleWebKit/537.36 (KHTML, like Gecko) Chrome/143.0.0.0 Safari/537.36', '2026-01-07 14:21:44');
INSERT INTO `audit_logs` VALUES (45, 1, 'update', 'user', 24, '审核通过用户：杨振很难', 'null', '127.0.0.1', 'Mozilla/5.0 (Windows NT 10.0; Win64; x64) AppleWebKit/537.36 (KHTML, like Gecko) Chrome/143.0.0.0 Safari/537.36', '2026-01-07 14:33:55');
INSERT INTO `audit_logs` VALUES (46, 1, 'delete', 'user', 24, '删除用户：杨振很难', 'null', '127.0.0.1', 'Mozilla/5.0 (Windows NT 10.0; Win64; x64) AppleWebKit/537.36 (KHTML, like Gecko) Chrome/143.0.0.0 Safari/537.36', '2026-01-07 14:33:59');
INSERT INTO `audit_logs` VALUES (47, 1, 'delete', 'user', 23, '删除用户：那苏丹', 'null', '127.0.0.1', 'Mozilla/5.0 (Windows NT 10.0; Win64; x64) AppleWebKit/537.36 (KHTML, like Gecko) Chrome/143.0.0.0 Safari/537.36', '2026-01-07 14:34:01');
INSERT INTO `audit_logs` VALUES (48, 1, 'delete', 'user', 22, '删除用户：那苏丹', 'null', '127.0.0.1', 'Mozilla/5.0 (Windows NT 10.0; Win64; x64) AppleWebKit/537.36 (KHTML, like Gecko) Chrome/143.0.0.0 Safari/537.36', '2026-01-07 14:34:04');
INSERT INTO `audit_logs` VALUES (49, 1, 'delete', 'user', 21, '删除用户：adasfasf', 'null', '127.0.0.1', 'Mozilla/5.0 (Windows NT 10.0; Win64; x64) AppleWebKit/537.36 (KHTML, like Gecko) Chrome/143.0.0.0 Safari/537.36', '2026-01-07 14:34:06');
INSERT INTO `audit_logs` VALUES (50, 1, 'update', 'user', 25, '审核通过用户：yangzhe顺利', 'null', '127.0.0.1', 'Mozilla/5.0 (Windows NT 10.0; Win64; x64) AppleWebKit/537.36 (KHTML, like Gecko) Chrome/143.0.0.0 Safari/537.36', '2026-01-07 14:50:19');
INSERT INTO `audit_logs` VALUES (51, 1, 'delete', 'user', 25, '删除用户：yangzhe顺利', 'null', '127.0.0.1', 'Mozilla/5.0 (Windows NT 10.0; Win64; x64) AppleWebKit/537.36 (KHTML, like Gecko) Chrome/143.0.0.0 Safari/537.36', '2026-01-07 14:50:21');
INSERT INTO `audit_logs` VALUES (52, 1, 'update', 'user', 26, '审核通过用户：杨振楠', 'null', '127.0.0.1', 'Mozilla/5.0 (Windows NT 10.0; Win64; x64) AppleWebKit/537.36 (KHTML, like Gecko) Chrome/143.0.0.0 Safari/537.36', '2026-01-07 14:56:38');
INSERT INTO `audit_logs` VALUES (53, 1, 'update', 'user', 27, '审核通过用户：ada', 'null', '127.0.0.1', 'Mozilla/5.0 (Windows NT 10.0; Win64; x64) AppleWebKit/537.36 (KHTML, like Gecko) Chrome/143.0.0.0 Safari/537.36', '2026-01-07 14:56:39');
INSERT INTO `audit_logs` VALUES (54, 1, 'delete', 'user', 27, '删除用户：ada', 'null', '127.0.0.1', 'Mozilla/5.0 (Windows NT 10.0; Win64; x64) AppleWebKit/537.36 (KHTML, like Gecko) Chrome/143.0.0.0 Safari/537.36', '2026-01-07 14:56:41');
INSERT INTO `audit_logs` VALUES (55, 1, 'delete', 'user', 26, '删除用户：杨振楠', 'null', '127.0.0.1', 'Mozilla/5.0 (Windows NT 10.0; Win64; x64) AppleWebKit/537.36 (KHTML, like Gecko) Chrome/143.0.0.0 Safari/537.36', '2026-01-07 14:56:42');
INSERT INTO `audit_logs` VALUES (56, 1, 'update', 'user', 28, '审核拒绝用户：uyjin，原因：不符合要求', 'null', '127.0.0.1', 'Mozilla/5.0 (Windows NT 10.0; Win64; x64) AppleWebKit/537.36 (KHTML, like Gecko) Chrome/143.0.0.0 Safari/537.36 Edg/143.0.0.0', '2026-01-08 08:45:36');
INSERT INTO `audit_logs` VALUES (57, 1, 'update', 'user', 29, '审核拒绝用户：asdasdasda，原因：不符合要求', 'null', '127.0.0.1', 'Mozilla/5.0 (Windows NT 10.0; Win64; x64) AppleWebKit/537.36 (KHTML, like Gecko) Chrome/143.0.0.0 Safari/537.36 Edg/143.0.0.0', '2026-01-08 08:45:42');
INSERT INTO `audit_logs` VALUES (58, 1, 'update', 'user', 30, '审核通过用户：asdasdasdfa', 'null', '127.0.0.1', 'Mozilla/5.0 (Windows NT 10.0; Win64; x64) AppleWebKit/537.36 (KHTML, like Gecko) Chrome/143.0.0.0 Safari/537.36 Edg/143.0.0.0', '2026-01-08 09:09:25');
INSERT INTO `audit_logs` VALUES (59, 2, 'create', 'task', 11, '创建任务：晓助理', 'null', '127.0.0.1', 'Mozilla/5.0 (Windows NT 10.0; Win64; x64) AppleWebKit/537.36 (KHTML, like Gecko) Chrome/143.0.0.0 Safari/537.36 Edg/143.0.0.0', '2026-01-09 13:40:34');
INSERT INTO `audit_logs` VALUES (60, 1, 'confirm', 'task', 11, '确认任务：晓助理', 'null', '127.0.0.1', 'Mozilla/5.0 (Windows NT 10.0; Win64; x64) AppleWebKit/537.36 (KHTML, like Gecko) Chrome/143.0.0.0 Safari/537.36 Edg/143.0.0.0', '2026-01-09 14:09:31');
INSERT INTO `audit_logs` VALUES (61, 3, 'submit', 'task', 11, '提交详细需求单：晓助理', 'null', '127.0.0.1', 'Mozilla/5.0 (Windows NT 10.0; Win64; x64) AppleWebKit/537.36 (KHTML, like Gecko) Chrome/143.0.0.0 Safari/537.36 Edg/143.0.0.0', '2026-01-09 14:12:02');
INSERT INTO `audit_logs` VALUES (62, 1, 'dispatch', 'task', 11, '派单任务：晓助理，组长：小红', '{\"work_order_id\": 6, \"team_leader_id\": 4}', '127.0.0.1', 'Mozilla/5.0 (Windows NT 10.0; Win64; x64) AppleWebKit/537.36 (KHTML, like Gecko) Chrome/143.0.0.0 Safari/537.36 Edg/143.0.0.0', '2026-01-09 14:12:22');
INSERT INTO `audit_logs` VALUES (63, 4, 'assign', 'work_order', 6, '转派工单：WO11-1767910342，成员：张三', '{\"member_id\": 5, \"task_name\": \"晓助理\"}', '127.0.0.1', 'Mozilla/5.0 (Windows NT 10.0; Win64; x64) AppleWebKit/537.36 (KHTML, like Gecko) Chrome/143.0.0.0 Safari/537.36 Edg/143.0.0.0', '2026-01-09 14:13:49');
INSERT INTO `audit_logs` VALUES (64, 5, 'accept', 'work_order', 6, '接单：WO11-1767910342', '{\"task_name\": \"晓助理\", \"work_order_no\": \"WO11-1767910342\"}', '127.0.0.1', 'Mozilla/5.0 (Windows NT 10.0; Win64; x64) AppleWebKit/537.36 (KHTML, like Gecko) Chrome/143.0.0.0 Safari/537.36 Edg/143.0.0.0', '2026-01-09 14:21:08');
INSERT INTO `audit_logs` VALUES (65, 2, 'create', 'task', 24, '创建任务：dwd', 'null', '127.0.0.1', 'Mozilla/5.0 (Windows NT 10.0; Win64; x64) AppleWebKit/537.36 (KHTML, like Gecko) Chrome/143.0.0.0 Safari/537.36 Edg/143.0.0.0', '2026-01-12 09:50:27');
INSERT INTO `audit_logs` VALUES (66, 1, 'confirm', 'task', 24, '确认任务：dwd', 'null', '127.0.0.1', 'Mozilla/5.0 (Windows NT 10.0; Win64; x64) AppleWebKit/537.36 (KHTML, like Gecko) Chrome/143.0.0.0 Safari/537.36 Edg/143.0.0.0', '2026-01-12 09:57:56');
INSERT INTO `audit_logs` VALUES (67, 3, 'submit', 'task', 24, '提交详细需求单：dwd', 'null', '127.0.0.1', 'Mozilla/5.0 (Windows NT 10.0; Win64; x64) AppleWebKit/537.36 (KHTML, like Gecko) Chrome/143.0.0.0 Safari/537.36 Edg/143.0.0.0', '2026-01-12 09:58:17');
INSERT INTO `audit_logs` VALUES (68, 1, 'dispatch', 'task', 24, '派单任务：dwd，组长：小红', '{\"work_order_id\": 7, \"team_leader_id\": 4}', '127.0.0.1', 'Mozilla/5.0 (Windows NT 10.0; Win64; x64) AppleWebKit/537.36 (KHTML, like Gecko) Chrome/143.0.0.0 Safari/537.36 Edg/143.0.0.0', '2026-01-12 09:58:34');
INSERT INTO `audit_logs` VALUES (69, 1, 'confirm', 'task', 23, '确认任务：asda', 'null', '127.0.0.1', 'Mozilla/5.0 (Windows NT 10.0; Win64; x64) AppleWebKit/537.36 (KHTML, like Gecko) Chrome/143.0.0.0 Safari/537.36 Edg/143.0.0.0', '2026-01-12 10:01:58');
INSERT INTO `audit_logs` VALUES (70, 10, 'submit', 'task', 9, '提交详细需求单：asda', 'null', '127.0.0.1', 'Mozilla/5.0 (Windows NT 10.0; Win64; x64) AppleWebKit/537.36 (KHTML, like Gecko) Chrome/143.0.0.0 Safari/537.36 Edg/143.0.0.0', '2026-01-12 10:02:43');
INSERT INTO `audit_logs` VALUES (71, 10, 'submit', 'task', 23, '提交详细需求单：asda', 'null', '127.0.0.1', 'Mozilla/5.0 (Windows NT 10.0; Win64; x64) AppleWebKit/537.36 (KHTML, like Gecko) Chrome/143.0.0.0 Safari/537.36 Edg/143.0.0.0', '2026-01-12 10:02:49');
INSERT INTO `audit_logs` VALUES (72, 1, 'dispatch', 'task', 23, '派单任务：asda，组长：小李', '{\"work_order_id\": 8, \"team_leader_id\": 6}', '127.0.0.1', 'Mozilla/5.0 (Windows NT 10.0; Win64; x64) AppleWebKit/537.36 (KHTML, like Gecko) Chrome/143.0.0.0 Safari/537.36 Edg/143.0.0.0', '2026-01-12 10:03:14');
INSERT INTO `audit_logs` VALUES (73, 1, 'confirm', 'task', 22, '确认任务：asda', 'null', '127.0.0.1', 'Mozilla/5.0 (Windows NT 10.0; Win64; x64) AppleWebKit/537.36 (KHTML, like Gecko) Chrome/143.0.0.0 Safari/537.36 Edg/143.0.0.0', '2026-01-12 10:10:20');
INSERT INTO `audit_logs` VALUES (74, 10, 'submit', 'task', 22, '提交详细需求单：asda', 'null', '127.0.0.1', 'Mozilla/5.0 (Windows NT 10.0; Win64; x64) AppleWebKit/537.36 (KHTML, like Gecko) Chrome/143.0.0.0 Safari/537.36 Edg/143.0.0.0', '2026-01-12 10:10:39');
INSERT INTO `audit_logs` VALUES (75, 1, 'dispatch', 'task', 22, '派单任务：asda，组长：小红', '{\"work_order_id\": 9, \"team_leader_id\": 4}', '127.0.0.1', 'Mozilla/5.0 (Windows NT 10.0; Win64; x64) AppleWebKit/537.36 (KHTML, like Gecko) Chrome/143.0.0.0 Safari/537.36 Edg/143.0.0.0', '2026-01-12 10:10:55');
INSERT INTO `audit_logs` VALUES (76, 4, 'assign', 'work_order', 9, '转派工单：WO22-1768155055，成员：李明', '{\"member_id\": 8, \"task_name\": \"asda\"}', '127.0.0.1', 'Mozilla/5.0 (Windows NT 10.0; Win64; x64) AppleWebKit/537.36 (KHTML, like Gecko) Chrome/143.0.0.0 Safari/537.36 Edg/143.0.0.0', '2026-01-12 10:11:21');
INSERT INTO `audit_logs` VALUES (77, 8, 'accept', 'work_order', 9, '接单：WO22-1768155055', '{\"task_name\": \"asda\", \"work_order_no\": \"WO22-1768155055\"}', '127.0.0.1', 'Mozilla/5.0 (Windows NT 10.0; Win64; x64) AppleWebKit/537.36 (KHTML, like Gecko) Chrome/143.0.0.0 Safari/537.36 Edg/143.0.0.0', '2026-01-12 10:11:37');
INSERT INTO `audit_logs` VALUES (78, 1, 'dispatch', 'task', 9, '派单任务：asda，组长：张希', '{\"work_order_id\": 10, \"team_leader_id\": 9}', '127.0.0.1', 'Mozilla/5.0 (Windows NT 10.0; Win64; x64) AppleWebKit/537.36 (KHTML, like Gecko) Chrome/143.0.0.0 Safari/537.36 Edg/143.0.0.0', '2026-01-12 10:14:07');
INSERT INTO `audit_logs` VALUES (79, 9, 'assign', 'work_order', 10, '转派工单：WO9-1768155247，成员：张三', '{\"member_id\": 5, \"task_name\": \"asda\"}', '127.0.0.1', 'Mozilla/5.0 (Windows NT 10.0; Win64; x64) AppleWebKit/537.36 (KHTML, like Gecko) Chrome/143.0.0.0 Safari/537.36 Edg/143.0.0.0', '2026-01-12 10:14:26');
INSERT INTO `audit_logs` VALUES (80, 9, 'assign', 'work_order', 10, '转派工单：WO9-1768155247，成员：李明', '{\"member_id\": 8, \"task_name\": \"asda\"}', '127.0.0.1', 'Mozilla/5.0 (Windows NT 10.0; Win64; x64) AppleWebKit/537.36 (KHTML, like Gecko) Chrome/143.0.0.0 Safari/537.36 Edg/143.0.0.0', '2026-01-12 10:14:30');
INSERT INTO `audit_logs` VALUES (81, 9, 'assign', 'work_order', 10, '转派工单：WO9-1768155247，成员：张三', '{\"member_id\": 5, \"task_name\": \"asda\"}', '127.0.0.1', 'Mozilla/5.0 (Windows NT 10.0; Win64; x64) AppleWebKit/537.36 (KHTML, like Gecko) Chrome/143.0.0.0 Safari/537.36 Edg/143.0.0.0', '2026-01-12 10:14:38');
INSERT INTO `audit_logs` VALUES (82, 1, 'confirm', 'task', 21, '确认任务：asda', 'null', '127.0.0.1', 'Mozilla/5.0 (Windows NT 10.0; Win64; x64) AppleWebKit/537.36 (KHTML, like Gecko) Chrome/143.0.0.0 Safari/537.36 Edg/143.0.0.0', '2026-01-12 10:49:32');
INSERT INTO `audit_logs` VALUES (83, 1, 'confirm', 'task', 18, '确认任务：asdas', 'null', '127.0.0.1', 'Mozilla/5.0 (Windows NT 10.0; Win64; x64) AppleWebKit/537.36 (KHTML, like Gecko) Chrome/143.0.0.0 Safari/537.36 Edg/143.0.0.0', '2026-01-12 10:50:12');
INSERT INTO `audit_logs` VALUES (84, 1, 'confirm', 'task', 20, '确认任务：asda', 'null', '127.0.0.1', 'Mozilla/5.0 (Windows NT 10.0; Win64; x64) AppleWebKit/537.36 (KHTML, like Gecko) Chrome/143.0.0.0 Safari/537.36 Edg/143.0.0.0', '2026-01-12 11:07:01');
INSERT INTO `audit_logs` VALUES (85, 3, 'submit', 'task', 20, '提交详细需求单：asda', 'null', '127.0.0.1', 'Mozilla/5.0 (Windows NT 10.0; Win64; x64) AppleWebKit/537.36 (KHTML, like Gecko) Chrome/143.0.0.0 Safari/537.36 Edg/143.0.0.0', '2026-01-12 11:07:22');
INSERT INTO `audit_logs` VALUES (86, 5, 'accept', 'work_order', 10, '接单：WO9-1768155247', '{\"task_name\": \"asda\", \"work_order_no\": \"WO9-1768155247\"}', '127.0.0.1', 'Mozilla/5.0 (Windows NT 10.0; Win64; x64) AppleWebKit/537.36 (KHTML, like Gecko) Chrome/143.0.0.0 Safari/537.36 Edg/143.0.0.0', '2026-01-12 11:09:37');
INSERT INTO `audit_logs` VALUES (87, 5, 'create', 'visit_log', 3, '添加拜访日志：工单 WO11-1767910342，有商机需求，商机编号：adas', '{\"task_name\": \"晓助理\", \"visit_date\": \"2026-01-12\", \"work_order_id\": 6, \"work_order_no\": \"WO11-1767910342\", \"opportunity_no\": \"adas\", \"has_opportunity\": true}', '127.0.0.1', 'Mozilla/5.0 (Windows NT 10.0; Win64; x64) AppleWebKit/537.36 (KHTML, like Gecko) Chrome/143.0.0.0 Safari/537.36 Edg/143.0.0.0', '2026-01-12 11:17:45');
INSERT INTO `audit_logs` VALUES (88, 5, 'update', 'visit_log', 3, '更新拜访日志：工单 WO11-1767910342', '{\"work_order_id\": 6, \"updated_fields\": [\"visit_date\", \"visit_content\", \"visit_summary\", \"has_opportunity\", \"opportunity_no\"]}', '127.0.0.1', 'Mozilla/5.0 (Windows NT 10.0; Win64; x64) AppleWebKit/537.36 (KHTML, like Gecko) Chrome/143.0.0.0 Safari/537.36 Edg/143.0.0.0', '2026-01-12 11:19:40');
INSERT INTO `audit_logs` VALUES (89, 2, 'create', 'task', 25, '创建任务：asdad', 'null', '127.0.0.1', 'Mozilla/5.0 (Windows NT 10.0; Win64; x64) AppleWebKit/537.36 (KHTML, like Gecko) Chrome/143.0.0.0 Safari/537.36 Edg/143.0.0.0', '2026-01-12 11:25:09');
INSERT INTO `audit_logs` VALUES (90, 1, 'dispatch', 'task', 20, '派单任务：asda，组长：小李', '{\"work_order_id\": 11, \"team_leader_id\": 6}', '127.0.0.1', 'Mozilla/5.0 (Windows NT 10.0; Win64; x64) AppleWebKit/537.36 (KHTML, like Gecko) Chrome/143.0.0.0 Safari/537.36 Edg/143.0.0.0', '2026-01-12 13:14:34');
INSERT INTO `audit_logs` VALUES (91, 1, 'update', 'user', 32, '审核通过用户：afasfas', 'null', '127.0.0.1', 'Mozilla/5.0 (Windows NT 10.0; Win64; x64) AppleWebKit/537.36 (KHTML, like Gecko) Chrome/143.0.0.0 Safari/537.36 Edg/143.0.0.0', '2026-01-12 13:28:21');
INSERT INTO `audit_logs` VALUES (92, 1, 'update', 'user', 31, '审核通过用户：杨振楠', 'null', '127.0.0.1', 'Mozilla/5.0 (Windows NT 10.0; Win64; x64) AppleWebKit/537.36 (KHTML, like Gecko) Chrome/143.0.0.0 Safari/537.36 Edg/143.0.0.0', '2026-01-12 13:28:23');
INSERT INTO `audit_logs` VALUES (93, 1, 'update', 'user', 33, '审核通过用户：asgdhgkhhjhgf', 'null', '127.0.0.1', 'Mozilla/5.0 (Windows NT 10.0; Win64; x64) AppleWebKit/537.36 (KHTML, like Gecko) Chrome/143.0.0.0 Safari/537.36 Edg/143.0.0.0', '2026-01-12 13:45:27');
INSERT INTO `audit_logs` VALUES (94, 2, 'create', 'task', 26, '创建任务：asda', 'null', '127.0.0.1', 'Mozilla/5.0 (Windows NT 10.0; Win64; x64) AppleWebKit/537.36 (KHTML, like Gecko) Chrome/143.0.0.0 Safari/537.36 Edg/143.0.0.0', '2026-01-12 13:46:35');
INSERT INTO `audit_logs` VALUES (95, 1, 'confirm', 'task', 26, '确认任务：asda，已自动派发给 2 个销售单位接口人', 'null', '127.0.0.1', 'Mozilla/5.0 (Windows NT 10.0; Win64; x64) AppleWebKit/537.36 (KHTML, like Gecko) Chrome/143.0.0.0 Safari/537.36 Edg/143.0.0.0', '2026-01-12 13:52:41');
INSERT INTO `audit_logs` VALUES (96, 2, 'create', 'task', 27, '创建任务：测试', 'null', '127.0.0.1', 'Mozilla/5.0 (Windows NT 10.0; Win64; x64) AppleWebKit/537.36 (KHTML, like Gecko) Chrome/143.0.0.0 Safari/537.36 Edg/143.0.0.0', '2026-01-12 14:10:47');
INSERT INTO `audit_logs` VALUES (97, 1, 'confirm', 'task', 27, '确认任务：测试，已自动派发给 2 个销售单位接口人', 'null', '127.0.0.1', 'Mozilla/5.0 (Windows NT 10.0; Win64; x64) AppleWebKit/537.36 (KHTML, like Gecko) Chrome/143.0.0.0 Safari/537.36 Edg/143.0.0.0', '2026-01-12 14:11:08');
INSERT INTO `audit_logs` VALUES (98, 33, 'submit', 'task', 27, '提交详细需求单：测试', 'null', '127.0.0.1', 'Mozilla/5.0 (Windows NT 10.0; Win64; x64) AppleWebKit/537.36 (KHTML, like Gecko) Chrome/143.0.0.0 Safari/537.36 Edg/143.0.0.0', '2026-01-12 14:12:09');
INSERT INTO `audit_logs` VALUES (99, 33, 'submit', 'task', 26, '提交详细需求单：asda', 'null', '127.0.0.1', 'Mozilla/5.0 (Windows NT 10.0; Win64; x64) AppleWebKit/537.36 (KHTML, like Gecko) Chrome/143.0.0.0 Safari/537.36 Edg/143.0.0.0', '2026-01-12 14:20:07');
INSERT INTO `audit_logs` VALUES (100, 1, 'dispatch', 'task', 27, '派单任务：测试，组长：张希', '{\"work_order_id\": 12, \"team_leader_id\": 9}', '127.0.0.1', 'Mozilla/5.0 (Windows NT 10.0; Win64; x64) AppleWebKit/537.36 (KHTML, like Gecko) Chrome/143.0.0.0 Safari/537.36 Edg/143.0.0.0', '2026-01-12 14:20:51');
INSERT INTO `audit_logs` VALUES (101, 1, 'dispatch', 'task', 26, '派单任务：asda，组长：张希', '{\"work_order_id\": 13, \"team_leader_id\": 9}', '127.0.0.1', 'Mozilla/5.0 (Windows NT 10.0; Win64; x64) AppleWebKit/537.36 (KHTML, like Gecko) Chrome/143.0.0.0 Safari/537.36 Edg/143.0.0.0', '2026-01-12 14:20:56');
INSERT INTO `audit_logs` VALUES (102, 1, 'update', 'user', 34, '审核通过用户：李四', 'null', '127.0.0.1', 'Mozilla/5.0 (Windows NT 10.0; Win64; x64) AppleWebKit/537.36 (KHTML, like Gecko) Chrome/143.0.0.0 Safari/537.36 Edg/143.0.0.0', '2026-01-12 14:36:34');
INSERT INTO `audit_logs` VALUES (103, 2, 'create', 'task', 28, '创建任务：sdfgh', 'null', '127.0.0.1', 'Mozilla/5.0 (Windows NT 10.0; Win64; x64) AppleWebKit/537.36 (KHTML, like Gecko) Chrome/143.0.0.0 Safari/537.36 Edg/143.0.0.0', '2026-01-12 14:39:19');
INSERT INTO `audit_logs` VALUES (104, 1, 'confirm', 'task', 28, '确认任务：sdfgh，已自动派发给 3 个销售单位接口人', 'null', '127.0.0.1', 'Mozilla/5.0 (Windows NT 10.0; Win64; x64) AppleWebKit/537.36 (KHTML, like Gecko) Chrome/143.0.0.0 Safari/537.36 Edg/143.0.0.0', '2026-01-12 14:40:17');
INSERT INTO `audit_logs` VALUES (105, 34, 'submit', 'task', 28, '批量导入详细需求单：sdfgh，成功导入 2 条', '{\"failed_count\": 0, \"success_count\": 2}', '127.0.0.1', 'Mozilla/5.0 (Windows NT 10.0; Win64; x64) AppleWebKit/537.36 (KHTML, like Gecko) Chrome/143.0.0.0 Safari/537.36 Edg/143.0.0.0', '2026-01-12 15:33:12');
INSERT INTO `audit_logs` VALUES (106, 1, 'dispatch', 'task', 28, '派单详细需求：aasd（sdfgh），组长：张希', '{\"customer_unit\": \"aasd\", \"work_order_id\": 14, \"team_leader_id\": 9, \"detail_requirement_id\": 2}', '127.0.0.1', 'Mozilla/5.0 (Windows NT 10.0; Win64; x64) AppleWebKit/537.36 (KHTML, like Gecko) Chrome/143.0.0.0 Safari/537.36', '2026-01-12 15:52:07');
INSERT INTO `audit_logs` VALUES (107, 1, 'dispatch', 'task', 28, '派单详细需求：asdz（sdfgh），组长：小李', '{\"customer_unit\": \"asdz\", \"work_order_id\": 15, \"team_leader_id\": 6, \"detail_requirement_id\": 1}', '127.0.0.1', 'Mozilla/5.0 (Windows NT 10.0; Win64; x64) AppleWebKit/537.36 (KHTML, like Gecko) Chrome/143.0.0.0 Safari/537.36', '2026-01-12 15:52:12');
INSERT INTO `audit_logs` VALUES (108, 2, 'create', 'task', 29, '创建任务：理想公司', 'null', '127.0.0.1', 'Mozilla/5.0 (Windows NT 10.0; Win64; x64) AppleWebKit/537.36 (KHTML, like Gecko) Chrome/143.0.0.0 Safari/537.36', '2026-01-12 15:56:13');
INSERT INTO `audit_logs` VALUES (109, 1, 'confirm', 'task', 29, '确认任务：理想公司，已自动派发给 3 个销售单位接口人', 'null', '127.0.0.1', 'Mozilla/5.0 (Windows NT 10.0; Win64; x64) AppleWebKit/537.36 (KHTML, like Gecko) Chrome/143.0.0.0 Safari/537.36', '2026-01-12 15:57:10');
INSERT INTO `audit_logs` VALUES (110, 34, 'submit', 'task', 29, '批量导入详细需求单：理想公司，成功导入 2 条', '{\"failed_count\": 0, \"success_count\": 2}', '127.0.0.1', 'Mozilla/5.0 (Windows NT 10.0; Win64; x64) AppleWebKit/537.36 (KHTML, like Gecko) Chrome/143.0.0.0 Safari/537.36', '2026-01-12 16:05:57');
INSERT INTO `audit_logs` VALUES (111, 34, 'submit', 'task', 29, '批量导入详细需求单：理想公司，成功导入 2 条', '{\"failed_count\": 0, \"success_count\": 2}', '127.0.0.1', 'Mozilla/5.0 (Windows NT 10.0; Win64; x64) AppleWebKit/537.36 (KHTML, like Gecko) Chrome/143.0.0.0 Safari/537.36', '2026-01-12 16:06:31');
INSERT INTO `audit_logs` VALUES (112, 34, 'submit', 'task', 29, '提交详细需求单：理想公司，客户：asda', 'null', '127.0.0.1', 'Mozilla/5.0 (Windows NT 10.0; Win64; x64) AppleWebKit/537.36 (KHTML, like Gecko) Chrome/143.0.0.0 Safari/537.36', '2026-01-12 16:06:47');
INSERT INTO `audit_logs` VALUES (113, 33, 'submit', 'task', 29, '提交详细需求单：理想公司，客户：asdasda', 'null', '127.0.0.1', 'Mozilla/5.0 (Windows NT 10.0; Win64; x64) AppleWebKit/537.36 (KHTML, like Gecko) Chrome/143.0.0.0 Safari/537.36', '2026-01-12 16:08:01');
INSERT INTO `audit_logs` VALUES (114, 33, 'submit', 'task', 29, '提交详细需求单：理想公司，客户：ASDA', 'null', '127.0.0.1', 'Mozilla/5.0 (Windows NT 10.0; Win64; x64) AppleWebKit/537.36 (KHTML, like Gecko) Chrome/143.0.0.0 Safari/537.36', '2026-01-12 16:09:10');
INSERT INTO `audit_logs` VALUES (115, 1, 'dispatch', 'task', 29, '派单详细需求：asdz（理想公司），组长：小李', '{\"customer_unit\": \"asdz\", \"work_order_id\": 16, \"team_leader_id\": 6, \"detail_requirement_id\": 3}', '127.0.0.1', 'Mozilla/5.0 (Windows NT 10.0; Win64; x64) AppleWebKit/537.36 (KHTML, like Gecko) Chrome/143.0.0.0 Safari/537.36', '2026-01-12 16:09:31');
INSERT INTO `audit_logs` VALUES (116, 1, 'dispatch', 'task', 29, '派单详细需求：aasd（理想公司），组长：张希', '{\"customer_unit\": \"aasd\", \"work_order_id\": 17, \"team_leader_id\": 9, \"detail_requirement_id\": 4}', '127.0.0.1', 'Mozilla/5.0 (Windows NT 10.0; Win64; x64) AppleWebKit/537.36 (KHTML, like Gecko) Chrome/143.0.0.0 Safari/537.36', '2026-01-12 16:12:28');
INSERT INTO `audit_logs` VALUES (117, 1, 'dispatch', 'task', 29, '派单详细需求：ASDA（理想公司），组长：张希', '{\"customer_unit\": \"ASDA\", \"work_order_id\": 18, \"team_leader_id\": 9, \"detail_requirement_id\": 9}', '127.0.0.1', 'Mozilla/5.0 (Windows NT 10.0; Win64; x64) AppleWebKit/537.36 (KHTML, like Gecko) Chrome/143.0.0.0 Safari/537.36', '2026-01-12 16:12:40');
INSERT INTO `audit_logs` VALUES (118, 1, 'dispatch', 'task', 29, '派单详细需求：asdasda（理想公司），组长：小李', '{\"customer_unit\": \"asdasda\", \"work_order_id\": 19, \"team_leader_id\": 6, \"detail_requirement_id\": 8}', '127.0.0.1', 'Mozilla/5.0 (Windows NT 10.0; Win64; x64) AppleWebKit/537.36 (KHTML, like Gecko) Chrome/143.0.0.0 Safari/537.36', '2026-01-12 16:12:42');
INSERT INTO `audit_logs` VALUES (119, 1, 'dispatch', 'task', 29, '派单详细需求：asda（理想公司），组长：小李', '{\"customer_unit\": \"asda\", \"work_order_id\": 20, \"team_leader_id\": 6, \"detail_requirement_id\": 7}', '127.0.0.1', 'Mozilla/5.0 (Windows NT 10.0; Win64; x64) AppleWebKit/537.36 (KHTML, like Gecko) Chrome/143.0.0.0 Safari/537.36', '2026-01-12 16:12:46');
INSERT INTO `audit_logs` VALUES (120, 1, 'dispatch', 'task', 29, '派单详细需求：aasd（理想公司），组长：小红', '{\"customer_unit\": \"aasd\", \"work_order_id\": 21, \"team_leader_id\": 4, \"detail_requirement_id\": 6}', '127.0.0.1', 'Mozilla/5.0 (Windows NT 10.0; Win64; x64) AppleWebKit/537.36 (KHTML, like Gecko) Chrome/143.0.0.0 Safari/537.36', '2026-01-12 16:12:48');
INSERT INTO `audit_logs` VALUES (121, 1, 'dispatch', 'task', 29, '派单详细需求：asdz（理想公司），组长：张希', '{\"customer_unit\": \"asdz\", \"work_order_id\": 22, \"team_leader_id\": 9, \"detail_requirement_id\": 5}', '127.0.0.1', 'Mozilla/5.0 (Windows NT 10.0; Win64; x64) AppleWebKit/537.36 (KHTML, like Gecko) Chrome/143.0.0.0 Safari/537.36', '2026-01-12 16:12:51');
INSERT INTO `audit_logs` VALUES (122, 6, 'assign', 'work_order', 20, '转派工单：WO29-R7-1768176766，成员：张三', '{\"member_id\": 5, \"task_name\": \"理想公司\"}', '127.0.0.1', 'Mozilla/5.0 (Windows NT 10.0; Win64; x64) AppleWebKit/537.36 (KHTML, like Gecko) Chrome/143.0.0.0 Safari/537.36 Edg/143.0.0.0', '2026-01-12 16:36:00');
INSERT INTO `audit_logs` VALUES (123, 6, 'assign', 'work_order', 19, '转派工单：WO29-R8-1768176762，成员：李俊', '{\"member_id\": 7, \"task_name\": \"理想公司\"}', '127.0.0.1', 'Mozilla/5.0 (Windows NT 10.0; Win64; x64) AppleWebKit/537.36 (KHTML, like Gecko) Chrome/143.0.0.0 Safari/537.36 Edg/143.0.0.0', '2026-01-12 16:36:05');
INSERT INTO `audit_logs` VALUES (124, 6, 'assign', 'work_order', 16, '转派工单：WO29-R3-1768176571，成员：李明', '{\"member_id\": 8, \"task_name\": \"理想公司\"}', '127.0.0.1', 'Mozilla/5.0 (Windows NT 10.0; Win64; x64) AppleWebKit/537.36 (KHTML, like Gecko) Chrome/143.0.0.0 Safari/537.36 Edg/143.0.0.0', '2026-01-12 16:36:11');
INSERT INTO `audit_logs` VALUES (125, 6, 'assign', 'work_order', 15, '转派工单：WO28-R1-1768175532，成员：李俊', '{\"member_id\": 7, \"task_name\": \"sdfgh\"}', '127.0.0.1', 'Mozilla/5.0 (Windows NT 10.0; Win64; x64) AppleWebKit/537.36 (KHTML, like Gecko) Chrome/143.0.0.0 Safari/537.36 Edg/143.0.0.0', '2026-01-12 16:36:15');
INSERT INTO `audit_logs` VALUES (126, 6, 'assign', 'work_order', 11, '转派工单：WO20-1768166074，成员：张三', '{\"member_id\": 5, \"task_name\": \"asda\"}', '127.0.0.1', 'Mozilla/5.0 (Windows NT 10.0; Win64; x64) AppleWebKit/537.36 (KHTML, like Gecko) Chrome/143.0.0.0 Safari/537.36 Edg/143.0.0.0', '2026-01-12 16:36:20');
INSERT INTO `audit_logs` VALUES (127, 6, 'assign', 'work_order', 8, '转派工单：WO23-1768154594，成员：李明', '{\"member_id\": 8, \"task_name\": \"asda\"}', '127.0.0.1', 'Mozilla/5.0 (Windows NT 10.0; Win64; x64) AppleWebKit/537.36 (KHTML, like Gecko) Chrome/143.0.0.0 Safari/537.36 Edg/143.0.0.0', '2026-01-12 16:46:37');
INSERT INTO `audit_logs` VALUES (128, 1, 'update', 'user', 35, '审核通过用户：lis', 'null', '127.0.0.1', 'Mozilla/5.0 (Windows NT 10.0; Win64; x64) AppleWebKit/537.36 (KHTML, like Gecko) Chrome/143.0.0.0 Safari/537.36 Edg/143.0.0.0', '2026-01-13 09:35:30');
INSERT INTO `audit_logs` VALUES (129, 1, 'update', 'user', 35, '审核通过用户：lis，角色：team_leader, member', 'null', '127.0.0.1', 'Mozilla/5.0 (Windows NT 10.0; Win64; x64) AppleWebKit/537.36 (KHTML, like Gecko) Chrome/143.0.0.0 Safari/537.36 Edg/143.0.0.0', '2026-01-13 09:41:19');
INSERT INTO `audit_logs` VALUES (130, 1, 'delete', 'user', 28, '删除用户：uyjin', 'null', '127.0.0.1', 'Mozilla/5.0 (Windows NT 10.0; Win64; x64) AppleWebKit/537.36 (KHTML, like Gecko) Chrome/143.0.0.0 Safari/537.36 Edg/143.0.0.0', '2026-01-13 09:41:46');
INSERT INTO `audit_logs` VALUES (131, 1, 'delete', 'user', 29, '删除用户：asdasdasda', 'null', '127.0.0.1', 'Mozilla/5.0 (Windows NT 10.0; Win64; x64) AppleWebKit/537.36 (KHTML, like Gecko) Chrome/143.0.0.0 Safari/537.36 Edg/143.0.0.0', '2026-01-13 09:41:48');
INSERT INTO `audit_logs` VALUES (132, 35, 'update', 'user', 35, '切换角色：从 member 切换到 team_leader', 'null', '127.0.0.1', 'Mozilla/5.0 (Windows NT 10.0; Win64; x64) AppleWebKit/537.36 (KHTML, like Gecko) Chrome/143.0.0.0 Safari/537.36 Edg/143.0.0.0', '2026-01-13 09:56:55');
INSERT INTO `audit_logs` VALUES (133, 35, 'update', 'user', 35, '切换角色：从 team_leader 切换到 member', 'null', '127.0.0.1', 'Mozilla/5.0 (Windows NT 10.0; Win64; x64) AppleWebKit/537.36 (KHTML, like Gecko) Chrome/143.0.0.0 Safari/537.36 Edg/143.0.0.0', '2026-01-13 09:57:50');
INSERT INTO `audit_logs` VALUES (134, 35, 'update', 'user', 35, '切换角色：从 member 切换到 team_leader', 'null', '127.0.0.1', 'Mozilla/5.0 (Windows NT 10.0; Win64; x64) AppleWebKit/537.36 (KHTML, like Gecko) Chrome/143.0.0.0 Safari/537.36 Edg/143.0.0.0', '2026-01-13 09:57:52');
INSERT INTO `audit_logs` VALUES (135, 35, 'update', 'user', 35, '切换角色：从 team_leader 切换到 member', 'null', '127.0.0.1', 'Mozilla/5.0 (Windows NT 10.0; Win64; x64) AppleWebKit/537.36 (KHTML, like Gecko) Chrome/143.0.0.0 Safari/537.36 Edg/143.0.0.0', '2026-01-13 09:58:08');
INSERT INTO `audit_logs` VALUES (136, 35, 'update', 'user', 35, '切换角色：从 member 切换到 team_leader', 'null', '127.0.0.1', 'Mozilla/5.0 (Windows NT 10.0; Win64; x64) AppleWebKit/537.36 (KHTML, like Gecko) Chrome/143.0.0.0 Safari/537.36 Edg/143.0.0.0', '2026-01-13 09:58:20');
INSERT INTO `audit_logs` VALUES (137, 1, 'update', 'user', 36, '审核通过用户：test，角色：task_initiator, sales_contact, team_leader, member', 'null', '127.0.0.1', 'Mozilla/5.0 (Windows NT 10.0; Win64; x64) AppleWebKit/537.36 (KHTML, like Gecko) Chrome/143.0.0.0 Safari/537.36 Edg/143.0.0.0', '2026-01-13 10:10:00');
INSERT INTO `audit_logs` VALUES (138, 36, 'update', 'user', 36, '切换角色：从 member 切换到 task_initiator', 'null', '127.0.0.1', 'Mozilla/5.0 (Windows NT 10.0; Win64; x64) AppleWebKit/537.36 (KHTML, like Gecko) Chrome/143.0.0.0 Safari/537.36 Edg/143.0.0.0', '2026-01-13 10:10:36');
INSERT INTO `audit_logs` VALUES (139, 36, 'update', 'user', 36, '切换角色：从 task_initiator 切换到 sales_contact', 'null', '127.0.0.1', 'Mozilla/5.0 (Windows NT 10.0; Win64; x64) AppleWebKit/537.36 (KHTML, like Gecko) Chrome/143.0.0.0 Safari/537.36 Edg/143.0.0.0', '2026-01-13 10:11:04');
INSERT INTO `audit_logs` VALUES (140, 36, 'update', 'user', 36, '切换角色：从 sales_contact 切换到 task_initiator', 'null', '127.0.0.1', 'Mozilla/5.0 (Windows NT 10.0; Win64; x64) AppleWebKit/537.36 (KHTML, like Gecko) Chrome/143.0.0.0 Safari/537.36 Edg/143.0.0.0', '2026-01-13 10:11:43');
INSERT INTO `audit_logs` VALUES (141, 36, 'create', 'task', 30, '创建任务：测试', 'null', '127.0.0.1', 'Mozilla/5.0 (Windows NT 10.0; Win64; x64) AppleWebKit/537.36 (KHTML, like Gecko) Chrome/143.0.0.0 Safari/537.36 Edg/143.0.0.0', '2026-01-13 10:24:12');
INSERT INTO `audit_logs` VALUES (142, 1, 'confirm', 'task', 30, '确认任务：测试，已自动派发给 1 个销售单位接口人', 'null', '127.0.0.1', 'Mozilla/5.0 (Windows NT 10.0; Win64; x64) AppleWebKit/537.36 (KHTML, like Gecko) Chrome/143.0.0.0 Safari/537.36 Edg/143.0.0.0', '2026-01-13 10:32:01');
INSERT INTO `audit_logs` VALUES (143, 36, 'update', 'user', 36, '切换角色：从 task_initiator 切换到 sales_contact', 'null', '127.0.0.1', 'Mozilla/5.0 (Windows NT 10.0; Win64; x64) AppleWebKit/537.36 (KHTML, like Gecko) Chrome/143.0.0.0 Safari/537.36 Edg/143.0.0.0', '2026-01-13 10:32:20');
INSERT INTO `audit_logs` VALUES (144, 36, 'submit', 'task', 30, '批量导入详细需求单：测试，成功导入 2 条', '{\"failed_count\": 0, \"success_count\": 2}', '127.0.0.1', 'Mozilla/5.0 (Windows NT 10.0; Win64; x64) AppleWebKit/537.36 (KHTML, like Gecko) Chrome/143.0.0.0 Safari/537.36 Edg/143.0.0.0', '2026-01-13 10:32:28');
INSERT INTO `audit_logs` VALUES (145, 36, 'update', 'user', 36, '切换角色：从 sales_contact 切换到 team_leader', 'null', '127.0.0.1', 'Mozilla/5.0 (Windows NT 10.0; Win64; x64) AppleWebKit/537.36 (KHTML, like Gecko) Chrome/143.0.0.0 Safari/537.36 Edg/143.0.0.0', '2026-01-13 10:37:20');
INSERT INTO `audit_logs` VALUES (146, 1, 'dispatch', 'task', 30, '派单详细需求：aasd（测试），组长：test', '{\"customer_unit\": \"aasd\", \"work_order_id\": 23, \"team_leader_id\": 36, \"detail_requirement_id\": 11}', '127.0.0.1', 'Mozilla/5.0 (Windows NT 10.0; Win64; x64) AppleWebKit/537.36 (KHTML, like Gecko) Chrome/143.0.0.0 Safari/537.36 Edg/143.0.0.0', '2026-01-13 10:44:32');
INSERT INTO `audit_logs` VALUES (147, 1, 'dispatch', 'task', 30, '派单详细需求：asdz（测试），组长：test', '{\"customer_unit\": \"asdz\", \"work_order_id\": 24, \"team_leader_id\": 36, \"detail_requirement_id\": 10}', '127.0.0.1', 'Mozilla/5.0 (Windows NT 10.0; Win64; x64) AppleWebKit/537.36 (KHTML, like Gecko) Chrome/143.0.0.0 Safari/537.36 Edg/143.0.0.0', '2026-01-13 10:44:34');
INSERT INTO `audit_logs` VALUES (148, 36, 'assign', 'work_order', 23, '转派工单：WO30-R11-1768243471，成员：test', '{\"member_id\": 36, \"task_name\": \"测试\"}', '127.0.0.1', 'Mozilla/5.0 (Windows NT 10.0; Win64; x64) AppleWebKit/537.36 (KHTML, like Gecko) Chrome/143.0.0.0 Safari/537.36 Edg/143.0.0.0', '2026-01-13 10:44:52');
INSERT INTO `audit_logs` VALUES (149, 36, 'assign', 'work_order', 24, '转派工单：WO30-R10-1768243474，成员：test', '{\"member_id\": 36, \"task_name\": \"测试\"}', '127.0.0.1', 'Mozilla/5.0 (Windows NT 10.0; Win64; x64) AppleWebKit/537.36 (KHTML, like Gecko) Chrome/143.0.0.0 Safari/537.36 Edg/143.0.0.0', '2026-01-13 10:45:01');
INSERT INTO `audit_logs` VALUES (150, 36, 'update', 'user', 36, '切换角色：从 team_leader 切换到 member', 'null', '127.0.0.1', 'Mozilla/5.0 (Windows NT 10.0; Win64; x64) AppleWebKit/537.36 (KHTML, like Gecko) Chrome/143.0.0.0 Safari/537.36 Edg/143.0.0.0', '2026-01-13 10:45:09');
INSERT INTO `audit_logs` VALUES (151, 36, 'accept', 'work_order', 24, '接单：WO30-R10-1768243474', '{\"task_name\": \"测试\", \"work_order_no\": \"WO30-R10-1768243474\"}', '127.0.0.1', 'Mozilla/5.0 (Windows NT 10.0; Win64; x64) AppleWebKit/537.36 (KHTML, like Gecko) Chrome/143.0.0.0 Safari/537.36 Edg/143.0.0.0', '2026-01-13 10:45:31');
INSERT INTO `audit_logs` VALUES (152, 36, 'accept', 'work_order', 23, '接单：WO30-R11-1768243471', '{\"task_name\": \"测试\", \"work_order_no\": \"WO30-R11-1768243471\"}', '127.0.0.1', 'Mozilla/5.0 (Windows NT 10.0; Win64; x64) AppleWebKit/537.36 (KHTML, like Gecko) Chrome/143.0.0.0 Safari/537.36 Edg/143.0.0.0', '2026-01-13 10:45:34');
INSERT INTO `audit_logs` VALUES (153, 36, 'update', 'user', 36, '切换角色：从 member 切换到 team_leader', 'null', '127.0.0.1', 'Mozilla/5.0 (Windows NT 10.0; Win64; x64) AppleWebKit/537.36 (KHTML, like Gecko) Chrome/143.0.0.0 Safari/537.36 Edg/143.0.0.0', '2026-01-13 10:50:08');
INSERT INTO `audit_logs` VALUES (154, 36, 'update', 'user', 36, '切换角色：从 team_leader 切换到 member', 'null', '127.0.0.1', 'Mozilla/5.0 (Windows NT 10.0; Win64; x64) AppleWebKit/537.36 (KHTML, like Gecko) Chrome/143.0.0.0 Safari/537.36 Edg/143.0.0.0', '2026-01-13 10:50:13');
INSERT INTO `audit_logs` VALUES (155, 36, 'create', 'visit_log', 4, '添加拜访日志：工单 WO30-R10-1768243474，有商机需求，商机编号：adas', '{\"task_name\": \"测试\", \"visit_date\": \"2026-01-21\", \"work_order_id\": 24, \"work_order_no\": \"WO30-R10-1768243474\", \"opportunity_no\": \"adas\", \"has_opportunity\": true}', '127.0.0.1', 'Mozilla/5.0 (Windows NT 10.0; Win64; x64) AppleWebKit/537.36 (KHTML, like Gecko) Chrome/143.0.0.0 Safari/537.36 Edg/143.0.0.0', '2026-01-13 10:51:36');
INSERT INTO `audit_logs` VALUES (156, 1, 'update', 'user', 37, '审核通过用户：asdad，角色：team_leader, member', 'null', '127.0.0.1', 'Mozilla/5.0 (Windows NT 10.0; Win64; x64) AppleWebKit/537.36 (KHTML, like Gecko) Chrome/143.0.0.0 Safari/537.36 Edg/143.0.0.0', '2026-01-13 11:12:18');
INSERT INTO `audit_logs` VALUES (157, 36, 'update', 'user', 36, '切换角色：从 member 切换到 task_initiator', 'null', '127.0.0.1', 'Mozilla/5.0 (Windows NT 10.0; Win64; x64) AppleWebKit/537.36 (KHTML, like Gecko) Chrome/143.0.0.0 Safari/537.36 Edg/143.0.0.0', '2026-01-13 11:16:02');
INSERT INTO `audit_logs` VALUES (158, 36, 'create', 'task', 31, '创建任务：asdas', 'null', '127.0.0.1', 'Mozilla/5.0 (Windows NT 10.0; Win64; x64) AppleWebKit/537.36 (KHTML, like Gecko) Chrome/143.0.0.0 Safari/537.36 Edg/143.0.0.0', '2026-01-13 11:16:16');
INSERT INTO `audit_logs` VALUES (159, 1, 'confirm', 'task', 31, '确认任务：asdas，已自动派发给 1 个销售单位接口人', 'null', '127.0.0.1', 'Mozilla/5.0 (Windows NT 10.0; Win64; x64) AppleWebKit/537.36 (KHTML, like Gecko) Chrome/143.0.0.0 Safari/537.36 Edg/143.0.0.0', '2026-01-13 11:17:08');
INSERT INTO `audit_logs` VALUES (160, 36, 'update', 'user', 36, '切换角色：从 task_initiator 切换到 sales_contact', 'null', '127.0.0.1', 'Mozilla/5.0 (Windows NT 10.0; Win64; x64) AppleWebKit/537.36 (KHTML, like Gecko) Chrome/143.0.0.0 Safari/537.36 Edg/143.0.0.0', '2026-01-13 11:17:19');
INSERT INTO `audit_logs` VALUES (161, 36, 'submit', 'task', 31, '批量导入详细需求单：asdas，成功导入 2 条', '{\"failed_count\": 0, \"success_count\": 2}', '127.0.0.1', 'Mozilla/5.0 (Windows NT 10.0; Win64; x64) AppleWebKit/537.36 (KHTML, like Gecko) Chrome/143.0.0.0 Safari/537.36 Edg/143.0.0.0', '2026-01-13 11:17:38');
INSERT INTO `audit_logs` VALUES (162, 1, 'dispatch', 'task', 31, '派单详细需求：aasd（asdas），组长：test', '{\"customer_unit\": \"aasd\", \"work_order_id\": 25, \"team_leader_id\": 36, \"detail_requirement_id\": 13}', '127.0.0.1', 'Mozilla/5.0 (Windows NT 10.0; Win64; x64) AppleWebKit/537.36 (KHTML, like Gecko) Chrome/143.0.0.0 Safari/537.36 Edg/143.0.0.0', '2026-01-13 11:18:15');
INSERT INTO `audit_logs` VALUES (163, 1, 'dispatch', 'task', 31, '派单详细需求：asdz（asdas），组长：test', '{\"customer_unit\": \"asdz\", \"work_order_id\": 26, \"team_leader_id\": 36, \"detail_requirement_id\": 12}', '127.0.0.1', 'Mozilla/5.0 (Windows NT 10.0; Win64; x64) AppleWebKit/537.36 (KHTML, like Gecko) Chrome/143.0.0.0 Safari/537.36 Edg/143.0.0.0', '2026-01-13 11:18:17');
INSERT INTO `audit_logs` VALUES (164, 36, 'update', 'user', 36, '切换角色：从 sales_contact 切换到 team_leader', 'null', '127.0.0.1', 'Mozilla/5.0 (Windows NT 10.0; Win64; x64) AppleWebKit/537.36 (KHTML, like Gecko) Chrome/143.0.0.0 Safari/537.36 Edg/143.0.0.0', '2026-01-13 11:18:49');
INSERT INTO `audit_logs` VALUES (165, 36, 'assign', 'work_order', 26, '转派工单：WO31-R12-1768245497，成员：test', '{\"member_id\": 36, \"task_name\": \"asdas\"}', '127.0.0.1', 'Mozilla/5.0 (Windows NT 10.0; Win64; x64) AppleWebKit/537.36 (KHTML, like Gecko) Chrome/143.0.0.0 Safari/537.36 Edg/143.0.0.0', '2026-01-13 11:18:55');
INSERT INTO `audit_logs` VALUES (166, 36, 'assign', 'work_order', 25, '转派工单：WO31-R13-1768245495，成员：test', '{\"member_id\": 36, \"task_name\": \"asdas\"}', '127.0.0.1', 'Mozilla/5.0 (Windows NT 10.0; Win64; x64) AppleWebKit/537.36 (KHTML, like Gecko) Chrome/143.0.0.0 Safari/537.36 Edg/143.0.0.0', '2026-01-13 11:19:00');
INSERT INTO `audit_logs` VALUES (167, 36, 'create', 'review', 2, '创建复盘：工单 WO30-R10-1768243474，任务：测试', '{\"task_name\": \"测试\", \"visit_log_id\": 4, \"work_order_id\": 24, \"work_order_no\": \"WO30-R10-1768243474\"}', '127.0.0.1', 'Mozilla/5.0 (Windows NT 10.0; Win64; x64) AppleWebKit/537.36 (KHTML, like Gecko) Chrome/143.0.0.0 Safari/537.36 Edg/143.0.0.0', '2026-01-13 11:19:11');
INSERT INTO `audit_logs` VALUES (168, 36, 'create', 'opportunity', 2, '创建商机：asdsa，客户单位：ada', '{\"task_id\": 30, \"customer_unit\": \"ada\", \"opportunity_no\": \"asdsa\"}', '127.0.0.1', 'Mozilla/5.0 (Windows NT 10.0; Win64; x64) AppleWebKit/537.36 (KHTML, like Gecko) Chrome/143.0.0.0 Safari/537.36 Edg/143.0.0.0', '2026-01-13 11:19:24');
INSERT INTO `audit_logs` VALUES (169, 36, 'update', 'user', 36, '切换角色：从 team_leader 切换到 member', 'null', '127.0.0.1', 'Mozilla/5.0 (Windows NT 10.0; Win64; x64) AppleWebKit/537.36 (KHTML, like Gecko) Chrome/143.0.0.0 Safari/537.36 Edg/143.0.0.0', '2026-01-13 11:19:28');
INSERT INTO `audit_logs` VALUES (170, 36, 'accept', 'work_order', 25, '接单：WO31-R13-1768245495', '{\"task_name\": \"asdas\", \"work_order_no\": \"WO31-R13-1768245495\"}', '127.0.0.1', 'Mozilla/5.0 (Windows NT 10.0; Win64; x64) AppleWebKit/537.36 (KHTML, like Gecko) Chrome/143.0.0.0 Safari/537.36 Edg/143.0.0.0', '2026-01-13 11:19:34');
INSERT INTO `audit_logs` VALUES (171, 36, 'accept', 'work_order', 26, '接单：WO31-R12-1768245497', '{\"task_name\": \"asdas\", \"work_order_no\": \"WO31-R12-1768245497\"}', '127.0.0.1', 'Mozilla/5.0 (Windows NT 10.0; Win64; x64) AppleWebKit/537.36 (KHTML, like Gecko) Chrome/143.0.0.0 Safari/537.36 Edg/143.0.0.0', '2026-01-13 11:19:36');
INSERT INTO `audit_logs` VALUES (172, 2, 'create', 'task', 32, '创建任务：adadas', 'null', '127.0.0.1', 'Mozilla/5.0 (Windows NT 10.0; Win64; x64) AppleWebKit/537.36 (KHTML, like Gecko) Chrome/143.0.0.0 Safari/537.36 Edg/143.0.0.0', '2026-01-14 09:19:49');
INSERT INTO `audit_logs` VALUES (173, 1, 'confirm', 'task', 32, '确认任务：adadas，已自动派发给 3 个销售单位接口人', 'null', '127.0.0.1', 'Mozilla/5.0 (Windows NT 10.0; Win64; x64) AppleWebKit/537.36 (KHTML, like Gecko) Chrome/143.0.0.0 Safari/537.36 Edg/143.0.0.0', '2026-01-14 09:20:03');
INSERT INTO `audit_logs` VALUES (174, 34, 'submit', 'task', 32, '批量导入详细需求单：adadas，成功导入 2 条', '{\"failed_count\": 0, \"success_count\": 2}', '127.0.0.1', 'Mozilla/5.0 (Windows NT 10.0; Win64; x64) AppleWebKit/537.36 (KHTML, like Gecko) Chrome/143.0.0.0 Safari/537.36 Edg/143.0.0.0', '2026-01-14 09:20:43');
INSERT INTO `audit_logs` VALUES (175, 1, 'dispatch', 'task', 32, '派单详细需求：aasd（adadas），组长：小李', '{\"customer_unit\": \"aasd\", \"work_order_id\": 27, \"team_leader_id\": 6, \"detail_requirement_id\": 15}', '127.0.0.1', 'Mozilla/5.0 (Windows NT 10.0; Win64; x64) AppleWebKit/537.36 (KHTML, like Gecko) Chrome/143.0.0.0 Safari/537.36 Edg/143.0.0.0', '2026-01-14 09:21:20');
INSERT INTO `audit_logs` VALUES (176, 1, 'dispatch', 'task', 32, '派单详细需求：asdz（adadas），组长：小红', '{\"customer_unit\": \"asdz\", \"work_order_id\": 28, \"team_leader_id\": 4, \"detail_requirement_id\": 14}', '127.0.0.1', 'Mozilla/5.0 (Windows NT 10.0; Win64; x64) AppleWebKit/537.36 (KHTML, like Gecko) Chrome/143.0.0.0 Safari/537.36 Edg/143.0.0.0', '2026-01-14 09:21:32');
INSERT INTO `audit_logs` VALUES (177, 4, 'assign', 'work_order', 28, '转派工单：WO32-R14-1768324892，成员：张三', '{\"member_id\": 5, \"task_name\": \"adadas\"}', '127.0.0.1', 'Mozilla/5.0 (Windows NT 10.0; Win64; x64) AppleWebKit/537.36 (KHTML, like Gecko) Chrome/143.0.0.0 Safari/537.36 Edg/143.0.0.0', '2026-01-14 09:22:14');
INSERT INTO `audit_logs` VALUES (178, 4, 'assign', 'work_order', 21, '转派工单：WO29-R6-1768176768，成员：张三', '{\"member_id\": 5, \"task_name\": \"理想公司\"}', '127.0.0.1', 'Mozilla/5.0 (Windows NT 10.0; Win64; x64) AppleWebKit/537.36 (KHTML, like Gecko) Chrome/143.0.0.0 Safari/537.36 Edg/143.0.0.0', '2026-01-14 09:22:22');
INSERT INTO `audit_logs` VALUES (179, 5, 'accept', 'work_order', 21, '接单：WO29-R6-1768176768', '{\"task_name\": \"理想公司\", \"work_order_no\": \"WO29-R6-1768176768\"}', '127.0.0.1', 'Mozilla/5.0 (Windows NT 10.0; Win64; x64) AppleWebKit/537.36 (KHTML, like Gecko) Chrome/143.0.0.0 Safari/537.36 Edg/143.0.0.0', '2026-01-14 09:23:03');
INSERT INTO `audit_logs` VALUES (180, 5, 'accept', 'work_order', 28, '接单：WO32-R14-1768324892', '{\"task_name\": \"adadas\", \"work_order_no\": \"WO32-R14-1768324892\"}', '127.0.0.1', 'Mozilla/5.0 (Windows NT 10.0; Win64; x64) AppleWebKit/537.36 (KHTML, like Gecko) Chrome/143.0.0.0 Safari/537.36 Edg/143.0.0.0', '2026-01-14 09:23:06');
INSERT INTO `audit_logs` VALUES (181, 5, 'accept', 'work_order', 11, '接单：WO20-1768166074', '{\"task_name\": \"asda\", \"work_order_no\": \"WO20-1768166074\"}', '127.0.0.1', 'Mozilla/5.0 (Windows NT 10.0; Win64; x64) AppleWebKit/537.36 (KHTML, like Gecko) Chrome/143.0.0.0 Safari/537.36 Edg/143.0.0.0', '2026-01-14 09:23:08');
INSERT INTO `audit_logs` VALUES (182, 5, 'accept', 'work_order', 20, '接单：WO29-R7-1768176766', '{\"task_name\": \"理想公司\", \"work_order_no\": \"WO29-R7-1768176766\"}', '127.0.0.1', 'Mozilla/5.0 (Windows NT 10.0; Win64; x64) AppleWebKit/537.36 (KHTML, like Gecko) Chrome/143.0.0.0 Safari/537.36 Edg/143.0.0.0', '2026-01-14 09:23:10');
INSERT INTO `audit_logs` VALUES (183, 6, 'assign', 'work_order', 27, '转派工单：WO32-R15-1768324880，成员：李俊', '{\"member_id\": 7, \"task_name\": \"adadas\"}', '127.0.0.1', 'Mozilla/5.0 (Windows NT 10.0; Win64; x64) AppleWebKit/537.36 (KHTML, like Gecko) Chrome/143.0.0.0 Safari/537.36 Edg/143.0.0.0', '2026-01-14 09:29:15');
INSERT INTO `audit_logs` VALUES (184, 1, 'reset_password', 'user', 7, '重置用户密码：李俊', 'null', '127.0.0.1', 'Mozilla/5.0 (Windows NT 10.0; Win64; x64) AppleWebKit/537.36 (KHTML, like Gecko) Chrome/143.0.0.0 Safari/537.36 Edg/143.0.0.0', '2026-01-14 09:32:57');
INSERT INTO `audit_logs` VALUES (185, 7, 'accept', 'work_order', 27, '接单：WO32-R15-1768324880', '{\"task_name\": \"adadas\", \"work_order_no\": \"WO32-R15-1768324880\"}', '127.0.0.1', 'Mozilla/5.0 (Windows NT 10.0; Win64; x64) AppleWebKit/537.36 (KHTML, like Gecko) Chrome/143.0.0.0 Safari/537.36 Edg/143.0.0.0', '2026-01-14 09:35:38');
INSERT INTO `audit_logs` VALUES (186, 7, 'accept', 'work_order', 15, '接单：WO28-R1-1768175532', '{\"task_name\": \"sdfgh\", \"work_order_no\": \"WO28-R1-1768175532\"}', '127.0.0.1', 'Mozilla/5.0 (Windows NT 10.0; Win64; x64) AppleWebKit/537.36 (KHTML, like Gecko) Chrome/143.0.0.0 Safari/537.36 Edg/143.0.0.0', '2026-01-14 09:35:42');
INSERT INTO `audit_logs` VALUES (187, 7, 'accept', 'work_order', 19, '接单：WO29-R8-1768176762', '{\"task_name\": \"理想公司\", \"work_order_no\": \"WO29-R8-1768176762\"}', '127.0.0.1', 'Mozilla/5.0 (Windows NT 10.0; Win64; x64) AppleWebKit/537.36 (KHTML, like Gecko) Chrome/143.0.0.0 Safari/537.36 Edg/143.0.0.0', '2026-01-14 09:35:44');
INSERT INTO `audit_logs` VALUES (188, 4, 'assign', 'work_order', 7, '转派工单：WO24-1768154314，成员：张三', '{\"member_id\": 5, \"task_name\": \"dwd\"}', '127.0.0.1', 'Mozilla/5.0 (Windows NT 10.0; Win64; x64) AppleWebKit/537.36 (KHTML, like Gecko) Chrome/143.0.0.0 Safari/537.36 Edg/143.0.0.0', '2026-01-14 09:37:29');
INSERT INTO `audit_logs` VALUES (189, 5, 'accept', 'work_order', 7, '接单：WO24-1768154314', '{\"task_name\": \"dwd\", \"work_order_no\": \"WO24-1768154314\"}', '127.0.0.1', 'Mozilla/5.0 (Windows NT 10.0; Win64; x64) AppleWebKit/537.36 (KHTML, like Gecko) Chrome/143.0.0.0 Safari/537.36 Edg/143.0.0.0', '2026-01-14 09:58:14');
INSERT INTO `audit_logs` VALUES (190, 5, 'update', 'visit_log', 3, '更新拜访日志：工单 WO11-1767910342', '{\"work_order_id\": 6, \"updated_fields\": [\"visit_date\", \"visit_content\", \"visit_summary\", \"visit_object_position\", \"has_decision_authority\", \"has_opportunity\", \"opportunity_no\"]}', '127.0.0.1', 'Mozilla/5.0 (Windows NT 10.0; Win64; x64) AppleWebKit/537.36 (KHTML, like Gecko) Chrome/143.0.0.0 Safari/537.36 Edg/143.0.0.0', '2026-01-14 10:04:48');
INSERT INTO `audit_logs` VALUES (191, 5, 'create', 'visit_log', 5, '添加拜访日志：工单 WO9-1768155247，有商机需求，商机编号：asdsa', '{\"task_name\": \"asda\", \"visit_date\": \"2026-01-14\", \"work_order_id\": 10, \"work_order_no\": \"WO9-1768155247\", \"opportunity_no\": \"asdsa\", \"has_opportunity\": true}', '127.0.0.1', 'Mozilla/5.0 (Windows NT 10.0; Win64; x64) AppleWebKit/537.36 (KHTML, like Gecko) Chrome/143.0.0.0 Safari/537.36 Edg/143.0.0.0', '2026-01-14 10:05:16');
INSERT INTO `audit_logs` VALUES (193, 1, 'create', 'group', 5, '创建组：asda', 'null', '127.0.0.1', 'Mozilla/5.0 (Windows NT 10.0; Win64; x64) AppleWebKit/537.36 (KHTML, like Gecko) Chrome/143.0.0.0 Safari/537.36', '2026-01-14 10:28:22');
INSERT INTO `audit_logs` VALUES (194, 1, 'create', 'group', 6, '创建组：asdadas', 'null', '127.0.0.1', 'Mozilla/5.0 (Windows NT 10.0; Win64; x64) AppleWebKit/537.36 (KHTML, like Gecko) Chrome/143.0.0.0 Safari/537.36', '2026-01-14 10:30:06');
INSERT INTO `audit_logs` VALUES (195, 1, 'create', 'group', 7, '创建组：asdas', 'null', '127.0.0.1', 'Mozilla/5.0 (Windows NT 10.0; Win64; x64) AppleWebKit/537.36 (KHTML, like Gecko) Chrome/143.0.0.0 Safari/537.36', '2026-01-14 10:32:20');
INSERT INTO `audit_logs` VALUES (196, 1, 'delete', 'group', 1, '删除组：蛟龙', 'null', '127.0.0.1', 'Mozilla/5.0 (Windows NT 10.0; Win64; x64) AppleWebKit/537.36 (KHTML, like Gecko) Chrome/143.0.0.0 Safari/537.36', '2026-01-14 10:32:27');
INSERT INTO `audit_logs` VALUES (197, 1, 'delete', 'group', 3, '删除组：龙鲨', 'null', '127.0.0.1', 'Mozilla/5.0 (Windows NT 10.0; Win64; x64) AppleWebKit/537.36 (KHTML, like Gecko) Chrome/143.0.0.0 Safari/537.36', '2026-01-14 10:32:29');
INSERT INTO `audit_logs` VALUES (198, 1, 'update', 'group', 4, '更新组：饕餮你', 'null', '127.0.0.1', 'Mozilla/5.0 (Windows NT 10.0; Win64; x64) AppleWebKit/537.36 (KHTML, like Gecko) Chrome/143.0.0.0 Safari/537.36', '2026-01-14 10:32:38');
INSERT INTO `audit_logs` VALUES (199, 1, 'update', 'group', 7, '更新组：asdas', 'null', '127.0.0.1', 'Mozilla/5.0 (Windows NT 10.0; Win64; x64) AppleWebKit/537.36 (KHTML, like Gecko) Chrome/143.0.0.0 Safari/537.36', '2026-01-14 10:32:44');
INSERT INTO `audit_logs` VALUES (200, 1, 'update', 'group', 5, '从组 asda 移除 1 个成员', 'null', '127.0.0.1', 'Mozilla/5.0 (Windows NT 10.0; Win64; x64) AppleWebKit/537.36 (KHTML, like Gecko) Chrome/143.0.0.0 Safari/537.36', '2026-01-14 10:32:47');
INSERT INTO `audit_logs` VALUES (201, 1, 'update', 'group', 5, '从组 asda 移除 1 个成员', 'null', '127.0.0.1', 'Mozilla/5.0 (Windows NT 10.0; Win64; x64) AppleWebKit/537.36 (KHTML, like Gecko) Chrome/143.0.0.0 Safari/537.36', '2026-01-14 10:32:49');
INSERT INTO `audit_logs` VALUES (202, 1, 'update', 'group', 5, '从组 asda 移除 0 个成员', 'null', '127.0.0.1', 'Mozilla/5.0 (Windows NT 10.0; Win64; x64) AppleWebKit/537.36 (KHTML, like Gecko) Chrome/143.0.0.0 Safari/537.36', '2026-01-14 10:32:50');
INSERT INTO `audit_logs` VALUES (203, 1, 'update', 'group', 5, '从组 asda 移除 1 个成员', 'null', '127.0.0.1', 'Mozilla/5.0 (Windows NT 10.0; Win64; x64) AppleWebKit/537.36 (KHTML, like Gecko) Chrome/143.0.0.0 Safari/537.36', '2026-01-14 10:32:53');
INSERT INTO `audit_logs` VALUES (204, 1, 'update', 'group', 5, '从组 asda 移除 0 个成员', 'null', '127.0.0.1', 'Mozilla/5.0 (Windows NT 10.0; Win64; x64) AppleWebKit/537.36 (KHTML, like Gecko) Chrome/143.0.0.0 Safari/537.36', '2026-01-14 10:32:55');
INSERT INTO `audit_logs` VALUES (205, 1, 'update', 'group', 5, '从组 asda 移除 0 个成员', 'null', '127.0.0.1', 'Mozilla/5.0 (Windows NT 10.0; Win64; x64) AppleWebKit/537.36 (KHTML, like Gecko) Chrome/143.0.0.0 Safari/537.36', '2026-01-14 10:32:56');
INSERT INTO `audit_logs` VALUES (206, 1, 'update', 'group', 7, '从组 asdas 移除 1 个成员', 'null', '127.0.0.1', 'Mozilla/5.0 (Windows NT 10.0; Win64; x64) AppleWebKit/537.36 (KHTML, like Gecko) Chrome/143.0.0.0 Safari/537.36', '2026-01-14 10:33:01');
INSERT INTO `audit_logs` VALUES (207, 1, 'update', 'group', 7, '从组 asdas 移除 1 个成员', 'null', '127.0.0.1', 'Mozilla/5.0 (Windows NT 10.0; Win64; x64) AppleWebKit/537.36 (KHTML, like Gecko) Chrome/143.0.0.0 Safari/537.36', '2026-01-14 10:33:03');
INSERT INTO `audit_logs` VALUES (208, 1, 'update', 'group', 7, '从组 asdas 移除 1 个成员', 'null', '127.0.0.1', 'Mozilla/5.0 (Windows NT 10.0; Win64; x64) AppleWebKit/537.36 (KHTML, like Gecko) Chrome/143.0.0.0 Safari/537.36', '2026-01-14 10:33:05');
INSERT INTO `audit_logs` VALUES (209, 1, 'update', 'group', 7, '从组 asdas 移除 0 个成员', 'null', '127.0.0.1', 'Mozilla/5.0 (Windows NT 10.0; Win64; x64) AppleWebKit/537.36 (KHTML, like Gecko) Chrome/143.0.0.0 Safari/537.36', '2026-01-14 10:33:07');
INSERT INTO `audit_logs` VALUES (210, 1, 'delete', 'group', 2, '删除组：鲲鹏', 'null', '127.0.0.1', 'Mozilla/5.0 (Windows NT 10.0; Win64; x64) AppleWebKit/537.36 (KHTML, like Gecko) Chrome/143.0.0.0 Safari/537.36', '2026-01-14 10:33:22');
INSERT INTO `audit_logs` VALUES (211, 1, 'delete', 'group', 5, '删除组：asda', 'null', '127.0.0.1', 'Mozilla/5.0 (Windows NT 10.0; Win64; x64) AppleWebKit/537.36 (KHTML, like Gecko) Chrome/143.0.0.0 Safari/537.36', '2026-01-14 10:33:23');
INSERT INTO `audit_logs` VALUES (212, 1, 'delete', 'group', 6, '删除组：asdadas', 'null', '127.0.0.1', 'Mozilla/5.0 (Windows NT 10.0; Win64; x64) AppleWebKit/537.36 (KHTML, like Gecko) Chrome/143.0.0.0 Safari/537.36', '2026-01-14 10:33:25');
INSERT INTO `audit_logs` VALUES (213, 1, 'delete', 'group', 7, '删除组：asdas', 'null', '127.0.0.1', 'Mozilla/5.0 (Windows NT 10.0; Win64; x64) AppleWebKit/537.36 (KHTML, like Gecko) Chrome/143.0.0.0 Safari/537.36', '2026-01-14 10:33:26');
INSERT INTO `audit_logs` VALUES (214, 1, 'create', 'group', 8, '创建组：asdas', 'null', '127.0.0.1', 'Mozilla/5.0 (Windows NT 10.0; Win64; x64) AppleWebKit/537.36 (KHTML, like Gecko) Chrome/143.0.0.0 Safari/537.36 Edg/143.0.0.0', '2026-01-14 10:59:01');
INSERT INTO `audit_logs` VALUES (215, 1, 'update', 'group', 8, '从组 asdas 移除 1 个成员', 'null', '127.0.0.1', 'Mozilla/5.0 (Windows NT 10.0; Win64; x64) AppleWebKit/537.36 (KHTML, like Gecko) Chrome/143.0.0.0 Safari/537.36 Edg/143.0.0.0', '2026-01-14 10:59:05');
INSERT INTO `audit_logs` VALUES (216, 1, 'update', 'group', 4, '更新组：饕餮你', 'null', '127.0.0.1', 'Mozilla/5.0 (Windows NT 10.0; Win64; x64) AppleWebKit/537.36 (KHTML, like Gecko) Chrome/143.0.0.0 Safari/537.36 Edg/143.0.0.0', '2026-01-14 10:59:09');
INSERT INTO `audit_logs` VALUES (217, 1, 'update', 'group', 8, '从组 asdas 移除 1 个成员', 'null', '127.0.0.1', 'Mozilla/5.0 (Windows NT 10.0; Win64; x64) AppleWebKit/537.36 (KHTML, like Gecko) Chrome/143.0.0.0 Safari/537.36 Edg/143.0.0.0', '2026-01-14 10:59:13');
INSERT INTO `audit_logs` VALUES (218, 1, 'update', 'group', 4, '从组 饕餮你 移除 1 个成员', 'null', '127.0.0.1', 'Mozilla/5.0 (Windows NT 10.0; Win64; x64) AppleWebKit/537.36 (KHTML, like Gecko) Chrome/143.0.0.0 Safari/537.36 Edg/143.0.0.0', '2026-01-14 10:59:18');
INSERT INTO `audit_logs` VALUES (219, 1, 'create', 'group', 9, '创建组：asdasd', 'null', '127.0.0.1', 'Mozilla/5.0 (Windows NT 10.0; Win64; x64) AppleWebKit/537.36 (KHTML, like Gecko) Chrome/143.0.0.0 Safari/537.36 Edg/143.0.0.0', '2026-01-14 11:00:47');
INSERT INTO `audit_logs` VALUES (220, 1, 'create', 'group', 10, '创建组：adssa', 'null', '127.0.0.1', 'Mozilla/5.0 (Windows NT 10.0; Win64; x64) AppleWebKit/537.36 (KHTML, like Gecko) Chrome/143.0.0.0 Safari/537.36 Edg/143.0.0.0', '2026-01-14 11:00:57');
INSERT INTO `audit_logs` VALUES (221, 1, 'create', 'group', 11, '创建组：asdasasd', 'null', '127.0.0.1', 'Mozilla/5.0 (Windows NT 10.0; Win64; x64) AppleWebKit/537.36 (KHTML, like Gecko) Chrome/143.0.0.0 Safari/537.36 Edg/143.0.0.0', '2026-01-14 11:01:04');
INSERT INTO `audit_logs` VALUES (222, 1, 'update', 'group', 11, '从组 asdasasd 移除 1 个成员', 'null', '127.0.0.1', 'Mozilla/5.0 (Windows NT 10.0; Win64; x64) AppleWebKit/537.36 (KHTML, like Gecko) Chrome/143.0.0.0 Safari/537.36 Edg/143.0.0.0', '2026-01-14 11:06:42');
INSERT INTO `audit_logs` VALUES (223, 1, 'update', 'group', 11, '从组 asdasasd 移除 1 个成员', 'null', '127.0.0.1', 'Mozilla/5.0 (Windows NT 10.0; Win64; x64) AppleWebKit/537.36 (KHTML, like Gecko) Chrome/143.0.0.0 Safari/537.36 Edg/143.0.0.0', '2026-01-14 11:08:57');
INSERT INTO `audit_logs` VALUES (224, 36, 'update', 'user', 36, '切换角色：从 member 切换到 sales_contact', 'null', '127.0.0.1', 'Mozilla/5.0 (Windows NT 10.0; Win64; x64) AppleWebKit/537.36 (KHTML, like Gecko) Chrome/143.0.0.0 Safari/537.36 Edg/143.0.0.0', '2026-01-14 11:22:15');
INSERT INTO `audit_logs` VALUES (225, 36, 'update', 'user', 36, '切换角色：从 sales_contact 切换到 task_initiator', 'null', '127.0.0.1', 'Mozilla/5.0 (Windows NT 10.0; Win64; x64) AppleWebKit/537.36 (KHTML, like Gecko) Chrome/143.0.0.0 Safari/537.36 Edg/143.0.0.0', '2026-01-14 11:25:15');
INSERT INTO `audit_logs` VALUES (226, 36, 'create', 'task', 33, '创建任务：asdsadas', 'null', '127.0.0.1', 'Mozilla/5.0 (Windows NT 10.0; Win64; x64) AppleWebKit/537.36 (KHTML, like Gecko) Chrome/143.0.0.0 Safari/537.36 Edg/143.0.0.0', '2026-01-14 11:25:39');
INSERT INTO `audit_logs` VALUES (227, 1, 'create', 'group', 12, '创建组：宝山', 'null', '127.0.0.1', 'Mozilla/5.0 (Windows NT 10.0; Win64; x64) AppleWebKit/537.36 (KHTML, like Gecko) Chrome/143.0.0.0 Safari/537.36 Edg/143.0.0.0', '2026-01-14 11:26:16');
INSERT INTO `audit_logs` VALUES (228, 1, 'confirm', 'task', 33, '确认任务：asdsadas，已自动派发给 1 个销售单位接口人', 'null', '127.0.0.1', 'Mozilla/5.0 (Windows NT 10.0; Win64; x64) AppleWebKit/537.36 (KHTML, like Gecko) Chrome/143.0.0.0 Safari/537.36 Edg/143.0.0.0', '2026-01-14 11:26:40');
INSERT INTO `audit_logs` VALUES (229, 36, 'update', 'user', 36, '切换角色：从 task_initiator 切换到 sales_contact', 'null', '127.0.0.1', 'Mozilla/5.0 (Windows NT 10.0; Win64; x64) AppleWebKit/537.36 (KHTML, like Gecko) Chrome/143.0.0.0 Safari/537.36 Edg/143.0.0.0', '2026-01-14 11:26:57');
INSERT INTO `audit_logs` VALUES (230, 36, 'submit', 'task', 33, '批量导入详细需求单：asdsadas，成功导入 2 条', '{\"failed_count\": 0, \"success_count\": 2}', '127.0.0.1', 'Mozilla/5.0 (Windows NT 10.0; Win64; x64) AppleWebKit/537.36 (KHTML, like Gecko) Chrome/143.0.0.0 Safari/537.36 Edg/143.0.0.0', '2026-01-14 11:28:14');
INSERT INTO `audit_logs` VALUES (231, 1, 'dispatch', 'task', 33, '派单详细需求：aasd（asdsadas），组长：test', '{\"customer_unit\": \"aasd\", \"work_order_id\": 29, \"team_leader_id\": 36, \"detail_requirement_id\": 17}', '127.0.0.1', 'Mozilla/5.0 (Windows NT 10.0; Win64; x64) AppleWebKit/537.36 (KHTML, like Gecko) Chrome/143.0.0.0 Safari/537.36 Edg/143.0.0.0', '2026-01-14 11:29:04');
INSERT INTO `audit_logs` VALUES (232, 1, 'dispatch', 'task', 33, '派单详细需求：asdz（asdsadas），组长：test', '{\"customer_unit\": \"asdz\", \"work_order_id\": 30, \"team_leader_id\": 36, \"detail_requirement_id\": 16}', '127.0.0.1', 'Mozilla/5.0 (Windows NT 10.0; Win64; x64) AppleWebKit/537.36 (KHTML, like Gecko) Chrome/143.0.0.0 Safari/537.36 Edg/143.0.0.0', '2026-01-14 11:29:09');
INSERT INTO `audit_logs` VALUES (233, 36, 'update', 'user', 36, '切换角色：从 sales_contact 切换到 team_leader', 'null', '127.0.0.1', 'Mozilla/5.0 (Windows NT 10.0; Win64; x64) AppleWebKit/537.36 (KHTML, like Gecko) Chrome/143.0.0.0 Safari/537.36 Edg/143.0.0.0', '2026-01-14 11:29:22');
INSERT INTO `audit_logs` VALUES (234, 1, 'create', 'group', 13, '创建组：理想组', 'null', '127.0.0.1', 'Mozilla/5.0 (Windows NT 10.0; Win64; x64) AppleWebKit/537.36 (KHTML, like Gecko) Chrome/143.0.0.0 Safari/537.36 Edg/143.0.0.0', '2026-01-14 13:12:17');
INSERT INTO `audit_logs` VALUES (235, 2, 'create', 'task', 34, '创建任务：测试', 'null', '127.0.0.1', 'Mozilla/5.0 (Windows NT 10.0; Win64; x64) AppleWebKit/537.36 (KHTML, like Gecko) Chrome/143.0.0.0 Safari/537.36 Edg/143.0.0.0', '2026-01-14 13:13:09');
INSERT INTO `audit_logs` VALUES (236, 1, 'confirm', 'task', 34, '确认任务：测试，已自动派发给 3 个销售单位接口人', 'null', '127.0.0.1', 'Mozilla/5.0 (Windows NT 10.0; Win64; x64) AppleWebKit/537.36 (KHTML, like Gecko) Chrome/143.0.0.0 Safari/537.36 Edg/143.0.0.0', '2026-01-14 13:13:27');
INSERT INTO `audit_logs` VALUES (237, 31, 'submit', 'task', 34, '批量导入详细需求单：测试，成功导入 2 条', '{\"failed_count\": 0, \"success_count\": 2}', '127.0.0.1', 'Mozilla/5.0 (Windows NT 10.0; Win64; x64) AppleWebKit/537.36 (KHTML, like Gecko) Chrome/143.0.0.0 Safari/537.36 Edg/143.0.0.0', '2026-01-14 13:14:23');
INSERT INTO `audit_logs` VALUES (238, 31, 'submit', 'task', 34, '提交详细需求单：测试，客户：asda', 'null', '127.0.0.1', 'Mozilla/5.0 (Windows NT 10.0; Win64; x64) AppleWebKit/537.36 (KHTML, like Gecko) Chrome/143.0.0.0 Safari/537.36 Edg/143.0.0.0', '2026-01-14 13:14:34');
INSERT INTO `audit_logs` VALUES (239, 1, 'dispatch', 'task', 34, '派单详细需求：asdz（测试），组长：小红', '{\"customer_unit\": \"asdz\", \"work_order_id\": 31, \"team_leader_id\": 4, \"detail_requirement_id\": 18}', '127.0.0.1', 'Mozilla/5.0 (Windows NT 10.0; Win64; x64) AppleWebKit/537.36 (KHTML, like Gecko) Chrome/143.0.0.0 Safari/537.36 Edg/143.0.0.0', '2026-01-14 13:15:30');
INSERT INTO `audit_logs` VALUES (240, 1, 'dispatch', 'task', 34, '派单详细需求：aasd（测试），组长：小红', '{\"customer_unit\": \"aasd\", \"work_order_id\": 32, \"team_leader_id\": 4, \"detail_requirement_id\": 19}', '127.0.0.1', 'Mozilla/5.0 (Windows NT 10.0; Win64; x64) AppleWebKit/537.36 (KHTML, like Gecko) Chrome/143.0.0.0 Safari/537.36 Edg/143.0.0.0', '2026-01-14 13:15:33');
INSERT INTO `audit_logs` VALUES (241, 1, 'dispatch', 'task', 34, '派单详细需求：asda（测试），组长：小李', '{\"customer_unit\": \"asda\", \"work_order_id\": 33, \"team_leader_id\": 6, \"detail_requirement_id\": 20}', '127.0.0.1', 'Mozilla/5.0 (Windows NT 10.0; Win64; x64) AppleWebKit/537.36 (KHTML, like Gecko) Chrome/143.0.0.0 Safari/537.36 Edg/143.0.0.0', '2026-01-14 13:15:38');
INSERT INTO `audit_logs` VALUES (242, 4, 'assign', 'work_order', 32, '转派工单：WO34-R19-1768338933，成员：李俊', '{\"member_id\": 7, \"task_name\": \"测试\"}', '127.0.0.1', 'Mozilla/5.0 (Windows NT 10.0; Win64; x64) AppleWebKit/537.36 (KHTML, like Gecko) Chrome/143.0.0.0 Safari/537.36 Edg/143.0.0.0', '2026-01-14 13:16:01');
INSERT INTO `audit_logs` VALUES (243, 4, 'assign', 'work_order', 31, '转派工单：WO34-R18-1768338929，成员：李俊', '{\"member_id\": 7, \"task_name\": \"测试\"}', '127.0.0.1', 'Mozilla/5.0 (Windows NT 10.0; Win64; x64) AppleWebKit/537.36 (KHTML, like Gecko) Chrome/143.0.0.0 Safari/537.36 Edg/143.0.0.0', '2026-01-14 13:16:06');
INSERT INTO `audit_logs` VALUES (244, 7, 'accept', 'work_order', 31, '接单：WO34-R18-1768338929', '{\"task_name\": \"测试\", \"work_order_no\": \"WO34-R18-1768338929\"}', '127.0.0.1', 'Mozilla/5.0 (Windows NT 10.0; Win64; x64) AppleWebKit/537.36 (KHTML, like Gecko) Chrome/143.0.0.0 Safari/537.36 Edg/143.0.0.0', '2026-01-14 13:16:47');
INSERT INTO `audit_logs` VALUES (245, 7, 'accept', 'work_order', 32, '接单：WO34-R19-1768338933', '{\"task_name\": \"测试\", \"work_order_no\": \"WO34-R19-1768338933\"}', '127.0.0.1', 'Mozilla/5.0 (Windows NT 10.0; Win64; x64) AppleWebKit/537.36 (KHTML, like Gecko) Chrome/143.0.0.0 Safari/537.36 Edg/143.0.0.0', '2026-01-14 13:16:49');
INSERT INTO `audit_logs` VALUES (246, 1, 'delete', 'group', 4, '删除组：饕餮你', 'null', '127.0.0.1', 'Mozilla/5.0 (Windows NT 10.0; Win64; x64) AppleWebKit/537.36 (KHTML, like Gecko) Chrome/143.0.0.0 Safari/537.36 Edg/143.0.0.0', '2026-01-14 13:17:51');
INSERT INTO `audit_logs` VALUES (247, 1, 'delete', 'group', 13, '删除组：理想组', 'null', '127.0.0.1', 'Mozilla/5.0 (Windows NT 10.0; Win64; x64) AppleWebKit/537.36 (KHTML, like Gecko) Chrome/143.0.0.0 Safari/537.36 Edg/143.0.0.0', '2026-01-14 13:17:53');
INSERT INTO `audit_logs` VALUES (248, 1, 'delete', 'group', 12, '删除组：宝山', 'null', '127.0.0.1', 'Mozilla/5.0 (Windows NT 10.0; Win64; x64) AppleWebKit/537.36 (KHTML, like Gecko) Chrome/143.0.0.0 Safari/537.36 Edg/143.0.0.0', '2026-01-14 13:17:56');
INSERT INTO `audit_logs` VALUES (249, 1, 'delete', 'group', 11, '删除组：asdasasd', 'null', '127.0.0.1', 'Mozilla/5.0 (Windows NT 10.0; Win64; x64) AppleWebKit/537.36 (KHTML, like Gecko) Chrome/143.0.0.0 Safari/537.36 Edg/143.0.0.0', '2026-01-14 13:17:58');
INSERT INTO `audit_logs` VALUES (250, 1, 'delete', 'group', 10, '删除组：adssa', 'null', '127.0.0.1', 'Mozilla/5.0 (Windows NT 10.0; Win64; x64) AppleWebKit/537.36 (KHTML, like Gecko) Chrome/143.0.0.0 Safari/537.36 Edg/143.0.0.0', '2026-01-14 13:17:59');
INSERT INTO `audit_logs` VALUES (251, 1, 'delete', 'group', 9, '删除组：asdasd', 'null', '127.0.0.1', 'Mozilla/5.0 (Windows NT 10.0; Win64; x64) AppleWebKit/537.36 (KHTML, like Gecko) Chrome/143.0.0.0 Safari/537.36 Edg/143.0.0.0', '2026-01-14 13:18:00');
INSERT INTO `audit_logs` VALUES (252, 1, 'delete', 'group', 8, '删除组：asdas', 'null', '127.0.0.1', 'Mozilla/5.0 (Windows NT 10.0; Win64; x64) AppleWebKit/537.36 (KHTML, like Gecko) Chrome/143.0.0.0 Safari/537.36 Edg/143.0.0.0', '2026-01-14 13:18:01');
INSERT INTO `audit_logs` VALUES (253, 1, 'create', 'group', 14, '创建组：理想公司', 'null', '127.0.0.1', 'Mozilla/5.0 (Windows NT 10.0; Win64; x64) AppleWebKit/537.36 (KHTML, like Gecko) Chrome/143.0.0.0 Safari/537.36 Edg/143.0.0.0', '2026-01-14 13:21:06');
INSERT INTO `audit_logs` VALUES (254, 1, 'create', 'group', 15, '创建组：宝山组', 'null', '127.0.0.1', 'Mozilla/5.0 (Windows NT 10.0; Win64; x64) AppleWebKit/537.36 (KHTML, like Gecko) Chrome/143.0.0.0 Safari/537.36 Edg/143.0.0.0', '2026-01-14 13:26:27');
INSERT INTO `audit_logs` VALUES (255, 39, 'update', 'user', 39, '切换角色：从 task_initiator 切换到 sales_contact', 'null', '127.0.0.1', 'Mozilla/5.0 (Windows NT 10.0; Win64; x64) AppleWebKit/537.36 (KHTML, like Gecko) Chrome/143.0.0.0 Safari/537.36 Edg/143.0.0.0', '2026-01-14 13:53:51');
INSERT INTO `audit_logs` VALUES (256, 1, 'reject', 'task', 13, '拒绝任务：asdasda', '{\"rejection_reason\": \"cascas\"}', '127.0.0.1', 'Mozilla/5.0 (Windows NT 10.0; Win64; x64) AppleWebKit/537.36 (KHTML, like Gecko) Chrome/143.0.0.0 Safari/537.36 Edg/143.0.0.0', '2026-01-14 14:02:58');
INSERT INTO `audit_logs` VALUES (257, 1, 'reject', 'task', 19, '拒绝任务：asdasd', '{\"rejection_reason\": \"adad\"}', '127.0.0.1', 'Mozilla/5.0 (Windows NT 10.0; Win64; x64) AppleWebKit/537.36 (KHTML, like Gecko) Chrome/143.0.0.0 Safari/537.36 Edg/143.0.0.0', '2026-01-14 14:03:14');
INSERT INTO `audit_logs` VALUES (258, 1, 'reject', 'task', 25, '拒绝任务：asdad', '{\"rejection_reason\": \"asdas\"}', '127.0.0.1', 'Mozilla/5.0 (Windows NT 10.0; Win64; x64) AppleWebKit/537.36 (KHTML, like Gecko) Chrome/143.0.0.0 Safari/537.36 Edg/143.0.0.0', '2026-01-14 14:03:25');
INSERT INTO `audit_logs` VALUES (259, 1, 'reject', 'task', 16, '拒绝任务：daqw', '{\"rejection_reason\": \"asdas\"}', '127.0.0.1', 'Mozilla/5.0 (Windows NT 10.0; Win64; x64) AppleWebKit/537.36 (KHTML, like Gecko) Chrome/143.0.0.0 Safari/537.36 Edg/143.0.0.0', '2026-01-14 14:03:39');
INSERT INTO `audit_logs` VALUES (260, 2, 'create', 'task', 35, '创建任务：宝山项目', 'null', '127.0.0.1', 'Mozilla/5.0 (Windows NT 10.0; Win64; x64) AppleWebKit/537.36 (KHTML, like Gecko) Chrome/143.0.0.0 Safari/537.36 Edg/143.0.0.0', '2026-01-14 14:13:48');
INSERT INTO `audit_logs` VALUES (261, 1, 'confirm', 'task', 35, '确认任务：宝山项目，已自动派发给 4 个销售单位接口人', 'null', '127.0.0.1', 'Mozilla/5.0 (Windows NT 10.0; Win64; x64) AppleWebKit/537.36 (KHTML, like Gecko) Chrome/143.0.0.0 Safari/537.36 Edg/143.0.0.0', '2026-01-14 14:14:06');
INSERT INTO `audit_logs` VALUES (262, 36, 'update', 'user', 36, '切换角色：从 team_leader 切换到 sales_contact', 'null', '127.0.0.1', 'Mozilla/5.0 (Windows NT 10.0; Win64; x64) AppleWebKit/537.36 (KHTML, like Gecko) Chrome/143.0.0.0 Safari/537.36 Edg/143.0.0.0', '2026-01-14 14:14:58');
INSERT INTO `audit_logs` VALUES (263, 36, 'submit', 'task', 35, '批量导入详细需求单：宝山项目，成功导入 2 条', '{\"failed_count\": 0, \"success_count\": 2}', '127.0.0.1', 'Mozilla/5.0 (Windows NT 10.0; Win64; x64) AppleWebKit/537.36 (KHTML, like Gecko) Chrome/143.0.0.0 Safari/537.36 Edg/143.0.0.0', '2026-01-14 14:15:07');
INSERT INTO `audit_logs` VALUES (264, 1, 'dispatch', 'task', 35, '派单详细需求：aasd（宝山项目），组长：小红', '{\"customer_unit\": \"aasd\", \"work_order_id\": 34, \"team_leader_id\": 4, \"detail_requirement_id\": 22}', '127.0.0.1', 'Mozilla/5.0 (Windows NT 10.0; Win64; x64) AppleWebKit/537.36 (KHTML, like Gecko) Chrome/143.0.0.0 Safari/537.36 Edg/143.0.0.0', '2026-01-14 14:15:30');
INSERT INTO `audit_logs` VALUES (265, 1, 'dispatch', 'task', 35, '派单详细需求：asdz（宝山项目），组长：小红', '{\"customer_unit\": \"asdz\", \"work_order_id\": 35, \"team_leader_id\": 4, \"detail_requirement_id\": 21}', '127.0.0.1', 'Mozilla/5.0 (Windows NT 10.0; Win64; x64) AppleWebKit/537.36 (KHTML, like Gecko) Chrome/143.0.0.0 Safari/537.36 Edg/143.0.0.0', '2026-01-14 14:15:36');
INSERT INTO `audit_logs` VALUES (266, 31, 'submit', 'task', 35, '批量导入详细需求单：宝山项目，成功导入 2 条', '{\"failed_count\": 0, \"success_count\": 2}', '127.0.0.1', 'Mozilla/5.0 (Windows NT 10.0; Win64; x64) AppleWebKit/537.36 (KHTML, like Gecko) Chrome/143.0.0.0 Safari/537.36 Edg/143.0.0.0', '2026-01-14 14:16:20');
INSERT INTO `audit_logs` VALUES (267, 31, 'submit', 'task', 35, '提交详细需求单：宝山项目，客户：asda', 'null', '127.0.0.1', 'Mozilla/5.0 (Windows NT 10.0; Win64; x64) AppleWebKit/537.36 (KHTML, like Gecko) Chrome/143.0.0.0 Safari/537.36 Edg/143.0.0.0', '2026-01-14 14:16:32');
INSERT INTO `audit_logs` VALUES (268, 1, 'dispatch', 'task', 35, '派单详细需求：asdz（宝山项目），组长：小红', '{\"customer_unit\": \"asdz\", \"work_order_id\": 36, \"team_leader_id\": 4, \"detail_requirement_id\": 23}', '127.0.0.1', 'Mozilla/5.0 (Windows NT 10.0; Win64; x64) AppleWebKit/537.36 (KHTML, like Gecko) Chrome/143.0.0.0 Safari/537.36 Edg/143.0.0.0', '2026-01-14 14:16:59');
INSERT INTO `audit_logs` VALUES (269, 1, 'dispatch', 'task', 35, '派单详细需求：aasd（宝山项目），组长：小李', '{\"customer_unit\": \"aasd\", \"work_order_id\": 37, \"team_leader_id\": 6, \"detail_requirement_id\": 24}', '127.0.0.1', 'Mozilla/5.0 (Windows NT 10.0; Win64; x64) AppleWebKit/537.36 (KHTML, like Gecko) Chrome/143.0.0.0 Safari/537.36 Edg/143.0.0.0', '2026-01-14 14:17:02');
INSERT INTO `audit_logs` VALUES (270, 1, 'dispatch', 'task', 35, '派单详细需求：asda（宝山项目），组长：小李', '{\"customer_unit\": \"asda\", \"work_order_id\": 38, \"team_leader_id\": 6, \"detail_requirement_id\": 25}', '127.0.0.1', 'Mozilla/5.0 (Windows NT 10.0; Win64; x64) AppleWebKit/537.36 (KHTML, like Gecko) Chrome/143.0.0.0 Safari/537.36 Edg/143.0.0.0', '2026-01-14 14:17:04');
INSERT INTO `audit_logs` VALUES (271, 4, 'assign', 'work_order', 36, '转派工单：WO35-R23-1768342619，成员：张三', '{\"member_id\": 5, \"task_name\": \"宝山项目\"}', '127.0.0.1', 'Mozilla/5.0 (Windows NT 10.0; Win64; x64) AppleWebKit/537.36 (KHTML, like Gecko) Chrome/143.0.0.0 Safari/537.36 Edg/143.0.0.0', '2026-01-14 14:17:22');
INSERT INTO `audit_logs` VALUES (272, 4, 'assign', 'work_order', 35, '转派工单：WO35-R21-1768342536，成员：李俊', '{\"member_id\": 7, \"task_name\": \"宝山项目\"}', '127.0.0.1', 'Mozilla/5.0 (Windows NT 10.0; Win64; x64) AppleWebKit/537.36 (KHTML, like Gecko) Chrome/143.0.0.0 Safari/537.36 Edg/143.0.0.0', '2026-01-14 14:17:26');
INSERT INTO `audit_logs` VALUES (273, 4, 'assign', 'work_order', 34, '转派工单：WO35-R22-1768342530，成员：李明', '{\"member_id\": 8, \"task_name\": \"宝山项目\"}', '127.0.0.1', 'Mozilla/5.0 (Windows NT 10.0; Win64; x64) AppleWebKit/537.36 (KHTML, like Gecko) Chrome/143.0.0.0 Safari/537.36 Edg/143.0.0.0', '2026-01-14 14:17:29');
INSERT INTO `audit_logs` VALUES (274, 1, 'update', 'group', 15, '从组 宝山组 移除 1 个成员', 'null', '127.0.0.1', 'Mozilla/5.0 (Windows NT 10.0; Win64; x64) AppleWebKit/537.36 (KHTML, like Gecko) Chrome/143.0.0.0 Safari/537.36 Edg/143.0.0.0', '2026-01-14 14:58:11');
INSERT INTO `audit_logs` VALUES (275, 1, 'update', 'group', 14, '从组 理想公司 移除 1 个成员', 'null', '127.0.0.1', 'Mozilla/5.0 (Windows NT 10.0; Win64; x64) AppleWebKit/537.36 (KHTML, like Gecko) Chrome/143.0.0.0 Safari/537.36 Edg/143.0.0.0', '2026-01-14 14:59:11');
INSERT INTO `audit_logs` VALUES (276, 1, 'create', 'group', 16, '创建组：test12', 'null', '127.0.0.1', 'Mozilla/5.0 (Windows NT 10.0; Win64; x64) AppleWebKit/537.36 (KHTML, like Gecko) Chrome/143.0.0.0 Safari/537.36 Edg/143.0.0.0', '2026-01-14 15:03:12');
INSERT INTO `audit_logs` VALUES (277, 36, 'update', 'user', 36, '切换角色：从 sales_contact 切换到 task_initiator', 'null', '127.0.0.1', 'Mozilla/5.0 (Windows NT 10.0; Win64; x64) AppleWebKit/537.36 (KHTML, like Gecko) Chrome/143.0.0.0 Safari/537.36 Edg/143.0.0.0', '2026-01-14 15:03:49');
INSERT INTO `audit_logs` VALUES (278, 36, 'create', 'task', 36, '创建任务：宝山', 'null', '127.0.0.1', 'Mozilla/5.0 (Windows NT 10.0; Win64; x64) AppleWebKit/537.36 (KHTML, like Gecko) Chrome/143.0.0.0 Safari/537.36 Edg/143.0.0.0', '2026-01-14 15:04:39');
INSERT INTO `audit_logs` VALUES (279, 1, 'confirm', 'task', 36, '确认任务：宝山，已自动派发给 4 个销售单位接口人', 'null', '127.0.0.1', 'Mozilla/5.0 (Windows NT 10.0; Win64; x64) AppleWebKit/537.36 (KHTML, like Gecko) Chrome/143.0.0.0 Safari/537.36 Edg/143.0.0.0', '2026-01-14 15:06:08');
INSERT INTO `audit_logs` VALUES (280, 36, 'update', 'user', 36, '切换角色：从 task_initiator 切换到 sales_contact', 'null', '127.0.0.1', 'Mozilla/5.0 (Windows NT 10.0; Win64; x64) AppleWebKit/537.36 (KHTML, like Gecko) Chrome/143.0.0.0 Safari/537.36 Edg/143.0.0.0', '2026-01-14 15:06:27');
INSERT INTO `audit_logs` VALUES (281, 36, 'submit', 'task', 36, '批量导入详细需求单：宝山，成功导入 2 条', '{\"failed_count\": 0, \"success_count\": 2}', '127.0.0.1', 'Mozilla/5.0 (Windows NT 10.0; Win64; x64) AppleWebKit/537.36 (KHTML, like Gecko) Chrome/143.0.0.0 Safari/537.36 Edg/143.0.0.0', '2026-01-14 15:06:37');
INSERT INTO `audit_logs` VALUES (282, 1, 'dispatch', 'task', 36, '派单详细需求：aasd（宝山），组长：test', '{\"customer_unit\": \"aasd\", \"work_order_id\": 39, \"team_leader_id\": 36, \"detail_requirement_id\": 27}', '127.0.0.1', 'Mozilla/5.0 (Windows NT 10.0; Win64; x64) AppleWebKit/537.36 (KHTML, like Gecko) Chrome/143.0.0.0 Safari/537.36 Edg/143.0.0.0', '2026-01-14 15:07:07');
INSERT INTO `audit_logs` VALUES (283, 1, 'dispatch', 'task', 36, '派单详细需求：asdz（宝山），组长：test', '{\"customer_unit\": \"asdz\", \"work_order_id\": 40, \"team_leader_id\": 36, \"detail_requirement_id\": 26}', '127.0.0.1', 'Mozilla/5.0 (Windows NT 10.0; Win64; x64) AppleWebKit/537.36 (KHTML, like Gecko) Chrome/143.0.0.0 Safari/537.36 Edg/143.0.0.0', '2026-01-14 15:07:11');
INSERT INTO `audit_logs` VALUES (284, 36, 'update', 'user', 36, '切换角色：从 sales_contact 切换到 team_leader', 'null', '127.0.0.1', 'Mozilla/5.0 (Windows NT 10.0; Win64; x64) AppleWebKit/537.36 (KHTML, like Gecko) Chrome/143.0.0.0 Safari/537.36 Edg/143.0.0.0', '2026-01-14 15:07:51');
INSERT INTO `audit_logs` VALUES (285, 36, 'assign', 'work_order', 40, '转派工单：WO36-R26-1768345631，成员：test', '{\"member_id\": 36, \"task_name\": \"宝山\"}', '127.0.0.1', 'Mozilla/5.0 (Windows NT 10.0; Win64; x64) AppleWebKit/537.36 (KHTML, like Gecko) Chrome/143.0.0.0 Safari/537.36 Edg/143.0.0.0', '2026-01-14 15:07:57');
INSERT INTO `audit_logs` VALUES (286, 36, 'assign', 'work_order', 39, '转派工单：WO36-R27-1768345627，成员：test', '{\"member_id\": 36, \"task_name\": \"宝山\"}', '127.0.0.1', 'Mozilla/5.0 (Windows NT 10.0; Win64; x64) AppleWebKit/537.36 (KHTML, like Gecko) Chrome/143.0.0.0 Safari/537.36 Edg/143.0.0.0', '2026-01-14 15:13:49');
INSERT INTO `audit_logs` VALUES (287, 36, 'assign', 'work_order', 30, '转派工单：WO33-R16-1768332548，成员：test', '{\"member_id\": 36, \"task_name\": \"asdsadas\"}', '127.0.0.1', 'Mozilla/5.0 (Windows NT 10.0; Win64; x64) AppleWebKit/537.36 (KHTML, like Gecko) Chrome/143.0.0.0 Safari/537.36 Edg/143.0.0.0', '2026-01-14 15:13:53');
INSERT INTO `audit_logs` VALUES (288, 36, 'assign', 'work_order', 29, '转派工单：WO33-R17-1768332544，成员：test', '{\"member_id\": 36, \"task_name\": \"asdsadas\"}', '127.0.0.1', 'Mozilla/5.0 (Windows NT 10.0; Win64; x64) AppleWebKit/537.36 (KHTML, like Gecko) Chrome/143.0.0.0 Safari/537.36 Edg/143.0.0.0', '2026-01-14 15:13:55');
INSERT INTO `audit_logs` VALUES (289, 36, 'update', 'user', 36, '切换角色：从 team_leader 切换到 member', 'null', '127.0.0.1', 'Mozilla/5.0 (Windows NT 10.0; Win64; x64) AppleWebKit/537.36 (KHTML, like Gecko) Chrome/143.0.0.0 Safari/537.36 Edg/143.0.0.0', '2026-01-14 15:13:58');
INSERT INTO `audit_logs` VALUES (290, 36, 'accept', 'work_order', 29, '接单：WO33-R17-1768332544', '{\"task_name\": \"asdsadas\", \"work_order_no\": \"WO33-R17-1768332544\"}', '127.0.0.1', 'Mozilla/5.0 (Windows NT 10.0; Win64; x64) AppleWebKit/537.36 (KHTML, like Gecko) Chrome/143.0.0.0 Safari/537.36 Edg/143.0.0.0', '2026-01-14 15:14:02');
INSERT INTO `audit_logs` VALUES (291, 36, 'accept', 'work_order', 30, '接单：WO33-R16-1768332548', '{\"task_name\": \"asdsadas\", \"work_order_no\": \"WO33-R16-1768332548\"}', '127.0.0.1', 'Mozilla/5.0 (Windows NT 10.0; Win64; x64) AppleWebKit/537.36 (KHTML, like Gecko) Chrome/143.0.0.0 Safari/537.36 Edg/143.0.0.0', '2026-01-14 15:14:04');
INSERT INTO `audit_logs` VALUES (292, 36, 'accept', 'work_order', 39, '接单：WO36-R27-1768345627', '{\"task_name\": \"宝山\", \"work_order_no\": \"WO36-R27-1768345627\"}', '127.0.0.1', 'Mozilla/5.0 (Windows NT 10.0; Win64; x64) AppleWebKit/537.36 (KHTML, like Gecko) Chrome/143.0.0.0 Safari/537.36 Edg/143.0.0.0', '2026-01-14 15:14:07');
INSERT INTO `audit_logs` VALUES (293, 36, 'accept', 'work_order', 40, '接单：WO36-R26-1768345631', '{\"task_name\": \"宝山\", \"work_order_no\": \"WO36-R26-1768345631\"}', '127.0.0.1', 'Mozilla/5.0 (Windows NT 10.0; Win64; x64) AppleWebKit/537.36 (KHTML, like Gecko) Chrome/143.0.0.0 Safari/537.36 Edg/143.0.0.0', '2026-01-14 15:14:09');
INSERT INTO `audit_logs` VALUES (294, 5, 'accept', 'work_order', 36, '接单：WO35-R23-1768342619', '{\"task_name\": \"宝山项目\", \"work_order_no\": \"WO35-R23-1768342619\"}', '127.0.0.1', 'Mozilla/5.0 (Windows NT 10.0; Win64; x64) AppleWebKit/537.36 (KHTML, like Gecko) Chrome/143.0.0.0 Safari/537.36 Edg/143.0.0.0', '2026-01-15 09:01:30');
INSERT INTO `audit_logs` VALUES (295, 5, 'create', 'lead', 1, '创建线索：客户 asdas，任务 宝山项目', '{\"task_id\": 35, \"task_name\": \"宝山项目\", \"customer_name\": \"asdas\", \"requirement_direction\": \"应用 - AI导诊\"}', '127.0.0.1', 'Mozilla/5.0 (Windows NT 10.0; Win64; x64) AppleWebKit/537.36 (KHTML, like Gecko) Chrome/143.0.0.0 Safari/537.36 Edg/143.0.0.0', '2026-01-15 09:27:01');
INSERT INTO `audit_logs` VALUES (296, 5, 'create', 'visit_log', 6, '添加拜访日志：工单 WO35-R23-1768342619', '{\"task_name\": \"宝山项目\", \"visit_date\": \"2026-01-15\", \"work_order_id\": 36, \"work_order_no\": \"WO35-R23-1768342619\", \"opportunity_no\": null, \"has_opportunity\": false}', '127.0.0.1', 'Mozilla/5.0 (Windows NT 10.0; Win64; x64) AppleWebKit/537.36 (KHTML, like Gecko) Chrome/143.0.0.0 Safari/537.36 Edg/143.0.0.0', '2026-01-15 09:45:08');
INSERT INTO `audit_logs` VALUES (297, 5, 'create', 'visit_log', 7, '添加拜访日志：工单 WO29-R7-1768176766，有客户需求', '{\"task_name\": \"理想公司\", \"visit_date\": \"2026-01-15\", \"work_order_id\": 20, \"work_order_no\": \"WO29-R7-1768176766\", \"opportunity_no\": null, \"has_opportunity\": true}', '127.0.0.1', 'Mozilla/5.0 (Windows NT 10.0; Win64; x64) AppleWebKit/537.36 (KHTML, like Gecko) Chrome/143.0.0.0 Safari/537.36 Edg/143.0.0.0', '2026-01-15 09:45:21');
INSERT INTO `audit_logs` VALUES (298, 5, 'create', 'lead', 2, '创建线索：客户 wdasd，任务 理想公司，拜访日志 7', '{\"task_id\": 29, \"task_name\": \"理想公司\", \"visit_log_id\": 7, \"customer_name\": \"wdasd\", \"requirement_direction\": \"算力 - 国产算力\"}', '127.0.0.1', 'Mozilla/5.0 (Windows NT 10.0; Win64; x64) AppleWebKit/537.36 (KHTML, like Gecko) Chrome/143.0.0.0 Safari/537.36 Edg/143.0.0.0', '2026-01-15 09:45:55');
INSERT INTO `audit_logs` VALUES (299, 5, 'create', 'visit_log', 8, '添加拜访日志：工单 WO29-R7-1768176766，有客户需求', '{\"task_name\": \"理想公司\", \"visit_date\": \"2026-01-15\", \"work_order_id\": 20, \"work_order_no\": \"WO29-R7-1768176766\", \"opportunity_no\": null, \"has_opportunity\": true}', '127.0.0.1', 'Mozilla/5.0 (Windows NT 10.0; Win64; x64) AppleWebKit/537.36 (KHTML, like Gecko) Chrome/143.0.0.0 Safari/537.36 Edg/143.0.0.0', '2026-01-15 09:57:35');
INSERT INTO `audit_logs` VALUES (300, 5, 'create', 'lead', 3, '创建线索：客户 qweqe，任务 理想公司，拜访日志 8', '{\"task_id\": 29, \"task_name\": \"理想公司\", \"visit_log_id\": 8, \"customer_name\": \"qweqe\", \"requirement_direction\": \"模型 - 通用大模型\"}', '127.0.0.1', 'Mozilla/5.0 (Windows NT 10.0; Win64; x64) AppleWebKit/537.36 (KHTML, like Gecko) Chrome/143.0.0.0 Safari/537.36 Edg/143.0.0.0', '2026-01-15 09:57:54');
INSERT INTO `audit_logs` VALUES (301, 5, 'create', 'visit_log', 9, '添加拜访日志：工单 WO11-1767910342，有客户需求', '{\"task_name\": \"晓助理\", \"visit_date\": \"2026-01-15\", \"work_order_id\": 6, \"work_order_no\": \"WO11-1767910342\", \"opportunity_no\": null, \"has_opportunity\": true}', '127.0.0.1', 'Mozilla/5.0 (Windows NT 10.0; Win64; x64) AppleWebKit/537.36 (KHTML, like Gecko) Chrome/143.0.0.0 Safari/537.36 Edg/143.0.0.0', '2026-01-15 10:05:44');
INSERT INTO `audit_logs` VALUES (302, 5, 'create', 'lead', 4, '创建线索：客户 asdsada，任务 晓助理，拜访日志 9', '{\"task_id\": 11, \"task_name\": \"晓助理\", \"visit_log_id\": 9, \"customer_name\": \"asdsada\", \"requirement_direction\": \"模型 - 编程大模型\"}', '127.0.0.1', 'Mozilla/5.0 (Windows NT 10.0; Win64; x64) AppleWebKit/537.36 (KHTML, like Gecko) Chrome/143.0.0.0 Safari/537.36 Edg/143.0.0.0', '2026-01-15 10:05:59');
INSERT INTO `audit_logs` VALUES (303, 5, 'create', 'lead', 5, '创建线索：客户 asdsada，任务 晓助理，拜访日志 9', '{\"task_id\": 11, \"task_name\": \"晓助理\", \"visit_log_id\": 9, \"customer_name\": \"asdsada\", \"requirement_direction\": \"算力 - 国产算力\"}', '127.0.0.1', 'Mozilla/5.0 (Windows NT 10.0; Win64; x64) AppleWebKit/537.36 (KHTML, like Gecko) Chrome/143.0.0.0 Safari/537.36 Edg/143.0.0.0', '2026-01-15 10:12:27');
INSERT INTO `audit_logs` VALUES (304, 5, 'create', 'opportunity', 3, '从线索创建商机：asdasdadas，客户单位：asdsada', '{\"lead_id\": 5, \"task_id\": 11, \"customer_unit\": \"asdsada\", \"opportunity_no\": \"asdasdadas\"}', '127.0.0.1', 'Mozilla/5.0 (Windows NT 10.0; Win64; x64) AppleWebKit/537.36 (KHTML, like Gecko) Chrome/143.0.0.0 Safari/537.36 Edg/143.0.0.0', '2026-01-15 10:14:55');
INSERT INTO `audit_logs` VALUES (305, 5, 'update', 'opportunity', 3, '添加协同人员：asdasdadas，成员：张三', '{\"role\": \"asda\", \"action\": \"add_collaborative_member\", \"member_id\": 5}', '127.0.0.1', 'Mozilla/5.0 (Windows NT 10.0; Win64; x64) AppleWebKit/537.36 (KHTML, like Gecko) Chrome/143.0.0.0 Safari/537.36 Edg/143.0.0.0', '2026-01-15 10:31:26');
INSERT INTO `audit_logs` VALUES (306, 5, 'create', 'opportunity', 4, '从线索创建商机：qwdeq，客户单位：asdsada', '{\"lead_id\": 4, \"task_id\": 11, \"customer_unit\": \"asdsada\", \"opportunity_no\": \"qwdeq\"}', '127.0.0.1', 'Mozilla/5.0 (Windows NT 10.0; Win64; x64) AppleWebKit/537.36 (KHTML, like Gecko) Chrome/143.0.0.0 Safari/537.36 Edg/143.0.0.0', '2026-01-15 10:33:06');
INSERT INTO `audit_logs` VALUES (307, 4, 'update', 'opportunity', 4, '更新商机状态：qwdeq，状态：OpportunityStatus.LOST，流失原因：adawdq', '{\"new_status\": \"OpportunityStatus.LOST\", \"old_status\": \"OpportunityStatus.CREATED\", \"updated_fields\": []}', '127.0.0.1', 'Mozilla/5.0 (Windows NT 10.0; Win64; x64) AppleWebKit/537.36 (KHTML, like Gecko) Chrome/143.0.0.0 Safari/537.36 Edg/143.0.0.0', '2026-01-15 11:03:26');
INSERT INTO `audit_logs` VALUES (308, 5, 'create', 'opportunity', 5, '从线索创建商机：asdafda，客户单位：qweqe', '{\"lead_id\": 3, \"task_id\": 29, \"customer_unit\": \"qweqe\", \"opportunity_no\": \"asdafda\"}', '127.0.0.1', 'Mozilla/5.0 (Windows NT 10.0; Win64; x64) AppleWebKit/537.36 (KHTML, like Gecko) Chrome/143.0.0.0 Safari/537.36 Edg/143.0.0.0', '2026-01-15 11:04:13');
INSERT INTO `audit_logs` VALUES (309, 4, 'update', 'opportunity', 3, '更新商机状态：asdasdadas，状态：OpportunityStatus.WON，转定金额：12000', '{\"new_status\": \"OpportunityStatus.WON\", \"old_status\": \"OpportunityStatus.CREATED\", \"updated_fields\": []}', '127.0.0.1', 'Mozilla/5.0 (Windows NT 10.0; Win64; x64) AppleWebKit/537.36 (KHTML, like Gecko) Chrome/143.0.0.0 Safari/537.36 Edg/143.0.0.0', '2026-01-15 11:13:15');
INSERT INTO `audit_logs` VALUES (310, 5, 'create', 'opportunity', 6, '从线索创建商机：asdasdasda，客户单位：wdasd', '{\"lead_id\": 2, \"task_id\": 29, \"customer_unit\": \"wdasd\", \"opportunity_no\": \"asdasdasda\"}', '127.0.0.1', 'Mozilla/5.0 (Windows NT 10.0; Win64; x64) AppleWebKit/537.36 (KHTML, like Gecko) Chrome/143.0.0.0 Safari/537.36 Edg/143.0.0.0', '2026-01-15 11:13:58');
INSERT INTO `audit_logs` VALUES (311, 5, 'create', 'visit_log', 10, '添加拜访日志：工单 WO4-1767475421，有客户需求', '{\"task_name\": \"云桌面\", \"visit_date\": \"2026-01-15\", \"work_order_id\": 2, \"work_order_no\": \"WO4-1767475421\", \"opportunity_no\": null, \"has_opportunity\": true}', '127.0.0.1', 'Mozilla/5.0 (Windows NT 10.0; Win64; x64) AppleWebKit/537.36 (KHTML, like Gecko) Chrome/143.0.0.0 Safari/537.36 Edg/143.0.0.0', '2026-01-15 11:20:43');
INSERT INTO `audit_logs` VALUES (312, 5, 'create', 'lead', 6, '创建线索：客户 asdas，任务 云桌面，拜访日志 10', '{\"task_id\": 4, \"task_name\": \"云桌面\", \"visit_log_id\": 10, \"customer_name\": \"asdas\", \"requirement_direction\": \"算力 - 国产算力\"}', '127.0.0.1', 'Mozilla/5.0 (Windows NT 10.0; Win64; x64) AppleWebKit/537.36 (KHTML, like Gecko) Chrome/143.0.0.0 Safari/537.36 Edg/143.0.0.0', '2026-01-15 11:21:08');
INSERT INTO `audit_logs` VALUES (313, 5, 'create', 'opportunity', 7, '从线索创建商机：sfbsrfmngf，客户单位：asdas', '{\"lead_id\": 6, \"task_id\": 4, \"customer_unit\": \"asdas\", \"opportunity_no\": \"sfbsrfmngf\"}', '127.0.0.1', 'Mozilla/5.0 (Windows NT 10.0; Win64; x64) AppleWebKit/537.36 (KHTML, like Gecko) Chrome/143.0.0.0 Safari/537.36 Edg/143.0.0.0', '2026-01-15 11:21:38');
INSERT INTO `audit_logs` VALUES (314, 4, 'update', 'opportunity', 7, '更新商机状态：sfbsrfmngf，状态：OpportunityStatus.WON', '{\"new_status\": \"OpportunityStatus.WON\", \"old_status\": \"OpportunityStatus.CREATED\", \"updated_fields\": []}', '127.0.0.1', 'Mozilla/5.0 (Windows NT 10.0; Win64; x64) AppleWebKit/537.36 (KHTML, like Gecko) Chrome/143.0.0.0 Safari/537.36 Edg/143.0.0.0', '2026-01-15 11:23:09');
INSERT INTO `audit_logs` VALUES (315, 4, 'update', 'opportunity', 7, '更新商机状态：sfbsrfmngf，状态：OpportunityStatus.WON，转定金额：12000', '{\"new_status\": \"OpportunityStatus.WON\", \"old_status\": \"OpportunityStatus.WON\", \"updated_fields\": []}', '127.0.0.1', 'Mozilla/5.0 (Windows NT 10.0; Win64; x64) AppleWebKit/537.36 (KHTML, like Gecko) Chrome/143.0.0.0 Safari/537.36 Edg/143.0.0.0', '2026-01-15 11:23:33');
INSERT INTO `audit_logs` VALUES (316, 1, 'create', 'group', 17, '创建组：wqdqwdqw', 'null', '127.0.0.1', 'Mozilla/5.0 (Windows NT 10.0; Win64; x64) AppleWebKit/537.36 (KHTML, like Gecko) Chrome/143.0.0.0 Safari/537.36 Edg/143.0.0.0', '2026-01-15 14:08:15');
INSERT INTO `audit_logs` VALUES (317, 7, 'accept', 'work_order', 35, '接单：WO35-R21-1768342536', '{\"task_name\": \"宝山项目\", \"work_order_no\": \"WO35-R21-1768342536\"}', '127.0.0.1', 'Mozilla/5.0 (Windows NT 10.0; Win64; x64) AppleWebKit/537.36 (KHTML, like Gecko) Chrome/143.0.0.0 Safari/537.36 Edg/143.0.0.0', '2026-01-15 14:08:34');
INSERT INTO `audit_logs` VALUES (318, 5, 'create', 'lead', 7, '创建线索：客户 qwdqd，任务 晓助理，拜访日志 3', '{\"task_id\": 11, \"task_name\": \"晓助理\", \"visit_log_id\": 3, \"customer_name\": \"qwdqd\", \"requirement_direction\": \"算力 - 英伟达算力\"}', '127.0.0.1', 'Mozilla/5.0 (Windows NT 10.0; Win64; x64) AppleWebKit/537.36 (KHTML, like Gecko) Chrome/143.0.0.0 Safari/537.36 Edg/143.0.0.0', '2026-01-15 14:26:06');
INSERT INTO `audit_logs` VALUES (319, 4, 'update', 'work_order', 36, '完成工单：WO35-R23-1768342619', '{\"task_name\": \"宝山项目\", \"new_status\": \"completed\", \"old_status\": \"accepted\"}', '127.0.0.1', 'Mozilla/5.0 (Windows NT 10.0; Win64; x64) AppleWebKit/537.36 (KHTML, like Gecko) Chrome/143.0.0.0 Safari/537.36 Edg/143.0.0.0', '2026-01-15 14:44:05');
INSERT INTO `audit_logs` VALUES (320, 4, 'update', 'work_order', 35, '完成工单：WO35-R21-1768342536', '{\"task_name\": \"宝山项目\", \"new_status\": \"completed\", \"old_status\": \"accepted\"}', '127.0.0.1', 'Mozilla/5.0 (Windows NT 10.0; Win64; x64) AppleWebKit/537.36 (KHTML, like Gecko) Chrome/143.0.0.0 Safari/537.36 Edg/143.0.0.0', '2026-01-15 14:44:14');
INSERT INTO `audit_logs` VALUES (321, 4, 'update', 'work_order', 32, '完成工单：WO34-R19-1768338933', '{\"task_name\": \"测试\", \"new_status\": \"completed\", \"old_status\": \"accepted\"}', '127.0.0.1', 'Mozilla/5.0 (Windows NT 10.0; Win64; x64) AppleWebKit/537.36 (KHTML, like Gecko) Chrome/143.0.0.0 Safari/537.36 Edg/143.0.0.0', '2026-01-15 14:44:24');
INSERT INTO `audit_logs` VALUES (322, 4, 'update', 'work_order', 31, '完成工单：WO34-R18-1768338929', '{\"task_name\": \"测试\", \"new_status\": \"completed\", \"old_status\": \"accepted\"}', '127.0.0.1', 'Mozilla/5.0 (Windows NT 10.0; Win64; x64) AppleWebKit/537.36 (KHTML, like Gecko) Chrome/143.0.0.0 Safari/537.36 Edg/143.0.0.0', '2026-01-15 14:44:26');
INSERT INTO `audit_logs` VALUES (323, 4, 'update', 'work_order', 28, '完成工单：WO32-R14-1768324892', '{\"task_name\": \"adadas\", \"new_status\": \"completed\", \"old_status\": \"accepted\"}', '127.0.0.1', 'Mozilla/5.0 (Windows NT 10.0; Win64; x64) AppleWebKit/537.36 (KHTML, like Gecko) Chrome/143.0.0.0 Safari/537.36 Edg/143.0.0.0', '2026-01-15 14:44:28');
INSERT INTO `audit_logs` VALUES (324, 1, 'reject', 'task', 14, '拒绝任务：asaf', '{\"rejection_reason\": \"qwdq\"}', '127.0.0.1', 'Mozilla/5.0 (Windows NT 10.0; Win64; x64) AppleWebKit/537.36 (KHTML, like Gecko) Chrome/143.0.0.0 Safari/537.36 Edg/143.0.0.0', '2026-01-15 15:09:55');
INSERT INTO `audit_logs` VALUES (325, 36, 'update', 'user', 36, '切换角色：从 member 切换到 task_initiator', 'null', '127.0.0.1', 'Mozilla/5.0 (Windows NT 10.0; Win64; x64) AppleWebKit/537.36 (KHTML, like Gecko) Chrome/143.0.0.0 Safari/537.36 Edg/143.0.0.0', '2026-01-15 15:11:27');
INSERT INTO `audit_logs` VALUES (326, 36, 'create', 'task', 37, '创建任务：任务1', 'null', '127.0.0.1', 'Mozilla/5.0 (Windows NT 10.0; Win64; x64) AppleWebKit/537.36 (KHTML, like Gecko) Chrome/143.0.0.0 Safari/537.36 Edg/143.0.0.0', '2026-01-15 15:11:52');
INSERT INTO `audit_logs` VALUES (327, 1, 'confirm', 'task', 37, '确认任务：任务1，已自动派发给 4 个销售单位接口人', 'null', '127.0.0.1', 'Mozilla/5.0 (Windows NT 10.0; Win64; x64) AppleWebKit/537.36 (KHTML, like Gecko) Chrome/143.0.0.0 Safari/537.36 Edg/143.0.0.0', '2026-01-15 15:12:17');
INSERT INTO `audit_logs` VALUES (328, 36, 'update', 'user', 36, '切换角色：从 task_initiator 切换到 sales_contact', 'null', '127.0.0.1', 'Mozilla/5.0 (Windows NT 10.0; Win64; x64) AppleWebKit/537.36 (KHTML, like Gecko) Chrome/143.0.0.0 Safari/537.36 Edg/143.0.0.0', '2026-01-15 15:12:42');
INSERT INTO `audit_logs` VALUES (329, 36, 'submit', 'task', 37, '提交详细需求单：任务1，客户：ad', 'null', '127.0.0.1', 'Mozilla/5.0 (Windows NT 10.0; Win64; x64) AppleWebKit/537.36 (KHTML, like Gecko) Chrome/143.0.0.0 Safari/537.36 Edg/143.0.0.0', '2026-01-15 15:13:02');
INSERT INTO `audit_logs` VALUES (330, 36, 'submit', 'task', 37, '批量导入详细需求单：任务1，成功导入 2 条', '{\"failed_count\": 0, \"success_count\": 2}', '127.0.0.1', 'Mozilla/5.0 (Windows NT 10.0; Win64; x64) AppleWebKit/537.36 (KHTML, like Gecko) Chrome/143.0.0.0 Safari/537.36 Edg/143.0.0.0', '2026-01-15 15:13:13');
INSERT INTO `audit_logs` VALUES (331, 1, 'dispatch', 'task', 37, '派单详细需求：aasd（任务1），组长：小红', '{\"customer_unit\": \"aasd\", \"work_order_id\": 41, \"team_leader_id\": 4, \"detail_requirement_id\": 30}', '127.0.0.1', 'Mozilla/5.0 (Windows NT 10.0; Win64; x64) AppleWebKit/537.36 (KHTML, like Gecko) Chrome/143.0.0.0 Safari/537.36 Edg/143.0.0.0', '2026-01-15 15:13:35');
INSERT INTO `audit_logs` VALUES (332, 1, 'dispatch', 'task', 37, '派单详细需求：asdz（任务1），组长：小红', '{\"customer_unit\": \"asdz\", \"work_order_id\": 42, \"team_leader_id\": 4, \"detail_requirement_id\": 29}', '127.0.0.1', 'Mozilla/5.0 (Windows NT 10.0; Win64; x64) AppleWebKit/537.36 (KHTML, like Gecko) Chrome/143.0.0.0 Safari/537.36 Edg/143.0.0.0', '2026-01-15 15:13:37');
INSERT INTO `audit_logs` VALUES (333, 1, 'dispatch', 'task', 37, '派单详细需求：ad（任务1），组长：小红', '{\"customer_unit\": \"ad\", \"work_order_id\": 43, \"team_leader_id\": 4, \"detail_requirement_id\": 28}', '127.0.0.1', 'Mozilla/5.0 (Windows NT 10.0; Win64; x64) AppleWebKit/537.36 (KHTML, like Gecko) Chrome/143.0.0.0 Safari/537.36 Edg/143.0.0.0', '2026-01-15 15:13:41');
INSERT INTO `audit_logs` VALUES (334, 4, 'assign', 'work_order', 43, '转派工单：WO37-R28-1768432421，成员：李俊', '{\"member_id\": 7, \"task_name\": \"任务1\"}', '127.0.0.1', 'Mozilla/5.0 (Windows NT 10.0; Win64; x64) AppleWebKit/537.36 (KHTML, like Gecko) Chrome/143.0.0.0 Safari/537.36 Edg/143.0.0.0', '2026-01-15 15:14:01');
INSERT INTO `audit_logs` VALUES (335, 4, 'assign', 'work_order', 41, '转派工单：WO37-R30-1768432415，成员：张三', '{\"member_id\": 5, \"task_name\": \"任务1\"}', '127.0.0.1', 'Mozilla/5.0 (Windows NT 10.0; Win64; x64) AppleWebKit/537.36 (KHTML, like Gecko) Chrome/143.0.0.0 Safari/537.36 Edg/143.0.0.0', '2026-01-15 15:14:12');
INSERT INTO `audit_logs` VALUES (336, 4, 'assign', 'work_order', 42, '转派工单：WO37-R29-1768432417，成员：李俊', '{\"member_id\": 7, \"task_name\": \"任务1\"}', '127.0.0.1', 'Mozilla/5.0 (Windows NT 10.0; Win64; x64) AppleWebKit/537.36 (KHTML, like Gecko) Chrome/143.0.0.0 Safari/537.36 Edg/143.0.0.0', '2026-01-15 15:14:16');
INSERT INTO `audit_logs` VALUES (337, 5, 'accept', 'work_order', 41, '接单：WO37-R30-1768432415', '{\"task_name\": \"任务1\", \"work_order_no\": \"WO37-R30-1768432415\"}', '127.0.0.1', 'Mozilla/5.0 (Windows NT 10.0; Win64; x64) AppleWebKit/537.36 (KHTML, like Gecko) Chrome/143.0.0.0 Safari/537.36 Edg/143.0.0.0', '2026-01-15 15:15:50');
INSERT INTO `audit_logs` VALUES (338, 1, 'update', 'user', 40, '审核通过用户：yyy，角色：task_initiator', 'null', '127.0.0.1', 'Mozilla/5.0 (Windows NT 10.0; Win64; x64) AppleWebKit/537.36 (KHTML, like Gecko) Chrome/143.0.0.0 Safari/537.36 Edg/143.0.0.0', '2026-01-16 09:28:21');
INSERT INTO `audit_logs` VALUES (339, 1, 'update', 'user', 41, '审核通过用户：aaa，角色：team_leader', 'null', '127.0.0.1', 'Mozilla/5.0 (Windows NT 10.0; Win64; x64) AppleWebKit/537.36 (KHTML, like Gecko) Chrome/143.0.0.0 Safari/537.36 Edg/143.0.0.0', '2026-01-16 09:31:40');
INSERT INTO `audit_logs` VALUES (340, 5, 'create', 'visit_log', 11, '添加拜访日志：工单 WO9-1768155247，有客户需求', '{\"task_name\": \"asda\", \"visit_date\": \"2026-01-16\", \"work_order_id\": 10, \"work_order_no\": \"WO9-1768155247\", \"opportunity_no\": null, \"has_opportunity\": true}', '127.0.0.1', 'Mozilla/5.0 (Windows NT 10.0; Win64; x64) AppleWebKit/537.36 (KHTML, like Gecko) Chrome/143.0.0.0 Safari/537.36 Edg/143.0.0.0', '2026-01-16 09:37:32');
INSERT INTO `audit_logs` VALUES (341, 5, 'create', 'lead', 8, '创建线索：客户 adqd，任务 asda，拜访日志 11', '{\"task_id\": 9, \"task_name\": \"asda\", \"visit_log_id\": 11, \"customer_name\": \"adqd\", \"requirement_direction\": \"模型 - 编程大模型\"}', '127.0.0.1', 'Mozilla/5.0 (Windows NT 10.0; Win64; x64) AppleWebKit/537.36 (KHTML, like Gecko) Chrome/143.0.0.0 Safari/537.36 Edg/143.0.0.0', '2026-01-16 09:38:24');
INSERT INTO `audit_logs` VALUES (342, 5, 'create', 'visit_log', 12, '添加拜访日志：工单 WO37-R30-1768432415，有客户需求', '{\"task_name\": \"任务1\", \"visit_date\": \"2026-01-16\", \"work_order_id\": 41, \"work_order_no\": \"WO37-R30-1768432415\", \"opportunity_no\": null, \"has_opportunity\": true}', '127.0.0.1', 'Mozilla/5.0 (Windows NT 10.0; Win64; x64) AppleWebKit/537.36 (KHTML, like Gecko) Chrome/143.0.0.0 Safari/537.36 Edg/143.0.0.0', '2026-01-16 10:31:44');
INSERT INTO `audit_logs` VALUES (343, 1, 'create', 'option_config', 49, '创建选项配置: product - wwq', 'null', NULL, NULL, '2026-01-16 10:38:19');
INSERT INTO `audit_logs` VALUES (344, 1, 'delete', 'option_config', 48, '删除选项配置: product - qqwdq', 'null', NULL, NULL, '2026-01-16 11:05:05');
INSERT INTO `audit_logs` VALUES (345, 1, 'delete', 'option_config', 49, '删除选项配置: product - wwq', 'null', NULL, NULL, '2026-01-16 11:13:01');
INSERT INTO `audit_logs` VALUES (346, 1, 'create', 'option_config', 50, '创建选项配置: product - 测试', 'null', NULL, NULL, '2026-01-16 11:14:36');
INSERT INTO `audit_logs` VALUES (347, 1, 'create', 'option_config', 51, '创建选项配置: product - 测试子项目', 'null', NULL, NULL, '2026-01-16 11:16:30');
INSERT INTO `audit_logs` VALUES (348, 5, 'create', 'lead', 9, '创建线索：客户 asdas，任务 任务1，拜访日志 12', '{\"task_id\": 37, \"task_name\": \"任务1\", \"visit_log_id\": 12, \"customer_name\": \"asdas\", \"requirement_direction\": \"定制化AI应用服务\"}', '127.0.0.1', 'Mozilla/5.0 (Windows NT 10.0; Win64; x64) AppleWebKit/537.36 (KHTML, like Gecko) Chrome/143.0.0.0 Safari/537.36 Edg/143.0.0.0', '2026-01-16 11:17:29');
INSERT INTO `audit_logs` VALUES (349, 5, 'create', 'opportunity', 8, '从线索创建商机：asdasdasdas，客户单位：asdas', '{\"lead_id\": 9, \"task_id\": 37, \"customer_unit\": \"asdas\", \"opportunity_no\": \"asdasdasdas\"}', '127.0.0.1', 'Mozilla/5.0 (Windows NT 10.0; Win64; x64) AppleWebKit/537.36 (KHTML, like Gecko) Chrome/143.0.0.0 Safari/537.36 Edg/143.0.0.0', '2026-01-16 11:17:41');
INSERT INTO `audit_logs` VALUES (350, 5, 'create', 'visit_log', 13, '添加拜访日志：工单 WO29-R7-1768176766，有客户需求', '{\"task_name\": \"理想公司\", \"visit_date\": \"2026-01-16\", \"work_order_id\": 20, \"work_order_no\": \"WO29-R7-1768176766\", \"opportunity_no\": null, \"has_opportunity\": true}', '127.0.0.1', 'Mozilla/5.0 (Windows NT 10.0; Win64; x64) AppleWebKit/537.36 (KHTML, like Gecko) Chrome/143.0.0.0 Safari/537.36 Edg/143.0.0.0', '2026-01-16 11:36:34');
INSERT INTO `audit_logs` VALUES (351, 5, 'create', 'visit_log', 14, '添加拜访日志：工单 WO29-R6-1768176768，有客户需求', '{\"task_name\": \"理想公司\", \"visit_date\": \"2026-01-16\", \"work_order_id\": 21, \"work_order_no\": \"WO29-R6-1768176768\", \"opportunity_no\": null, \"has_opportunity\": true}', '127.0.0.1', 'Mozilla/5.0 (Windows NT 10.0; Win64; x64) AppleWebKit/537.36 (KHTML, like Gecko) Chrome/143.0.0.0 Safari/537.36 Edg/143.0.0.0', '2026-01-16 12:46:58');
INSERT INTO `audit_logs` VALUES (352, 2, 'create', 'task', 38, '创建任务：任务2', 'null', '127.0.0.1', 'Mozilla/5.0 (Windows NT 10.0; Win64; x64) AppleWebKit/537.36 (KHTML, like Gecko) Chrome/143.0.0.0 Safari/537.36 Edg/143.0.0.0', '2026-01-16 12:50:05');
INSERT INTO `audit_logs` VALUES (353, 1, 'confirm', 'task', 38, '确认任务：任务2，已自动派发给 4 个销售单位接口人', 'null', '127.0.0.1', 'Mozilla/5.0 (Windows NT 10.0; Win64; x64) AppleWebKit/537.36 (KHTML, like Gecko) Chrome/143.0.0.0 Safari/537.36 Edg/143.0.0.0', '2026-01-16 12:50:41');
INSERT INTO `audit_logs` VALUES (354, 34, 'submit', 'task', 38, '批量导入详细需求单：任务2，成功导入 2 条', '{\"failed_count\": 0, \"success_count\": 2}', '127.0.0.1', 'Mozilla/5.0 (Windows NT 10.0; Win64; x64) AppleWebKit/537.36 (KHTML, like Gecko) Chrome/143.0.0.0 Safari/537.36 Edg/143.0.0.0', '2026-01-16 12:51:38');
INSERT INTO `audit_logs` VALUES (355, 1, 'dispatch', 'task', 38, '派单详细需求：aasd（任务2），组长：小红', '{\"customer_unit\": \"aasd\", \"work_order_id\": 44, \"team_leader_id\": 4, \"detail_requirement_id\": 32}', '127.0.0.1', 'Mozilla/5.0 (Windows NT 10.0; Win64; x64) AppleWebKit/537.36 (KHTML, like Gecko) Chrome/143.0.0.0 Safari/537.36 Edg/143.0.0.0', '2026-01-16 12:51:56');
INSERT INTO `audit_logs` VALUES (356, 1, 'dispatch', 'task', 38, '派单详细需求：asdz（任务2），组长：小红', '{\"customer_unit\": \"asdz\", \"work_order_id\": 45, \"team_leader_id\": 4, \"detail_requirement_id\": 31}', '127.0.0.1', 'Mozilla/5.0 (Windows NT 10.0; Win64; x64) AppleWebKit/537.36 (KHTML, like Gecko) Chrome/143.0.0.0 Safari/537.36 Edg/143.0.0.0', '2026-01-16 12:51:59');
INSERT INTO `audit_logs` VALUES (357, 4, 'assign', 'work_order', 45, '转派工单：WO38-R31-1768510319，成员：张三', '{\"member_id\": 5, \"task_name\": \"任务2\"}', '127.0.0.1', 'Mozilla/5.0 (Windows NT 10.0; Win64; x64) AppleWebKit/537.36 (KHTML, like Gecko) Chrome/143.0.0.0 Safari/537.36 Edg/143.0.0.0', '2026-01-16 12:52:12');
INSERT INTO `audit_logs` VALUES (358, 4, 'assign', 'work_order', 44, '转派工单：WO38-R32-1768510316，成员：张三', '{\"member_id\": 5, \"task_name\": \"任务2\"}', '127.0.0.1', 'Mozilla/5.0 (Windows NT 10.0; Win64; x64) AppleWebKit/537.36 (KHTML, like Gecko) Chrome/143.0.0.0 Safari/537.36 Edg/143.0.0.0', '2026-01-16 12:52:16');
INSERT INTO `audit_logs` VALUES (359, 5, 'accept', 'work_order', 44, '接单：WO38-R32-1768510316', '{\"task_name\": \"任务2\", \"work_order_no\": \"WO38-R32-1768510316\"}', '127.0.0.1', 'Mozilla/5.0 (Windows NT 10.0; Win64; x64) AppleWebKit/537.36 (KHTML, like Gecko) Chrome/143.0.0.0 Safari/537.36 Edg/143.0.0.0', '2026-01-16 12:52:27');
INSERT INTO `audit_logs` VALUES (360, 5, 'accept', 'work_order', 45, '接单：WO38-R31-1768510319', '{\"task_name\": \"任务2\", \"work_order_no\": \"WO38-R31-1768510319\"}', '127.0.0.1', 'Mozilla/5.0 (Windows NT 10.0; Win64; x64) AppleWebKit/537.36 (KHTML, like Gecko) Chrome/143.0.0.0 Safari/537.36 Edg/143.0.0.0', '2026-01-16 12:52:30');
INSERT INTO `audit_logs` VALUES (361, 2, 'create', 'task', 39, '创建任务：asdasdasd', 'null', '127.0.0.1', 'Mozilla/5.0 (Windows NT 10.0; Win64; x64) AppleWebKit/537.36 (KHTML, like Gecko) Chrome/143.0.0.0 Safari/537.36 Edg/143.0.0.0', '2026-01-16 13:02:10');
INSERT INTO `audit_logs` VALUES (362, 1, 'confirm', 'task', 39, '确认任务：asdasdasd，已自动派发给 4 个销售单位接口人', 'null', '127.0.0.1', 'Mozilla/5.0 (Windows NT 10.0; Win64; x64) AppleWebKit/537.36 (KHTML, like Gecko) Chrome/143.0.0.0 Safari/537.36 Edg/143.0.0.0', '2026-01-16 13:02:23');
INSERT INTO `audit_logs` VALUES (363, 34, 'submit', 'task', 39, '批量导入详细需求单：asdasdasd，成功导入 2 条', '{\"failed_count\": 0, \"success_count\": 2}', '127.0.0.1', 'Mozilla/5.0 (Windows NT 10.0; Win64; x64) AppleWebKit/537.36 (KHTML, like Gecko) Chrome/143.0.0.0 Safari/537.36 Edg/143.0.0.0', '2026-01-16 13:02:46');
INSERT INTO `audit_logs` VALUES (364, 1, 'dispatch', 'task', 39, '派单详细需求：aasd（asdasdasd），组长：小红', '{\"customer_unit\": \"aasd\", \"work_order_id\": 46, \"team_leader_id\": 4, \"detail_requirement_id\": 34}', '127.0.0.1', 'Mozilla/5.0 (Windows NT 10.0; Win64; x64) AppleWebKit/537.36 (KHTML, like Gecko) Chrome/143.0.0.0 Safari/537.36 Edg/143.0.0.0', '2026-01-16 13:03:08');
INSERT INTO `audit_logs` VALUES (365, 1, 'dispatch', 'task', 39, '派单详细需求：asdz（asdasdasd），组长：小红', '{\"customer_unit\": \"asdz\", \"work_order_id\": 47, \"team_leader_id\": 4, \"detail_requirement_id\": 33}', '127.0.0.1', 'Mozilla/5.0 (Windows NT 10.0; Win64; x64) AppleWebKit/537.36 (KHTML, like Gecko) Chrome/143.0.0.0 Safari/537.36 Edg/143.0.0.0', '2026-01-16 13:03:11');
INSERT INTO `audit_logs` VALUES (366, 4, 'assign', 'work_order', 47, '转派工单：WO39-R33-1768510991，成员：张三', '{\"member_id\": 5, \"task_name\": \"asdasdasd\"}', '127.0.0.1', 'Mozilla/5.0 (Windows NT 10.0; Win64; x64) AppleWebKit/537.36 (KHTML, like Gecko) Chrome/143.0.0.0 Safari/537.36 Edg/143.0.0.0', '2026-01-16 13:04:52');
INSERT INTO `audit_logs` VALUES (367, 4, 'assign', 'work_order', 46, '转派工单：WO39-R34-1768510988，成员：张三', '{\"member_id\": 5, \"task_name\": \"asdasdasd\"}', '127.0.0.1', 'Mozilla/5.0 (Windows NT 10.0; Win64; x64) AppleWebKit/537.36 (KHTML, like Gecko) Chrome/143.0.0.0 Safari/537.36 Edg/143.0.0.0', '2026-01-16 13:05:00');
INSERT INTO `audit_logs` VALUES (368, 5, 'accept', 'work_order', 46, '接单：WO39-R34-1768510988', '{\"task_name\": \"asdasdasd\", \"work_order_no\": \"WO39-R34-1768510988\"}', '127.0.0.1', 'Mozilla/5.0 (Windows NT 10.0; Win64; x64) AppleWebKit/537.36 (KHTML, like Gecko) Chrome/143.0.0.0 Safari/537.36 Edg/143.0.0.0', '2026-01-16 13:05:10');
INSERT INTO `audit_logs` VALUES (369, 5, 'accept', 'work_order', 47, '接单：WO39-R33-1768510991', '{\"task_name\": \"asdasdasd\", \"work_order_no\": \"WO39-R33-1768510991\"}', '127.0.0.1', 'Mozilla/5.0 (Windows NT 10.0; Win64; x64) AppleWebKit/537.36 (KHTML, like Gecko) Chrome/143.0.0.0 Safari/537.36 Edg/143.0.0.0', '2026-01-16 13:05:12');
INSERT INTO `audit_logs` VALUES (370, 34, 'submit', 'task', 39, '提交详细需求单：asdasdasd，客户：aaa', 'null', '127.0.0.1', 'Mozilla/5.0 (Windows NT 10.0; Win64; x64) AppleWebKit/537.36 (KHTML, like Gecko) Chrome/143.0.0.0 Safari/537.36 Edg/143.0.0.0', '2026-01-16 13:08:05');
INSERT INTO `audit_logs` VALUES (371, 1, 'reject', 'task', 17, '拒绝任务：asdasd', '{\"rejection_reason\": \"asdas\"}', '127.0.0.1', 'Mozilla/5.0 (Windows NT 10.0; Win64; x64) AppleWebKit/537.36 (KHTML, like Gecko) Chrome/143.0.0.0 Safari/537.36 Edg/143.0.0.0', '2026-01-16 13:08:35');
INSERT INTO `audit_logs` VALUES (372, 2, 'create', 'task', 40, '创建任务：asdsa', 'null', '127.0.0.1', 'Mozilla/5.0 (Windows NT 10.0; Win64; x64) AppleWebKit/537.36 (KHTML, like Gecko) Chrome/143.0.0.0 Safari/537.36 Edg/143.0.0.0', '2026-01-16 13:11:33');
INSERT INTO `audit_logs` VALUES (373, 1, 'confirm', 'task', 40, '确认任务：asdsa，已自动派发给 1 个销售单位接口人', 'null', '127.0.0.1', 'Mozilla/5.0 (Windows NT 10.0; Win64; x64) AppleWebKit/537.36 (KHTML, like Gecko) Chrome/143.0.0.0 Safari/537.36 Edg/143.0.0.0', '2026-01-16 13:12:27');
INSERT INTO `audit_logs` VALUES (374, 36, 'submit', 'task', 40, '提交详细需求单：asdsa，客户：asda', 'null', '127.0.0.1', 'Mozilla/5.0 (Windows NT 10.0; Win64; x64) AppleWebKit/537.36 (KHTML, like Gecko) Chrome/143.0.0.0 Safari/537.36 Edg/143.0.0.0', '2026-01-16 13:13:48');
INSERT INTO `audit_logs` VALUES (375, 1, 'dispatch', 'task', 40, '派单详细需求：asda（asdsa），组长：小红', '{\"customer_unit\": \"asda\", \"work_order_id\": 48, \"team_leader_id\": 4, \"detail_requirement_id\": 36}', '127.0.0.1', 'Mozilla/5.0 (Windows NT 10.0; Win64; x64) AppleWebKit/537.36 (KHTML, like Gecko) Chrome/143.0.0.0 Safari/537.36 Edg/143.0.0.0', '2026-01-16 13:14:05');
INSERT INTO `audit_logs` VALUES (376, 1, 'dispatch', 'task', 39, '派单详细需求：aaa（asdasdasd），组长：小红', '{\"customer_unit\": \"aaa\", \"work_order_id\": 49, \"team_leader_id\": 4, \"detail_requirement_id\": 35}', '127.0.0.1', 'Mozilla/5.0 (Windows NT 10.0; Win64; x64) AppleWebKit/537.36 (KHTML, like Gecko) Chrome/143.0.0.0 Safari/537.36 Edg/143.0.0.0', '2026-01-16 13:14:19');
INSERT INTO `audit_logs` VALUES (377, 1, 'update', 'task', 39, '关闭任务：asdasdasd', '{\"close_reason\": \"hauda\"}', '127.0.0.1', 'Mozilla/5.0 (Windows NT 10.0; Win64; x64) AppleWebKit/537.36 (KHTML, like Gecko) Chrome/143.0.0.0 Safari/537.36 Edg/143.0.0.0', '2026-01-16 13:15:36');
INSERT INTO `audit_logs` VALUES (378, 5, 'create', 'visit_log', 15, '添加拜访日志：工单 WO20-1768166074，有客户需求', '{\"task_name\": \"asda\", \"visit_date\": \"2026-01-16\", \"work_order_id\": 11, \"work_order_no\": \"WO20-1768166074\", \"opportunity_no\": null, \"has_opportunity\": true}', '127.0.0.1', 'Mozilla/5.0 (Windows NT 10.0; Win64; x64) AppleWebKit/537.36 (KHTML, like Gecko) Chrome/143.0.0.0 Safari/537.36 Edg/143.0.0.0', '2026-01-16 13:24:20');
INSERT INTO `audit_logs` VALUES (379, 1, 'create', 'option_config', 54, '创建选项配置: requirement_direction - 测试9', 'null', '127.0.0.1', 'Mozilla/5.0 (Windows NT 10.0; Win64; x64) AppleWebKit/537.36 (KHTML, like Gecko) Chrome/143.0.0.0 Safari/537.36 Edg/143.0.0.0', '2026-01-16 13:39:43');
INSERT INTO `audit_logs` VALUES (380, 1, 'create', 'option_config', 55, '创建选项配置: requirement_direction - adas', 'null', '127.0.0.1', 'Mozilla/5.0 (Windows NT 10.0; Win64; x64) AppleWebKit/537.36 (KHTML, like Gecko) Chrome/143.0.0.0 Safari/537.36', '2026-01-16 13:43:13');
INSERT INTO `audit_logs` VALUES (381, 1, 'delete', 'option_config', 48, '删除选项配置: product - qqwdq', 'null', '127.0.0.1', 'Mozilla/5.0 (Windows NT 10.0; Win64; x64) AppleWebKit/537.36 (KHTML, like Gecko) Chrome/143.0.0.0 Safari/537.36', '2026-01-16 13:43:41');
INSERT INTO `audit_logs` VALUES (382, 1, 'create', 'option_config', 56, '创建选项配置: requirement_direction - adasdasdas', 'null', '127.0.0.1', 'Mozilla/5.0 (Windows NT 10.0; Win64; x64) AppleWebKit/537.36 (KHTML, like Gecko) Chrome/143.0.0.0 Safari/537.36', '2026-01-16 13:45:05');
INSERT INTO `audit_logs` VALUES (383, 8, 'accept', 'work_order', 34, '接单：WO35-R22-1768342530', '{\"task_name\": \"宝山项目\", \"work_order_no\": \"WO35-R22-1768342530\"}', '127.0.0.1', 'Mozilla/5.0 (Windows NT 10.0; Win64; x64) AppleWebKit/537.36 (KHTML, like Gecko) Chrome/143.0.0.0 Safari/537.36', '2026-01-16 13:56:55');
INSERT INTO `audit_logs` VALUES (384, 4, 'update', 'opportunity', 8, '更新商机信息：asdasdasdas', '{\"new_status\": null, \"old_status\": \"OpportunityStatus.CREATED\", \"updated_fields\": [\"customer_unit\", \"required_products\", \"description\"]}', '127.0.0.1', 'Mozilla/5.0 (Windows NT 10.0; Win64; x64) AppleWebKit/537.36 (KHTML, like Gecko) Chrome/143.0.0.0 Safari/537.36', '2026-01-16 14:03:08');
INSERT INTO `audit_logs` VALUES (385, 5, 'create', 'opportunity', 9, '从线索创建商机：ada，客户单位：adqd', '{\"lead_id\": 8, \"task_id\": 9, \"customer_unit\": \"adqd\", \"opportunity_no\": \"ada\"}', '127.0.0.1', 'Mozilla/5.0 (Windows NT 10.0; Win64; x64) AppleWebKit/537.36 (KHTML, like Gecko) Chrome/143.0.0.0 Safari/537.36', '2026-01-16 14:09:41');
INSERT INTO `audit_logs` VALUES (386, 5, 'create', 'opportunity', 10, '从线索创建商机：qwwq，客户单位：qwdqd', '{\"lead_id\": 7, \"task_id\": 11, \"customer_unit\": \"qwdqd\", \"opportunity_no\": \"qwwq\"}', '127.0.0.1', 'Mozilla/5.0 (Windows NT 10.0; Win64; x64) AppleWebKit/537.36 (KHTML, like Gecko) Chrome/143.0.0.0 Safari/537.36', '2026-01-16 14:16:11');
INSERT INTO `audit_logs` VALUES (387, 5, 'create', 'visit_log', 16, '添加拜访日志：工单 WO39-R34-1768510988，有客户需求', '{\"task_name\": \"asdasdasd\", \"visit_date\": \"2026-01-16\", \"work_order_id\": 46, \"work_order_no\": \"WO39-R34-1768510988\", \"opportunity_no\": null, \"has_opportunity\": true}', '127.0.0.1', 'Mozilla/5.0 (Windows NT 10.0; Win64; x64) AppleWebKit/537.36 (KHTML, like Gecko) Chrome/143.0.0.0 Safari/537.36', '2026-01-16 14:20:41');
INSERT INTO `audit_logs` VALUES (388, 5, 'create', 'lead', 10, '创建线索：客户 qdqwd，任务 asdasdasd，拜访日志 16', '{\"task_id\": 39, \"task_name\": \"asdasdasd\", \"visit_log_id\": 16, \"customer_name\": \"qdqwd\", \"requirement_direction\": \"模型 - 编程大模型\"}', '127.0.0.1', 'Mozilla/5.0 (Windows NT 10.0; Win64; x64) AppleWebKit/537.36 (KHTML, like Gecko) Chrome/143.0.0.0 Safari/537.36', '2026-01-16 14:21:13');
INSERT INTO `audit_logs` VALUES (389, 5, 'create', 'opportunity', 11, '从线索创建商机：qwdwq，客户单位：qdqwd', '{\"lead_id\": 10, \"task_id\": 39, \"customer_unit\": \"qdqwd\", \"opportunity_no\": \"qwdwq\"}', '127.0.0.1', 'Mozilla/5.0 (Windows NT 10.0; Win64; x64) AppleWebKit/537.36 (KHTML, like Gecko) Chrome/143.0.0.0 Safari/537.36', '2026-01-16 14:21:25');
INSERT INTO `audit_logs` VALUES (390, 5, 'create', 'lead', 11, '创建线索：客户 qwdqdq，任务 asda，拜访日志 15', '{\"task_id\": 20, \"task_name\": \"asda\", \"visit_log_id\": 15, \"customer_name\": \"qwdqdq\", \"requirement_direction\": \"模型 - 编程大模型\"}', '127.0.0.1', 'Mozilla/5.0 (Windows NT 10.0; Win64; x64) AppleWebKit/537.36 (KHTML, like Gecko) Chrome/143.0.0.0 Safari/537.36', '2026-01-16 14:22:47');
INSERT INTO `audit_logs` VALUES (391, 5, 'create', 'opportunity', 12, '从线索创建商机：dqwdwqdq，客户单位：qwdqdq', '{\"lead_id\": 11, \"task_id\": 20, \"customer_unit\": \"qwdqdq\", \"opportunity_no\": \"dqwdwqdq\"}', '127.0.0.1', 'Mozilla/5.0 (Windows NT 10.0; Win64; x64) AppleWebKit/537.36 (KHTML, like Gecko) Chrome/143.0.0.0 Safari/537.36', '2026-01-16 14:23:11');
INSERT INTO `audit_logs` VALUES (392, 4, 'update', 'opportunity', 11, '更新商机信息：qwdwq', '{\"new_status\": null, \"old_status\": \"OpportunityStatus.CREATED\", \"updated_fields\": [\"customer_unit\", \"required_products\", \"description\", \"expected_amount\"]}', '127.0.0.1', 'Mozilla/5.0 (Windows NT 10.0; Win64; x64) AppleWebKit/537.36 (KHTML, like Gecko) Chrome/143.0.0.0 Safari/537.36', '2026-01-16 14:27:26');
INSERT INTO `audit_logs` VALUES (393, 4, 'update', 'opportunity', 11, '更新商机状态：qwdwq，状态：OpportunityStatus.IN_PROGRESS', '{\"new_status\": \"OpportunityStatus.IN_PROGRESS\", \"old_status\": \"OpportunityStatus.CREATED\", \"updated_fields\": []}', '127.0.0.1', 'Mozilla/5.0 (Windows NT 10.0; Win64; x64) AppleWebKit/537.36 (KHTML, like Gecko) Chrome/143.0.0.0 Safari/537.36', '2026-01-16 14:27:33');
INSERT INTO `audit_logs` VALUES (394, 5, 'create', 'lead', 12, '创建线索：客户 asdsa，任务 理想公司，拜访日志 13', '{\"task_id\": 29, \"task_name\": \"理想公司\", \"visit_log_id\": 13, \"customer_name\": \"asdsa\", \"requirement_direction\": \"模型 - 编程大模型\"}', '127.0.0.1', 'Mozilla/5.0 (Windows NT 10.0; Win64; x64) AppleWebKit/537.36 (KHTML, like Gecko) Chrome/143.0.0.0 Safari/537.36', '2026-01-16 14:30:27');
INSERT INTO `audit_logs` VALUES (395, 5, 'create', 'opportunity', 13, '从线索创建商机：asdas，客户单位：asdsa', '{\"lead_id\": 12, \"task_id\": 29, \"customer_unit\": \"asdsa\", \"opportunity_no\": \"asdas\"}', '127.0.0.1', 'Mozilla/5.0 (Windows NT 10.0; Win64; x64) AppleWebKit/537.36 (KHTML, like Gecko) Chrome/143.0.0.0 Safari/537.36', '2026-01-16 14:30:50');
INSERT INTO `audit_logs` VALUES (396, 4, 'update', 'opportunity', 10, '更新商机信息：qwwq', '{\"new_status\": null, \"old_status\": \"OpportunityStatus.CREATED\", \"updated_fields\": [\"customer_unit\", \"required_products\", \"description\", \"expected_amount\"]}', '127.0.0.1', 'Mozilla/5.0 (Windows NT 10.0; Win64; x64) AppleWebKit/537.36 (KHTML, like Gecko) Chrome/143.0.0.0 Safari/537.36', '2026-01-16 14:33:36');
INSERT INTO `audit_logs` VALUES (397, 4, 'update', 'opportunity', 10, '更新商机信息：qwwq', '{\"new_status\": null, \"old_status\": \"OpportunityStatus.CREATED\", \"updated_fields\": [\"customer_unit\", \"required_products\", \"description\", \"expected_amount\"]}', '127.0.0.1', 'Mozilla/5.0 (Windows NT 10.0; Win64; x64) AppleWebKit/537.36 (KHTML, like Gecko) Chrome/143.0.0.0 Safari/537.36', '2026-01-16 14:33:42');
INSERT INTO `audit_logs` VALUES (398, 4, 'update', 'opportunity', 10, '更新商机信息：qwwq', '{\"new_status\": null, \"old_status\": \"OpportunityStatus.CREATED\", \"updated_fields\": [\"customer_unit\", \"required_products\", \"description\", \"expected_amount\"]}', '127.0.0.1', 'Mozilla/5.0 (Windows NT 10.0; Win64; x64) AppleWebKit/537.36 (KHTML, like Gecko) Chrome/143.0.0.0 Safari/537.36', '2026-01-16 14:33:58');
INSERT INTO `audit_logs` VALUES (399, 4, 'update', 'opportunity', 10, '更新商机信息：qwwq', '{\"new_status\": null, \"old_status\": \"OpportunityStatus.CREATED\", \"updated_fields\": [\"customer_unit\", \"required_products\", \"description\"]}', '127.0.0.1', 'Mozilla/5.0 (Windows NT 10.0; Win64; x64) AppleWebKit/537.36 (KHTML, like Gecko) Chrome/143.0.0.0 Safari/537.36', '2026-01-16 14:36:54');
INSERT INTO `audit_logs` VALUES (400, 4, 'update', 'opportunity', 10, '更新商机信息：qwwq', '{\"new_status\": null, \"old_status\": \"OpportunityStatus.CREATED\", \"updated_fields\": [\"customer_unit\", \"required_products\", \"description\"]}', '127.0.0.1', 'Mozilla/5.0 (Windows NT 10.0; Win64; x64) AppleWebKit/537.36 (KHTML, like Gecko) Chrome/143.0.0.0 Safari/537.36', '2026-01-16 14:36:58');
INSERT INTO `audit_logs` VALUES (401, 4, 'update', 'opportunity', 10, '更新商机信息：qwwq', '{\"new_status\": null, \"old_status\": \"OpportunityStatus.CREATED\", \"updated_fields\": [\"customer_unit\", \"required_products\", \"description\"]}', '127.0.0.1', 'Mozilla/5.0 (Windows NT 10.0; Win64; x64) AppleWebKit/537.36 (KHTML, like Gecko) Chrome/143.0.0.0 Safari/537.36', '2026-01-16 14:37:06');
INSERT INTO `audit_logs` VALUES (402, 4, 'update', 'opportunity', 10, '更新商机信息：qwwq', '{\"new_status\": null, \"old_status\": \"OpportunityStatus.CREATED\", \"updated_fields\": [\"customer_unit\", \"required_products\", \"description\"]}', '127.0.0.1', 'Mozilla/5.0 (Windows NT 10.0; Win64; x64) AppleWebKit/537.36 (KHTML, like Gecko) Chrome/143.0.0.0 Safari/537.36', '2026-01-16 14:37:14');
INSERT INTO `audit_logs` VALUES (403, 4, 'update', 'opportunity', 10, '更新商机信息：qwwq', '{\"new_status\": null, \"old_status\": \"OpportunityStatus.CREATED\", \"updated_fields\": [\"customer_unit\", \"required_products\", \"description\"]}', '127.0.0.1', 'Mozilla/5.0 (Windows NT 10.0; Win64; x64) AppleWebKit/537.36 (KHTML, like Gecko) Chrome/143.0.0.0 Safari/537.36', '2026-01-16 14:39:33');
INSERT INTO `audit_logs` VALUES (404, 4, 'update', 'opportunity', 10, '更新商机信息：qwwq', '{\"new_status\": null, \"old_status\": \"OpportunityStatus.CREATED\", \"updated_fields\": [\"customer_unit\", \"required_products\", \"description\"]}', '127.0.0.1', 'Mozilla/5.0 (Windows NT 10.0; Win64; x64) AppleWebKit/537.36 (KHTML, like Gecko) Chrome/143.0.0.0 Safari/537.36', '2026-01-16 14:39:42');
INSERT INTO `audit_logs` VALUES (405, 4, 'update', 'opportunity', 10, '更新商机信息：qwwq', '{\"new_status\": null, \"old_status\": \"OpportunityStatus.CREATED\", \"updated_fields\": [\"customer_unit\", \"required_products\", \"description\", \"expected_amount\"]}', '127.0.0.1', 'Mozilla/5.0 (Windows NT 10.0; Win64; x64) AppleWebKit/537.36 (KHTML, like Gecko) Chrome/143.0.0.0 Safari/537.36', '2026-01-16 14:42:28');
INSERT INTO `audit_logs` VALUES (406, 4, 'update', 'opportunity', 11, '更新商机信息：qwdwq', '{\"new_status\": null, \"old_status\": \"OpportunityStatus.IN_PROGRESS\", \"updated_fields\": [\"customer_unit\", \"required_products\", \"description\", \"expected_amount\"]}', '127.0.0.1', 'Mozilla/5.0 (Windows NT 10.0; Win64; x64) AppleWebKit/537.36 (KHTML, like Gecko) Chrome/143.0.0.0 Safari/537.36', '2026-01-16 14:42:53');
INSERT INTO `audit_logs` VALUES (407, 4, 'update', 'opportunity', 11, '更新商机信息：qwdwq', '{\"new_status\": null, \"old_status\": \"OpportunityStatus.IN_PROGRESS\", \"updated_fields\": [\"customer_unit\", \"required_products\", \"description\", \"expected_amount\"]}', '127.0.0.1', 'Mozilla/5.0 (Windows NT 10.0; Win64; x64) AppleWebKit/537.36 (KHTML, like Gecko) Chrome/143.0.0.0 Safari/537.36', '2026-01-16 14:46:00');
INSERT INTO `audit_logs` VALUES (408, 4, 'update', 'opportunity', 11, '更新商机信息：qwdwq', '{\"new_status\": null, \"old_status\": \"OpportunityStatus.IN_PROGRESS\", \"updated_fields\": [\"customer_unit\", \"required_products\", \"description\", \"expected_amount\"]}', '127.0.0.1', 'Mozilla/5.0 (Windows NT 10.0; Win64; x64) AppleWebKit/537.36 (KHTML, like Gecko) Chrome/143.0.0.0 Safari/537.36', '2026-01-16 14:46:44');
INSERT INTO `audit_logs` VALUES (409, 4, 'update', 'opportunity', 11, '更新商机信息：qwdwq', '{\"new_status\": null, \"old_status\": \"OpportunityStatus.IN_PROGRESS\", \"updated_fields\": [\"customer_unit\", \"required_products\", \"description\", \"expected_amount\"]}', '127.0.0.1', 'Mozilla/5.0 (Windows NT 10.0; Win64; x64) AppleWebKit/537.36 (KHTML, like Gecko) Chrome/143.0.0.0 Safari/537.36', '2026-01-16 14:51:16');
INSERT INTO `audit_logs` VALUES (410, 5, 'create', 'lead', 13, '创建线索：客户 asdada，任务 晓助理，拜访日志 9', '{\"task_id\": 11, \"task_name\": \"晓助理\", \"visit_log_id\": 9, \"customer_name\": \"asdada\", \"requirement_direction\": \"应用 - AI编程\"}', '127.0.0.1', 'Mozilla/5.0 (Windows NT 10.0; Win64; x64) AppleWebKit/537.36 (KHTML, like Gecko) Chrome/143.0.0.0 Safari/537.36', '2026-01-16 14:51:45');
INSERT INTO `audit_logs` VALUES (411, 5, 'create', 'opportunity', 14, '从线索创建商机：dq，客户单位：asdada', '{\"lead_id\": 13, \"task_id\": 11, \"customer_unit\": \"asdada\", \"opportunity_no\": \"dq\"}', '127.0.0.1', 'Mozilla/5.0 (Windows NT 10.0; Win64; x64) AppleWebKit/537.36 (KHTML, like Gecko) Chrome/143.0.0.0 Safari/537.36', '2026-01-16 14:52:02');
INSERT INTO `audit_logs` VALUES (412, 5, 'create', 'visit_log', 17, '添加拜访日志：工单 WO39-R33-1768510991，有客户需求', '{\"task_name\": \"asdasdasd\", \"visit_date\": \"2026-01-16\", \"work_order_id\": 47, \"work_order_no\": \"WO39-R33-1768510991\", \"opportunity_no\": null, \"has_opportunity\": true}', '127.0.0.1', 'Mozilla/5.0 (Windows NT 10.0; Win64; x64) AppleWebKit/537.36 (KHTML, like Gecko) Chrome/143.0.0.0 Safari/537.36', '2026-01-16 15:03:23');
INSERT INTO `audit_logs` VALUES (413, 5, 'create', 'lead', 14, '创建线索：客户 qwqd，任务 asdasdasd，拜访日志 17', '{\"task_id\": 39, \"task_name\": \"asdasdasd\", \"visit_log_id\": 17, \"customer_name\": \"qwqd\", \"requirement_direction\": \"模型 - 编程大模型\"}', '127.0.0.1', 'Mozilla/5.0 (Windows NT 10.0; Win64; x64) AppleWebKit/537.36 (KHTML, like Gecko) Chrome/143.0.0.0 Safari/537.36', '2026-01-16 15:03:33');
INSERT INTO `audit_logs` VALUES (414, 5, 'create', 'opportunity', 15, '从线索创建商机：qwdqdqd，客户单位：qwqd', '{\"lead_id\": 14, \"task_id\": 39, \"customer_unit\": \"qwqd\", \"opportunity_no\": \"qwdqdqd\"}', '127.0.0.1', 'Mozilla/5.0 (Windows NT 10.0; Win64; x64) AppleWebKit/537.36 (KHTML, like Gecko) Chrome/143.0.0.0 Safari/537.36', '2026-01-16 15:03:47');
INSERT INTO `audit_logs` VALUES (415, 5, 'update', 'opportunity', 15, '更新商机状态：qwdqdqd，状态：OpportunityStatus.WON，转定金额：10', '{\"new_status\": \"OpportunityStatus.WON\", \"old_status\": \"OpportunityStatus.CREATED\", \"updated_fields\": []}', '127.0.0.1', 'Mozilla/5.0 (Windows NT 10.0; Win64; x64) AppleWebKit/537.36 (KHTML, like Gecko) Chrome/143.0.0.0 Safari/537.36', '2026-01-16 15:09:24');
INSERT INTO `audit_logs` VALUES (416, 5, 'update', 'opportunity', 14, '更新商机状态：dq，状态：OpportunityStatus.WON，转定金额：10', '{\"new_status\": \"OpportunityStatus.WON\", \"old_status\": \"OpportunityStatus.CREATED\", \"updated_fields\": []}', '127.0.0.1', 'Mozilla/5.0 (Windows NT 10.0; Win64; x64) AppleWebKit/537.36 (KHTML, like Gecko) Chrome/143.0.0.0 Safari/537.36', '2026-01-16 15:09:37');
INSERT INTO `audit_logs` VALUES (417, 1, 'update', 'group', 14, '更新组：海卓组', 'null', '127.0.0.1', 'Mozilla/5.0 (Windows NT 10.0; Win64; x64) AppleWebKit/537.36 (KHTML, like Gecko) Chrome/143.0.0.0 Safari/537.36', '2026-01-16 15:19:21');
INSERT INTO `audit_logs` VALUES (418, 1, 'update', 'group', 15, '更新组：阿网组', 'null', '127.0.0.1', 'Mozilla/5.0 (Windows NT 10.0; Win64; x64) AppleWebKit/537.36 (KHTML, like Gecko) Chrome/143.0.0.0 Safari/537.36', '2026-01-16 15:19:27');
INSERT INTO `audit_logs` VALUES (419, 1, 'update', 'group', 16, '更新组：云能力中心组', 'null', '127.0.0.1', 'Mozilla/5.0 (Windows NT 10.0; Win64; x64) AppleWebKit/537.36 (KHTML, like Gecko) Chrome/143.0.0.0 Safari/537.36', '2026-01-16 15:19:39');
INSERT INTO `audit_logs` VALUES (420, 1, 'update', 'group', 17, '更新组：区局组', 'null', '127.0.0.1', 'Mozilla/5.0 (Windows NT 10.0; Win64; x64) AppleWebKit/537.36 (KHTML, like Gecko) Chrome/143.0.0.0 Safari/537.36', '2026-01-16 15:19:48');
INSERT INTO `audit_logs` VALUES (421, 5, 'create', 'lead', 15, '创建线索：客户 fewfaf，任务 asdasdasd，拜访日志 17', '{\"task_id\": 39, \"task_name\": \"asdasdasd\", \"visit_log_id\": 17, \"customer_name\": \"fewfaf\", \"requirement_direction\": \"算力 - 英伟达算力\"}', '127.0.0.1', 'Mozilla/5.0 (Windows NT 10.0; Win64; x64) AppleWebKit/537.36 (KHTML, like Gecko) Chrome/143.0.0.0 Safari/537.36 Edg/143.0.0.0', '2026-01-17 23:14:01');
INSERT INTO `audit_logs` VALUES (422, 5, 'create', 'opportunity', 16, '从线索创建商机：wdwqd，客户单位：fewfaf', '{\"lead_id\": 15, \"task_id\": 39, \"customer_unit\": \"fewfaf\", \"opportunity_no\": \"wdwqd\"}', '127.0.0.1', 'Mozilla/5.0 (Windows NT 10.0; Win64; x64) AppleWebKit/537.36 (KHTML, like Gecko) Chrome/143.0.0.0 Safari/537.36 Edg/143.0.0.0', '2026-01-17 23:14:15');
INSERT INTO `audit_logs` VALUES (423, 1, 'update', 'option_config', 48, '更新选项配置: product - qqwdq', 'null', '127.0.0.1', 'Mozilla/5.0 (Windows NT 10.0; Win64; x64) AppleWebKit/537.36 (KHTML, like Gecko) Chrome/143.0.0.0 Safari/537.36 Edg/143.0.0.0', '2026-01-18 09:26:26');
INSERT INTO `audit_logs` VALUES (424, 1, 'update', 'option_config', 49, '更新选项配置: product - wwq', 'null', '127.0.0.1', 'Mozilla/5.0 (Windows NT 10.0; Win64; x64) AppleWebKit/537.36 (KHTML, like Gecko) Chrome/143.0.0.0 Safari/537.36 Edg/143.0.0.0', '2026-01-18 09:26:28');
INSERT INTO `audit_logs` VALUES (425, 1, 'update', 'option_config', 49, '更新选项配置: product - wwq', 'null', '127.0.0.1', 'Mozilla/5.0 (Windows NT 10.0; Win64; x64) AppleWebKit/537.36 (KHTML, like Gecko) Chrome/143.0.0.0 Safari/537.36 Edg/143.0.0.0', '2026-01-18 09:26:30');
INSERT INTO `audit_logs` VALUES (426, 1, 'update', 'option_config', 48, '更新选项配置: product - qqwdq', 'null', '127.0.0.1', 'Mozilla/5.0 (Windows NT 10.0; Win64; x64) AppleWebKit/537.36 (KHTML, like Gecko) Chrome/143.0.0.0 Safari/537.36 Edg/143.0.0.0', '2026-01-18 09:26:32');
INSERT INTO `audit_logs` VALUES (427, 1, 'update', 'task', 6, '关闭任务：智云一体机', '{\"close_reason\": \"aXas\"}', '127.0.0.1', 'Mozilla/5.0 (Windows NT 10.0; Win64; x64) AppleWebKit/537.36 (KHTML, like Gecko) Chrome/143.0.0.0 Safari/537.36', '2026-01-18 10:02:07');
INSERT INTO `audit_logs` VALUES (428, 1, 'create', 'option_config', 57, '创建选项配置: requirement_direction - 测试6', 'null', '127.0.0.1', 'Mozilla/5.0 (Windows NT 10.0; Win64; x64) AppleWebKit/537.36 (KHTML, like Gecko) Chrome/143.0.0.0 Safari/537.36', '2026-01-18 10:13:40');
INSERT INTO `audit_logs` VALUES (429, 1, 'update', 'option_config', 57, '更新选项配置: requirement_direction - 测试6', 'null', '127.0.0.1', 'Mozilla/5.0 (Windows NT 10.0; Win64; x64) AppleWebKit/537.36 (KHTML, like Gecko) Chrome/143.0.0.0 Safari/537.36', '2026-01-18 10:13:53');
INSERT INTO `audit_logs` VALUES (430, 1, 'create', 'option_config', 58, '创建选项配置: requirement_direction - cssdvsdv', 'null', '127.0.0.1', 'Mozilla/5.0 (Windows NT 10.0; Win64; x64) AppleWebKit/537.36 (KHTML, like Gecko) Chrome/143.0.0.0 Safari/537.36', '2026-01-18 10:14:07');
INSERT INTO `audit_logs` VALUES (431, 1, 'update', 'group', 14, '从组 海卓组 移除 1 个成员', 'null', '127.0.0.1', 'Mozilla/5.0 (Windows NT 10.0; Win64; x64) AppleWebKit/537.36 (KHTML, like Gecko) Chrome/143.0.0.0 Safari/537.36', '2026-01-18 10:14:33');
INSERT INTO `audit_logs` VALUES (432, 1, 'update', 'group', 14, '向组 海卓组 添加 1 个成员', 'null', '127.0.0.1', 'Mozilla/5.0 (Windows NT 10.0; Win64; x64) AppleWebKit/537.36 (KHTML, like Gecko) Chrome/143.0.0.0 Safari/537.36', '2026-01-18 10:14:39');
INSERT INTO `audit_logs` VALUES (433, 1, 'update', 'group', 17, '更新组：区局组', 'null', '127.0.0.1', 'Mozilla/5.0 (Windows NT 10.0; Win64; x64) AppleWebKit/537.36 (KHTML, like Gecko) Chrome/143.0.0.0 Safari/537.36', '2026-01-18 10:14:56');
INSERT INTO `audit_logs` VALUES (434, 1, 'reset_password', 'user', 32, '重置用户密码：afasfas', 'null', '127.0.0.1', 'Mozilla/5.0 (Windows NT 10.0; Win64; x64) AppleWebKit/537.36 (KHTML, like Gecko) Chrome/143.0.0.0 Safari/537.36', '2026-01-18 10:15:13');
INSERT INTO `audit_logs` VALUES (435, 1, 'delete', 'user', 32, '删除用户：afasfas', 'null', '127.0.0.1', 'Mozilla/5.0 (Windows NT 10.0; Win64; x64) AppleWebKit/537.36 (KHTML, like Gecko) Chrome/143.0.0.0 Safari/537.36', '2026-01-18 10:15:18');
INSERT INTO `audit_logs` VALUES (436, 1, 'update', 'task', 15, '关闭任务：asda', '{\"close_reason\": \"nf\"}', '127.0.0.1', 'Mozilla/5.0 (Windows NT 10.0; Win64; x64) AppleWebKit/537.36 (KHTML, like Gecko) Chrome/143.0.0.0 Safari/537.36', '2026-01-18 10:31:11');
INSERT INTO `audit_logs` VALUES (437, 1, 'update', 'task', 12, '关闭任务：adsfsa', '{\"close_reason\": \"gwes\"}', '127.0.0.1', 'Mozilla/5.0 (Windows NT 10.0; Win64; x64) AppleWebKit/537.36 (KHTML, like Gecko) Chrome/143.0.0.0 Safari/537.36', '2026-01-18 10:31:21');
INSERT INTO `audit_logs` VALUES (438, 1, 'create', 'option_config', 59, '创建选项配置: product - 测试三级', 'null', '127.0.0.1', 'Mozilla/5.0 (Windows NT 10.0; Win64; x64) AppleWebKit/537.36 (KHTML, like Gecko) Chrome/143.0.0.0 Safari/537.36 Edg/143.0.0.0', '2026-01-19 13:12:10');
INSERT INTO `audit_logs` VALUES (439, 1, 'create', 'option_config', 60, '创建选项配置: product - 测试四级', 'null', '127.0.0.1', 'Mozilla/5.0 (Windows NT 10.0; Win64; x64) AppleWebKit/537.36 (KHTML, like Gecko) Chrome/143.0.0.0 Safari/537.36 Edg/143.0.0.0', '2026-01-19 13:12:38');
INSERT INTO `audit_logs` VALUES (440, 1, 'create', 'option_config', 61, '创建选项配置: requirement_direction - 测试3', 'null', '127.0.0.1', 'Mozilla/5.0 (Windows NT 10.0; Win64; x64) AppleWebKit/537.36 (KHTML, like Gecko) Chrome/143.0.0.0 Safari/537.36 Edg/143.0.0.0', '2026-01-19 13:18:35');
INSERT INTO `audit_logs` VALUES (441, 1, 'create', 'option_config', 62, '创建选项配置: requirement_direction - 测试4', 'null', '127.0.0.1', 'Mozilla/5.0 (Windows NT 10.0; Win64; x64) AppleWebKit/537.36 (KHTML, like Gecko) Chrome/143.0.0.0 Safari/537.36 Edg/143.0.0.0', '2026-01-19 13:18:46');
INSERT INTO `audit_logs` VALUES (442, 5, 'update', 'work_order', 45, '完成工单：WO38-R31-1768510319', '{\"task_name\": \"任务2\", \"new_status\": \"completed\", \"old_status\": \"accepted\"}', '127.0.0.1', 'Mozilla/5.0 (Windows NT 10.0; Win64; x64) AppleWebKit/537.36 (KHTML, like Gecko) Chrome/143.0.0.0 Safari/537.36 Edg/143.0.0.0', '2026-01-19 15:38:17');
INSERT INTO `audit_logs` VALUES (443, 5, 'update', 'work_order', 46, '完成工单：WO39-R34-1768510988', '{\"task_name\": \"asdasdasd\", \"new_status\": \"completed\", \"old_status\": \"accepted\"}', '127.0.0.1', 'Mozilla/5.0 (Windows NT 10.0; Win64; x64) AppleWebKit/537.36 (KHTML, like Gecko) Chrome/143.0.0.0 Safari/537.36 Edg/143.0.0.0', '2026-01-19 15:40:39');
INSERT INTO `audit_logs` VALUES (444, 5, 'update', 'work_order', 21, '完成工单：WO29-R6-1768176768', '{\"task_name\": \"理想公司\", \"new_status\": \"completed\", \"old_status\": \"accepted\"}', '127.0.0.1', 'Mozilla/5.0 (Windows NT 10.0; Win64; x64) AppleWebKit/537.36 (KHTML, like Gecko) Chrome/143.0.0.0 Safari/537.36 Edg/143.0.0.0', '2026-01-19 15:40:42');
INSERT INTO `audit_logs` VALUES (445, 5, 'update', 'work_order', 11, '完成工单：WO20-1768166074', '{\"task_name\": \"asda\", \"new_status\": \"completed\", \"old_status\": \"accepted\"}', '127.0.0.1', 'Mozilla/5.0 (Windows NT 10.0; Win64; x64) AppleWebKit/537.36 (KHTML, like Gecko) Chrome/143.0.0.0 Safari/537.36 Edg/143.0.0.0', '2026-01-19 15:40:44');
INSERT INTO `audit_logs` VALUES (446, 5, 'update', 'work_order', 10, '完成工单：WO9-1768155247', '{\"task_name\": \"asda\", \"new_status\": \"completed\", \"old_status\": \"accepted\"}', '127.0.0.1', 'Mozilla/5.0 (Windows NT 10.0; Win64; x64) AppleWebKit/537.36 (KHTML, like Gecko) Chrome/143.0.0.0 Safari/537.36 Edg/143.0.0.0', '2026-01-19 15:40:47');
INSERT INTO `audit_logs` VALUES (447, 5, 'update', 'work_order', 7, '完成工单：WO24-1768154314', '{\"task_name\": \"dwd\", \"new_status\": \"completed\", \"old_status\": \"accepted\"}', '127.0.0.1', 'Mozilla/5.0 (Windows NT 10.0; Win64; x64) AppleWebKit/537.36 (KHTML, like Gecko) Chrome/143.0.0.0 Safari/537.36 Edg/143.0.0.0', '2026-01-19 15:40:48');
INSERT INTO `audit_logs` VALUES (448, 5, 'update', 'work_order', 6, '完成工单：WO11-1767910342', '{\"task_name\": \"晓助理\", \"new_status\": \"completed\", \"old_status\": \"accepted\"}', '127.0.0.1', 'Mozilla/5.0 (Windows NT 10.0; Win64; x64) AppleWebKit/537.36 (KHTML, like Gecko) Chrome/143.0.0.0 Safari/537.36 Edg/143.0.0.0', '2026-01-19 15:40:50');
INSERT INTO `audit_logs` VALUES (449, 5, 'update', 'work_order', 2, '完成工单：WO4-1767475421', '{\"task_name\": \"云桌面\", \"new_status\": \"completed\", \"old_status\": \"accepted\"}', '127.0.0.1', 'Mozilla/5.0 (Windows NT 10.0; Win64; x64) AppleWebKit/537.36 (KHTML, like Gecko) Chrome/143.0.0.0 Safari/537.36 Edg/143.0.0.0', '2026-01-19 15:40:51');
INSERT INTO `audit_logs` VALUES (450, 5, 'update', 'work_order', 1, '完成工单：WO3-1767475130', '{\"task_name\": \"ceafa\", \"new_status\": \"completed\", \"old_status\": \"accepted\"}', '127.0.0.1', 'Mozilla/5.0 (Windows NT 10.0; Win64; x64) AppleWebKit/537.36 (KHTML, like Gecko) Chrome/143.0.0.0 Safari/537.36 Edg/143.0.0.0', '2026-01-19 15:40:54');
INSERT INTO `audit_logs` VALUES (451, 5, 'create', 'lead', 16, '创建线索：客户 asda，任务 asdasdasd，拜访日志 17', '{\"task_id\": 39, \"task_name\": \"asdasdasd\", \"visit_log_id\": 17, \"customer_name\": \"asda\", \"requirement_direction\": \"[\\\"模型 - 编程大模型\\\",\\\"模型 - 多模态大模型\\\",\\\"算力 - 英伟达算力\\\",\\\"应用 - AI文宣\\\",\\\"应用 - AI招聘\\\",\\\"应用 - AI编程\\\",\\\"test6\\\",\\\"ddadfq\\\",\\\"xasx\\\",\\\"adasd\\\"]\"}', '127.0.0.1', 'Mozilla/5.0 (Windows NT 10.0; Win64; x64) AppleWebKit/537.36 (KHTML, like Gecko) Chrome/144.0.0.0 Safari/537.36 Edg/144.0.0.0', '2026-01-20 09:10:17');
INSERT INTO `audit_logs` VALUES (452, 5, 'create', 'lead', 17, '创建线索：客户 qwdwqdq，任务 asda，拜访日志 15', '{\"task_id\": 20, \"task_name\": \"asda\", \"visit_log_id\": 15, \"customer_name\": \"qwdwqdq\", \"requirement_direction\": \"[\\\"算力 - 英伟达算力\\\",\\\"模型 - 多模态大模型\\\",\\\"应用 - AI编程\\\",\\\"应用 - AI招聘\\\",\\\"定制化AI应用服务\\\",\\\"test2\\\",\\\"test6\\\",\\\"ddadfq\\\"]\"}', '127.0.0.1', 'Mozilla/5.0 (Windows NT 10.0; Win64; x64) AppleWebKit/537.36 (KHTML, like Gecko) Chrome/144.0.0.0 Safari/537.36 Edg/144.0.0.0', '2026-01-20 09:11:20');
INSERT INTO `audit_logs` VALUES (453, 5, 'create', 'opportunity', 17, '从线索创建商机：qwdqwdwq，客户单位：qwdwqdq', '{\"lead_id\": 17, \"task_id\": 20, \"customer_unit\": \"qwdwqdq\", \"opportunity_no\": \"qwdqwdwq\"}', '127.0.0.1', 'Mozilla/5.0 (Windows NT 10.0; Win64; x64) AppleWebKit/537.36 (KHTML, like Gecko) Chrome/144.0.0.0 Safari/537.36 Edg/144.0.0.0', '2026-01-20 09:16:08');
INSERT INTO `audit_logs` VALUES (454, 5, 'update', 'opportunity', 17, '更新商机状态：qwdqwdwq，状态：OpportunityStatus.IN_PROGRESS', '{\"new_status\": \"OpportunityStatus.IN_PROGRESS\", \"old_status\": \"OpportunityStatus.CREATED\", \"updated_fields\": []}', '127.0.0.1', 'Mozilla/5.0 (Windows NT 10.0; Win64; x64) AppleWebKit/537.36 (KHTML, like Gecko) Chrome/144.0.0.0 Safari/537.36 Edg/144.0.0.0', '2026-01-20 09:16:23');
INSERT INTO `audit_logs` VALUES (455, 1, 'create', 'group', 18, '创建组：恒联组', 'null', '127.0.0.1', 'Mozilla/5.0 (Windows NT 10.0; Win64; x64) AppleWebKit/537.36 (KHTML, like Gecko) Chrome/144.0.0.0 Safari/537.36 Edg/144.0.0.0', '2026-01-20 09:42:46');
INSERT INTO `audit_logs` VALUES (456, 1, 'update', 'group', 14, '从组 海卓组 移除 1 个成员', 'null', '127.0.0.1', 'Mozilla/5.0 (Windows NT 10.0; Win64; x64) AppleWebKit/537.36 (KHTML, like Gecko) Chrome/144.0.0.0 Safari/537.36 Edg/144.0.0.0', '2026-01-20 09:42:53');
INSERT INTO `audit_logs` VALUES (457, 1, 'update', 'group', 18, '向组 恒联组 添加 1 个成员', 'null', '127.0.0.1', 'Mozilla/5.0 (Windows NT 10.0; Win64; x64) AppleWebKit/537.36 (KHTML, like Gecko) Chrome/144.0.0.0 Safari/537.36 Edg/144.0.0.0', '2026-01-20 09:42:59');
INSERT INTO `audit_logs` VALUES (458, 34, 'submit', 'task', 38, '提交详细需求单：任务2，客户：2e23', 'null', '127.0.0.1', 'Mozilla/5.0 (Windows NT 10.0; Win64; x64) AppleWebKit/537.36 (KHTML, like Gecko) Chrome/144.0.0.0 Safari/537.36 Edg/144.0.0.0', '2026-01-20 09:47:07');
INSERT INTO `audit_logs` VALUES (459, 1, 'dispatch', 'task', 38, '派单详细需求：2e23（任务2），组长：小红', '{\"customer_unit\": \"2e23\", \"work_order_id\": 50, \"team_leader_id\": 4, \"detail_requirement_id\": 37}', '127.0.0.1', 'Mozilla/5.0 (Windows NT 10.0; Win64; x64) AppleWebKit/537.36 (KHTML, like Gecko) Chrome/144.0.0.0 Safari/537.36 Edg/144.0.0.0', '2026-01-20 11:22:49');
INSERT INTO `audit_logs` VALUES (460, 4, 'assign', 'work_order', 50, '转派工单：WO38-R37-1768850569，成员：李俊', '{\"member_id\": 7, \"task_name\": \"任务2\"}', '127.0.0.1', 'Mozilla/5.0 (Windows NT 10.0; Win64; x64) AppleWebKit/537.36 (KHTML, like Gecko) Chrome/144.0.0.0 Safari/537.36 Edg/144.0.0.0', '2026-01-20 13:38:53');
INSERT INTO `audit_logs` VALUES (461, 4, 'assign', 'work_order', 49, '转派工单：WO39-R35-1768511659，成员：李俊', '{\"member_id\": 7, \"task_name\": \"asdasdasd\"}', '127.0.0.1', 'Mozilla/5.0 (Windows NT 10.0; Win64; x64) AppleWebKit/537.36 (KHTML, like Gecko) Chrome/144.0.0.0 Safari/537.36 Edg/144.0.0.0', '2026-01-20 13:38:58');
INSERT INTO `audit_logs` VALUES (462, 4, 'assign', 'work_order', 48, '转派工单：WO40-R36-1768511645，成员：李俊', '{\"member_id\": 7, \"task_name\": \"asdsa\"}', '127.0.0.1', 'Mozilla/5.0 (Windows NT 10.0; Win64; x64) AppleWebKit/537.36 (KHTML, like Gecko) Chrome/144.0.0.0 Safari/537.36 Edg/144.0.0.0', '2026-01-20 13:39:01');
INSERT INTO `audit_logs` VALUES (463, 7, 'update', 'work_order', 3, '完成工单：WO5-1767637439', '{\"task_name\": \"智能客服\", \"new_status\": \"completed\", \"old_status\": \"accepted\"}', '127.0.0.1', 'Mozilla/5.0 (Windows NT 10.0; Win64; x64) AppleWebKit/537.36 (KHTML, like Gecko) Chrome/144.0.0.0 Safari/537.36 Edg/144.0.0.0', '2026-01-20 13:40:22');
INSERT INTO `audit_logs` VALUES (464, 7, 'accept', 'work_order', 42, '接单：WO37-R29-1768432417', '{\"task_name\": \"任务1\", \"work_order_no\": \"WO37-R29-1768432417\"}', '127.0.0.1', 'Mozilla/5.0 (Windows NT 10.0; Win64; x64) AppleWebKit/537.36 (KHTML, like Gecko) Chrome/144.0.0.0 Safari/537.36 Edg/144.0.0.0', '2026-01-20 13:40:33');
INSERT INTO `audit_logs` VALUES (465, 7, 'accept', 'work_order', 43, '接单：WO37-R28-1768432421', '{\"task_name\": \"任务1\", \"work_order_no\": \"WO37-R28-1768432421\"}', '127.0.0.1', 'Mozilla/5.0 (Windows NT 10.0; Win64; x64) AppleWebKit/537.36 (KHTML, like Gecko) Chrome/144.0.0.0 Safari/537.36 Edg/144.0.0.0', '2026-01-20 13:40:34');
INSERT INTO `audit_logs` VALUES (466, 7, 'accept', 'work_order', 48, '接单：WO40-R36-1768511645', '{\"task_name\": \"asdsa\", \"work_order_no\": \"WO40-R36-1768511645\"}', '127.0.0.1', 'Mozilla/5.0 (Windows NT 10.0; Win64; x64) AppleWebKit/537.36 (KHTML, like Gecko) Chrome/144.0.0.0 Safari/537.36 Edg/144.0.0.0', '2026-01-20 13:40:35');
INSERT INTO `audit_logs` VALUES (467, 1, 'update', 'user', 42, '审核通过用户：yyyyy，角色：member', 'null', '127.0.0.1', 'Mozilla/5.0 (Windows NT 10.0; Win64; x64) AppleWebKit/537.36 (KHTML, like Gecko) Chrome/144.0.0.0 Safari/537.36 Edg/144.0.0.0', '2026-01-20 13:45:38');
INSERT INTO `audit_logs` VALUES (468, 1, 'update', 'option_config', 48, '更新选项配置: product - qqwdq', 'null', '127.0.0.1', 'Mozilla/5.0 (Windows NT 10.0; Win64; x64) AppleWebKit/537.36 (KHTML, like Gecko) Chrome/144.0.0.0 Safari/537.36 Edg/144.0.0.0', '2026-01-20 13:54:44');
INSERT INTO `audit_logs` VALUES (469, 1, 'update', 'option_config', 49, '更新选项配置: product - wwq', 'null', '127.0.0.1', 'Mozilla/5.0 (Windows NT 10.0; Win64; x64) AppleWebKit/537.36 (KHTML, like Gecko) Chrome/144.0.0.0 Safari/537.36 Edg/144.0.0.0', '2026-01-20 13:54:46');
INSERT INTO `audit_logs` VALUES (470, 1, 'update', 'user', 42, '为用户 yyyyy 添加角色：task_initiator', 'null', '127.0.0.1', 'Mozilla/5.0 (Windows NT 10.0; Win64; x64) AppleWebKit/537.36 (KHTML, like Gecko) Chrome/144.0.0.0 Safari/537.36 Edg/144.0.0.0', '2026-01-20 14:27:52');
INSERT INTO `audit_logs` VALUES (471, 1, 'update', 'user', 42, '为用户 yyyyy 添加角色：team_leader', 'null', '127.0.0.1', 'Mozilla/5.0 (Windows NT 10.0; Win64; x64) AppleWebKit/537.36 (KHTML, like Gecko) Chrome/144.0.0.0 Safari/537.36 Edg/144.0.0.0', '2026-01-20 14:27:55');
INSERT INTO `audit_logs` VALUES (472, 1, 'reset_password', 'user', 42, '重置用户密码：yyyyy', 'null', '127.0.0.1', 'Mozilla/5.0 (Windows NT 10.0; Win64; x64) AppleWebKit/537.36 (KHTML, like Gecko) Chrome/144.0.0.0 Safari/537.36 Edg/144.0.0.0', '2026-01-21 09:16:29');
INSERT INTO `audit_logs` VALUES (473, 1, 'reset_password', 'user', 2, '重置用户密码：测试用户', 'null', '127.0.0.1', 'Mozilla/5.0 (Windows NT 10.0; Win64; x64) AppleWebKit/537.36 (KHTML, like Gecko) Chrome/144.0.0.0 Safari/537.36 Edg/144.0.0.0', '2026-01-21 09:16:54');
INSERT INTO `audit_logs` VALUES (474, 36, 'update', 'user', 36, '切换角色：从 sales_contact 切换到 task_initiator', 'null', '127.0.0.1', 'Mozilla/5.0 (Windows NT 10.0; Win64; x64) AppleWebKit/537.36 (KHTML, like Gecko) Chrome/144.0.0.0 Safari/537.36 Edg/144.0.0.0', '2026-01-21 09:43:24');
INSERT INTO `audit_logs` VALUES (475, 36, 'update', 'user', 36, '切换角色：从 task_initiator 切换到 sales_contact', 'null', '127.0.0.1', 'Mozilla/5.0 (Windows NT 10.0; Win64; x64) AppleWebKit/537.36 (KHTML, like Gecko) Chrome/144.0.0.0 Safari/537.36 Edg/144.0.0.0', '2026-01-21 10:01:13');
INSERT INTO `audit_logs` VALUES (476, 36, 'create', 'task', 41, '创建任务：qwdqwfqw（发起人类型：销售单位接口人）', 'null', '127.0.0.1', 'Mozilla/5.0 (Windows NT 10.0; Win64; x64) AppleWebKit/537.36 (KHTML, like Gecko) Chrome/144.0.0.0 Safari/537.36 Edg/144.0.0.0', '2026-01-21 10:01:57');
INSERT INTO `audit_logs` VALUES (477, 1, 'confirm', 'task', 41, '确认任务：qwdqwfqw，已自动派发给 1 个销售单位接口人', 'null', '127.0.0.1', 'Mozilla/5.0 (Windows NT 10.0; Win64; x64) AppleWebKit/537.36 (KHTML, like Gecko) Chrome/144.0.0.0 Safari/537.36 Edg/144.0.0.0', '2026-01-21 10:02:24');
INSERT INTO `audit_logs` VALUES (478, 36, 'submit', 'task', 41, '提交详细需求单：qwdqwfqw，客户：asdas', 'null', '127.0.0.1', 'Mozilla/5.0 (Windows NT 10.0; Win64; x64) AppleWebKit/537.36 (KHTML, like Gecko) Chrome/144.0.0.0 Safari/537.36 Edg/144.0.0.0', '2026-01-21 10:02:55');
INSERT INTO `audit_logs` VALUES (479, 1, 'dispatch', 'task', 41, '派单详细需求：asdas（qwdqwfqw），组长：张希', '{\"customer_unit\": \"asdas\", \"work_order_id\": 51, \"team_leader_id\": 9, \"detail_requirement_id\": 38}', '127.0.0.1', 'Mozilla/5.0 (Windows NT 10.0; Win64; x64) AppleWebKit/537.36 (KHTML, like Gecko) Chrome/144.0.0.0 Safari/537.36 Edg/144.0.0.0', '2026-01-21 10:03:25');
INSERT INTO `audit_logs` VALUES (480, 1, 'update', 'group', 18, '向组 恒联组 添加 2 个成员', 'null', '127.0.0.1', 'Mozilla/5.0 (Windows NT 10.0; Win64; x64) AppleWebKit/537.36 (KHTML, like Gecko) Chrome/144.0.0.0 Safari/537.36 Edg/144.0.0.0', '2026-01-21 10:04:09');
INSERT INTO `audit_logs` VALUES (481, 1, 'update', 'group', 15, '向组 阿网组 添加 2 个成员', 'null', '127.0.0.1', 'Mozilla/5.0 (Windows NT 10.0; Win64; x64) AppleWebKit/537.36 (KHTML, like Gecko) Chrome/144.0.0.0 Safari/537.36 Edg/144.0.0.0', '2026-01-21 10:04:15');
INSERT INTO `audit_logs` VALUES (482, 36, 'submit', 'task', 41, '提交详细需求单：qwdqwfqw，客户：asda', 'null', '127.0.0.1', 'Mozilla/5.0 (Windows NT 10.0; Win64; x64) AppleWebKit/537.36 (KHTML, like Gecko) Chrome/144.0.0.0 Safari/537.36 Edg/144.0.0.0', '2026-01-21 10:24:05');
INSERT INTO `audit_logs` VALUES (483, 36, 'submit', 'task', 41, '批量导入详细需求单：qwdqwfqw，成功导入 1 条', '{\"failed_count\": 0, \"success_count\": 1}', '127.0.0.1', 'Mozilla/5.0 (Windows NT 10.0; Win64; x64) AppleWebKit/537.36 (KHTML, like Gecko) Chrome/144.0.0.0 Safari/537.36 Edg/144.0.0.0', '2026-01-21 10:28:09');
INSERT INTO `audit_logs` VALUES (484, 1, 'dispatch', 'task', 41, '派单详细需求：特色t（qwdqwfqw），组长：test', '{\"customer_unit\": \"特色t\", \"work_order_id\": 52, \"team_leader_id\": 36, \"detail_requirement_id\": 40}', '127.0.0.1', 'Mozilla/5.0 (Windows NT 10.0; Win64; x64) AppleWebKit/537.36 (KHTML, like Gecko) Chrome/144.0.0.0 Safari/537.36 Edg/144.0.0.0', '2026-01-21 10:28:37');
INSERT INTO `audit_logs` VALUES (485, 1, 'dispatch', 'task', 41, '派单详细需求：asda（qwdqwfqw），组长：test', '{\"customer_unit\": \"asda\", \"work_order_id\": 53, \"team_leader_id\": 36, \"detail_requirement_id\": 39}', '127.0.0.1', 'Mozilla/5.0 (Windows NT 10.0; Win64; x64) AppleWebKit/537.36 (KHTML, like Gecko) Chrome/144.0.0.0 Safari/537.36 Edg/144.0.0.0', '2026-01-21 10:28:42');
INSERT INTO `audit_logs` VALUES (486, 36, 'update', 'user', 36, '切换角色：从 sales_contact 切换到 team_leader', 'null', '127.0.0.1', 'Mozilla/5.0 (Windows NT 10.0; Win64; x64) AppleWebKit/537.36 (KHTML, like Gecko) Chrome/144.0.0.0 Safari/537.36 Edg/144.0.0.0', '2026-01-21 10:29:00');
INSERT INTO `audit_logs` VALUES (487, 36, 'assign', 'work_order', 53, '转派工单：WO41-R39-1768933722，成员：test', '{\"member_id\": 36, \"task_name\": \"qwdqwfqw\"}', '127.0.0.1', 'Mozilla/5.0 (Windows NT 10.0; Win64; x64) AppleWebKit/537.36 (KHTML, like Gecko) Chrome/144.0.0.0 Safari/537.36 Edg/144.0.0.0', '2026-01-21 10:29:27');
INSERT INTO `audit_logs` VALUES (488, 36, 'assign', 'work_order', 52, '转派工单：WO41-R40-1768933717，成员：test', '{\"member_id\": 36, \"task_name\": \"qwdqwfqw\"}', '127.0.0.1', 'Mozilla/5.0 (Windows NT 10.0; Win64; x64) AppleWebKit/537.36 (KHTML, like Gecko) Chrome/144.0.0.0 Safari/537.36 Edg/144.0.0.0', '2026-01-21 10:29:32');
INSERT INTO `audit_logs` VALUES (489, 36, 'update', 'user', 36, '切换角色：从 team_leader 切换到 sales_contact', 'null', '127.0.0.1', 'Mozilla/5.0 (Windows NT 10.0; Win64; x64) AppleWebKit/537.36 (KHTML, like Gecko) Chrome/144.0.0.0 Safari/537.36 Edg/144.0.0.0', '2026-01-21 10:38:06');
INSERT INTO `audit_logs` VALUES (490, 36, 'submit', 'task', 41, '提交详细需求单：qwdqwfqw，客户：qwdqw', 'null', '127.0.0.1', 'Mozilla/5.0 (Windows NT 10.0; Win64; x64) AppleWebKit/537.36 (KHTML, like Gecko) Chrome/144.0.0.0 Safari/537.36 Edg/144.0.0.0', '2026-01-21 10:38:15');
INSERT INTO `audit_logs` VALUES (491, 1, 'dispatch', 'task', 41, '派单详细需求：qwdqw（qwdqwfqw），组长：test', '{\"customer_unit\": \"qwdqw\", \"work_order_id\": 54, \"team_leader_id\": 36, \"detail_requirement_id\": 41}', '127.0.0.1', 'Mozilla/5.0 (Windows NT 10.0; Win64; x64) AppleWebKit/537.36 (KHTML, like Gecko) Chrome/144.0.0.0 Safari/537.36 Edg/144.0.0.0', '2026-01-21 10:38:29');
INSERT INTO `audit_logs` VALUES (492, 1, 'update', 'work_order', 54, '修改工单组长：WO41-R41-1768934309，从「test」改为「lis」', '{\"reason\": null, \"task_name\": \"qwdqwfqw\", \"new_team_leader_id\": 35, \"old_team_leader_id\": 36, \"new_team_leader_name\": \"lis\", \"old_team_leader_name\": \"test\"}', '127.0.0.1', 'Mozilla/5.0 (Windows NT 10.0; Win64; x64) AppleWebKit/537.36 (KHTML, like Gecko) Chrome/144.0.0.0 Safari/537.36 Edg/144.0.0.0', '2026-01-21 10:39:50');
INSERT INTO `audit_logs` VALUES (493, 1, 'update', 'work_order', 54, '修改工单组长：WO41-R41-1768934309，从「lis」改为「test」', '{\"reason\": null, \"task_name\": \"qwdqwfqw\", \"new_team_leader_id\": 36, \"old_team_leader_id\": 35, \"new_team_leader_name\": \"test\", \"old_team_leader_name\": \"lis\"}', '127.0.0.1', 'Mozilla/5.0 (Windows NT 10.0; Win64; x64) AppleWebKit/537.36 (KHTML, like Gecko) Chrome/144.0.0.0 Safari/537.36 Edg/144.0.0.0', '2026-01-21 10:39:55');
INSERT INTO `audit_logs` VALUES (494, 36, 'submit', 'task', 41, '批量导入详细需求单：qwdqwfqw，成功导入 1 条', '{\"failed_count\": 0, \"success_count\": 1}', '127.0.0.1', 'Mozilla/5.0 (Windows NT 10.0; Win64; x64) AppleWebKit/537.36 (KHTML, like Gecko) Chrome/144.0.0.0 Safari/537.36 Edg/144.0.0.0', '2026-01-22 10:33:34');
INSERT INTO `audit_logs` VALUES (498, 36, 'update', 'user', 36, '切换角色：从 sales_contact 切换到 team_leader', 'null', '127.0.0.1', 'Mozilla/5.0 (Windows NT 10.0; Win64; x64) AppleWebKit/537.36 (KHTML, like Gecko) Chrome/144.0.0.0 Safari/537.36 Edg/144.0.0.0', '2026-01-22 10:34:20');
INSERT INTO `audit_logs` VALUES (500, 36, 'update', 'user', 36, '切换角色：从 team_leader 切换到 member', 'null', '127.0.0.1', 'Mozilla/5.0 (Windows NT 10.0; Win64; x64) AppleWebKit/537.36 (KHTML, like Gecko) Chrome/144.0.0.0 Safari/537.36 Edg/144.0.0.0', '2026-01-22 10:44:38');
INSERT INTO `audit_logs` VALUES (501, 36, 'accept', 'work_order', 53, '接单：WO41-R39-1768933722', '{\"task_name\": \"qwdqwfqw\", \"work_order_no\": \"WO41-R39-1768933722\"}', '127.0.0.1', 'Mozilla/5.0 (Windows NT 10.0; Win64; x64) AppleWebKit/537.36 (KHTML, like Gecko) Chrome/144.0.0.0 Safari/537.36 Edg/144.0.0.0', '2026-01-22 10:44:42');
INSERT INTO `audit_logs` VALUES (503, 36, 'accept', 'work_order', 52, '接单：WO41-R40-1768933717', '{\"task_name\": \"qwdqwfqw\", \"work_order_no\": \"WO41-R40-1768933717\"}', '127.0.0.1', 'Mozilla/5.0 (Windows NT 10.0; Win64; x64) AppleWebKit/537.36 (KHTML, like Gecko) Chrome/144.0.0.0 Safari/537.36 Edg/144.0.0.0', '2026-01-22 10:45:15');
INSERT INTO `audit_logs` VALUES (508, 1, 'update', 'work_order', 55, '修改工单组长：WO41-R43-1769020438，从「阿楠」改为「小李」，原因：qwqw', '{\"reason\": \"qwqw\", \"task_name\": \"qwdqwfqw\", \"new_status\": \"pending_assign\", \"old_status\": \"pending_assign\", \"old_member_id\": null, \"old_member_name\": null, \"new_team_leader_id\": 39, \"old_team_leader_id\": 36, \"new_team_leader_name\": \"小李\", \"old_team_leader_name\": \"阿楠\"}', '127.0.0.1', 'Mozilla/5.0 (Windows NT 10.0; Win64; x64) AppleWebKit/537.36 (KHTML, like Gecko) Chrome/144.0.0.0 Safari/537.36 Edg/144.0.0.0', '2026-01-22 11:19:32');
INSERT INTO `audit_logs` VALUES (509, 1, 'update', 'work_order', 47, '修改工单组长：WO39-R33-1768510991，从「小红」改为「小李」，已清空成员关系并重置状态为待转派，原因：d23d', '{\"reason\": \"d23d\", \"task_name\": \"asdasdasd\", \"new_status\": \"pending_assign\", \"old_status\": \"accepted\", \"old_member_id\": 5, \"old_member_name\": \"张三\", \"new_team_leader_id\": 6, \"old_team_leader_id\": 4, \"new_team_leader_name\": \"小李\", \"old_team_leader_name\": \"小红\"}', '127.0.0.1', 'Mozilla/5.0 (Windows NT 10.0; Win64; x64) AppleWebKit/537.36 (KHTML, like Gecko) Chrome/144.0.0.0 Safari/537.36 Edg/144.0.0.0', '2026-01-22 11:20:04');
INSERT INTO `audit_logs` VALUES (510, 36, 'update', 'work_order', 40, '取消工单：WO36-R26-1768345631，取消原因：dwqdqw', '{\"task_name\": \"宝山\", \"new_status\": \"cancelled\", \"old_status\": \"accepted\", \"cancellation_reason\": \"dwqdqw\"}', '127.0.0.1', 'Mozilla/5.0 (Windows NT 10.0; Win64; x64) AppleWebKit/537.36 (KHTML, like Gecko) Chrome/144.0.0.0 Safari/537.36 Edg/144.0.0.0', '2026-01-22 11:20:21');
INSERT INTO `audit_logs` VALUES (511, 36, 'update', 'user', 36, '切换角色：从 member 切换到 team_leader', 'null', '127.0.0.1', 'Mozilla/5.0 (Windows NT 10.0; Win64; x64) AppleWebKit/537.36 (KHTML, like Gecko) Chrome/144.0.0.0 Safari/537.36 Edg/144.0.0.0', '2026-01-22 11:20:23');
INSERT INTO `audit_logs` VALUES (512, 36, 'update', 'work_order', 54, '取消工单：WO41-R41-1768934309，取消原因：qwd', '{\"task_name\": \"qwdqwfqw\", \"new_status\": \"cancelled\", \"old_status\": \"pending_assign\", \"cancellation_reason\": \"qwd\"}', '127.0.0.1', 'Mozilla/5.0 (Windows NT 10.0; Win64; x64) AppleWebKit/537.36 (KHTML, like Gecko) Chrome/144.0.0.0 Safari/537.36 Edg/144.0.0.0', '2026-01-22 11:20:28');
INSERT INTO `audit_logs` VALUES (513, 36, 'assign', 'work_order', 48, '转派工单：WO40-R36-1768511645，成员：阿楠', '{\"member_id\": 36, \"task_name\": \"asdsa\"}', '127.0.0.1', 'Mozilla/5.0 (Windows NT 10.0; Win64; x64) AppleWebKit/537.36 (KHTML, like Gecko) Chrome/144.0.0.0 Safari/537.36 Edg/144.0.0.0', '2026-01-22 11:20:32');
INSERT INTO `audit_logs` VALUES (514, 36, 'update', 'user', 36, '切换角色：从 team_leader 切换到 member', 'null', '127.0.0.1', 'Mozilla/5.0 (Windows NT 10.0; Win64; x64) AppleWebKit/537.36 (KHTML, like Gecko) Chrome/144.0.0.0 Safari/537.36 Edg/144.0.0.0', '2026-01-22 11:20:35');
INSERT INTO `audit_logs` VALUES (515, 36, 'accept', 'work_order', 48, '接单：WO40-R36-1768511645', '{\"task_name\": \"asdsa\", \"work_order_no\": \"WO40-R36-1768511645\"}', '127.0.0.1', 'Mozilla/5.0 (Windows NT 10.0; Win64; x64) AppleWebKit/537.36 (KHTML, like Gecko) Chrome/144.0.0.0 Safari/537.36 Edg/144.0.0.0', '2026-01-22 11:20:42');
INSERT INTO `audit_logs` VALUES (516, 36, 'update', 'work_order', 48, '取消工单：WO40-R36-1768511645，取消原因：wqf3', '{\"task_name\": \"asdsa\", \"new_status\": \"cancelled\", \"old_status\": \"accepted\", \"cancellation_reason\": \"wqf3\"}', '127.0.0.1', 'Mozilla/5.0 (Windows NT 10.0; Win64; x64) AppleWebKit/537.36 (KHTML, like Gecko) Chrome/144.0.0.0 Safari/537.36 Edg/144.0.0.0', '2026-01-22 11:20:45');
INSERT INTO `audit_logs` VALUES (517, 36, 'update', 'user', 36, '切换角色：从 member 切换到 team_leader', 'null', '127.0.0.1', 'Mozilla/5.0 (Windows NT 10.0; Win64; x64) AppleWebKit/537.36 (KHTML, like Gecko) Chrome/144.0.0.0 Safari/537.36 Edg/144.0.0.0', '2026-01-22 13:43:21');
INSERT INTO `audit_logs` VALUES (518, 36, 'update', 'work_order', 39, '撤回工单：WO36-R27-1768345627，原成员：阿楠（成员已接单）', '{\"task_name\": \"宝山\", \"new_status\": \"pending_assign\", \"old_status\": \"accepted\", \"old_member_id\": 36, \"old_member_name\": \"阿楠\"}', '127.0.0.1', 'Mozilla/5.0 (Windows NT 10.0; Win64; x64) AppleWebKit/537.36 (KHTML, like Gecko) Chrome/144.0.0.0 Safari/537.36 Edg/144.0.0.0', '2026-01-22 13:44:17');
INSERT INTO `audit_logs` VALUES (519, 36, 'assign', 'work_order', 39, '转派工单：WO36-R27-1768345627，成员：阿楠', '{\"member_id\": 36, \"task_name\": \"宝山\"}', '127.0.0.1', 'Mozilla/5.0 (Windows NT 10.0; Win64; x64) AppleWebKit/537.36 (KHTML, like Gecko) Chrome/144.0.0.0 Safari/537.36 Edg/144.0.0.0', '2026-01-22 13:44:20');
INSERT INTO `audit_logs` VALUES (520, 36, 'update', 'work_order', 39, '撤回工单：WO36-R27-1768345627，原成员：阿楠', '{\"task_name\": \"宝山\", \"new_status\": \"pending_assign\", \"old_status\": \"pending_accept\", \"old_member_id\": 36, \"old_member_name\": \"阿楠\"}', '127.0.0.1', 'Mozilla/5.0 (Windows NT 10.0; Win64; x64) AppleWebKit/537.36 (KHTML, like Gecko) Chrome/144.0.0.0 Safari/537.36 Edg/144.0.0.0', '2026-01-22 13:44:23');
INSERT INTO `audit_logs` VALUES (521, 36, 'update', 'user', 36, '切换角色：从 team_leader 切换到 member', 'null', '127.0.0.1', 'Mozilla/5.0 (Windows NT 10.0; Win64; x64) AppleWebKit/537.36 (KHTML, like Gecko) Chrome/144.0.0.0 Safari/537.36 Edg/144.0.0.0', '2026-01-22 13:44:25');
INSERT INTO `audit_logs` VALUES (522, 36, 'update', 'user', 36, '切换角色：从 member 切换到 team_leader', 'null', '127.0.0.1', 'Mozilla/5.0 (Windows NT 10.0; Win64; x64) AppleWebKit/537.36 (KHTML, like Gecko) Chrome/144.0.0.0 Safari/537.36 Edg/144.0.0.0', '2026-01-22 13:44:55');
INSERT INTO `audit_logs` VALUES (523, 36, 'update', 'user', 36, '切换角色：从 team_leader 切换到 task_initiator', 'null', '127.0.0.1', 'Mozilla/5.0 (Windows NT 10.0; Win64; x64) AppleWebKit/537.36 (KHTML, like Gecko) Chrome/144.0.0.0 Safari/537.36 Edg/144.0.0.0', '2026-01-22 14:03:10');
INSERT INTO `audit_logs` VALUES (525, 1, 'confirm', 'task', 42, '确认任务：qwdwq，已自动派发给 9 个销售单位接口人', 'null', '127.0.0.1', 'Mozilla/5.0 (Windows NT 10.0; Win64; x64) AppleWebKit/537.36 (KHTML, like Gecko) Chrome/144.0.0.0 Safari/537.36 Edg/144.0.0.0', '2026-01-22 14:10:05');
INSERT INTO `audit_logs` VALUES (528, 1, 'confirm', 'task', 44, '确认任务：asdada，已自动派发给 1 个销售单位接口人', 'null', '127.0.0.1', 'Mozilla/5.0 (Windows NT 10.0; Win64; x64) AppleWebKit/537.36 (KHTML, like Gecko) Chrome/144.0.0.0 Safari/537.36 Edg/144.0.0.0', '2026-01-22 14:31:35');
INSERT INTO `audit_logs` VALUES (529, 1, 'update', 'task', 44, '关闭任务：asdada', '{\"close_reason\": \"wefwe\"}', '127.0.0.1', 'Mozilla/5.0 (Windows NT 10.0; Win64; x64) AppleWebKit/537.36 (KHTML, like Gecko) Chrome/144.0.0.0 Safari/537.36 Edg/144.0.0.0', '2026-01-22 14:36:41');
INSERT INTO `audit_logs` VALUES (531, 1, 'confirm', 'task', 45, '确认任务：dqwd，已自动派发给 1 个销售单位接口人', 'null', '127.0.0.1', 'Mozilla/5.0 (Windows NT 10.0; Win64; x64) AppleWebKit/537.36 (KHTML, like Gecko) Chrome/144.0.0.0 Safari/537.36 Edg/144.0.0.0', '2026-01-22 14:42:52');
INSERT INTO `audit_logs` VALUES (532, 1, 'update', 'task', 45, '关闭任务：dqwd', '{\"close_reason\": null}', '127.0.0.1', 'Mozilla/5.0 (Windows NT 10.0; Win64; x64) AppleWebKit/537.36 (KHTML, like Gecko) Chrome/144.0.0.0 Safari/537.36 Edg/144.0.0.0', '2026-01-22 14:42:58');
INSERT INTO `audit_logs` VALUES (535, 1, 'confirm', 'task', 46, '确认任务：qwfqw，已自动派发给 9 个销售单位接口人', 'null', '127.0.0.1', 'Mozilla/5.0 (Windows NT 10.0; Win64; x64) AppleWebKit/537.36 (KHTML, like Gecko) Chrome/144.0.0.0 Safari/537.36 Edg/144.0.0.0', '2026-01-22 15:15:00');
INSERT INTO `audit_logs` VALUES (536, 1, 'confirm', 'task', 43, '确认任务：wqdqw，已自动派发给 9 个销售单位接口人', 'null', '127.0.0.1', 'Mozilla/5.0 (Windows NT 10.0; Win64; x64) AppleWebKit/537.36 (KHTML, like Gecko) Chrome/144.0.0.0 Safari/537.36 Edg/144.0.0.0', '2026-01-22 15:27:33');
INSERT INTO `audit_logs` VALUES (537, 1, 'update', 'task', 31, '关闭任务：asdas', '{\"close_reason\": \"wqf\"}', '127.0.0.1', 'Mozilla/5.0 (Windows NT 10.0; Win64; x64) AppleWebKit/537.36 (KHTML, like Gecko) Chrome/144.0.0.0 Safari/537.36 Edg/144.0.0.0', '2026-01-22 15:48:43');
INSERT INTO `audit_logs` VALUES (538, 1, 'reject', 'task', 47, '拒绝任务：qwdqw', '{\"rejection_reason\": \"scw\"}', '127.0.0.1', 'Mozilla/5.0 (Windows NT 10.0; Win64; x64) AppleWebKit/537.36 (KHTML, like Gecko) Chrome/144.0.0.0 Safari/537.36 Edg/144.0.0.0', '2026-01-22 16:05:27');
INSERT INTO `audit_logs` VALUES (539, 1, 'update', 'task', 47, '关闭任务：qwdqw', '{\"close_reason\": \"qwdq\"}', '127.0.0.1', 'Mozilla/5.0 (Windows NT 10.0; Win64; x64) AppleWebKit/537.36 (KHTML, like Gecko) Chrome/144.0.0.0 Safari/537.36 Edg/144.0.0.0', '2026-01-22 16:05:30');
INSERT INTO `audit_logs` VALUES (544, 1, 'confirm', 'task', 51, '确认任务：asda，已自动派发给 9 个销售单位接口人', 'null', '127.0.0.1', 'Mozilla/5.0 (Windows NT 10.0; Win64; x64) AppleWebKit/537.36 (KHTML, like Gecko) Chrome/144.0.0.0 Safari/537.36 Edg/144.0.0.0', '2026-01-23 09:21:35');
INSERT INTO `audit_logs` VALUES (545, 36, 'create', 'task', 52, '创建任务：asdas（发起人类型：专项任务发起人）', 'null', '127.0.0.1', 'Mozilla/5.0 (Windows NT 10.0; Win64; x64) AppleWebKit/537.36 (KHTML, like Gecko) Chrome/144.0.0.0 Safari/537.36 Edg/144.0.0.0', '2026-01-23 09:25:14');
INSERT INTO `audit_logs` VALUES (546, 36, 'create', 'task', 53, '创建任务：asda（发起人类型：专项任务发起人）', 'null', '127.0.0.1', 'Mozilla/5.0 (Windows NT 10.0; Win64; x64) AppleWebKit/537.36 (KHTML, like Gecko) Chrome/144.0.0.0 Safari/537.36 Edg/144.0.0.0', '2026-01-23 09:25:26');
INSERT INTO `audit_logs` VALUES (547, 36, 'update', 'user', 36, '切换角色：从 task_initiator 切换到 sales_contact', 'null', '127.0.0.1', 'Mozilla/5.0 (Windows NT 10.0; Win64; x64) AppleWebKit/537.36 (KHTML, like Gecko) Chrome/144.0.0.0 Safari/537.36 Edg/144.0.0.0', '2026-01-23 09:25:29');
INSERT INTO `audit_logs` VALUES (548, 36, 'create', 'task', 54, '创建任务：asdas（发起人类型：销售单位接口人）', 'null', '127.0.0.1', 'Mozilla/5.0 (Windows NT 10.0; Win64; x64) AppleWebKit/537.36 (KHTML, like Gecko) Chrome/144.0.0.0 Safari/537.36 Edg/144.0.0.0', '2026-01-23 09:25:59');
INSERT INTO `audit_logs` VALUES (549, 36, 'update', 'user', 36, '切换角色：从 sales_contact 切换到 task_initiator', 'null', '127.0.0.1', 'Mozilla/5.0 (Windows NT 10.0; Win64; x64) AppleWebKit/537.36 (KHTML, like Gecko) Chrome/144.0.0.0 Safari/537.36 Edg/144.0.0.0', '2026-01-23 09:30:24');
INSERT INTO `audit_logs` VALUES (550, 1, 'confirm', 'task', 52, '确认任务：asdas，已自动派发给 9 个销售单位接口人', 'null', '127.0.0.1', 'Mozilla/5.0 (Windows NT 10.0; Win64; x64) AppleWebKit/537.36 (KHTML, like Gecko) Chrome/144.0.0.0 Safari/537.36 Edg/144.0.0.0', '2026-01-23 09:30:59');
INSERT INTO `audit_logs` VALUES (551, 36, 'update', 'user', 36, '切换角色：从 task_initiator 切换到 sales_contact', 'null', '127.0.0.1', 'Mozilla/5.0 (Windows NT 10.0; Win64; x64) AppleWebKit/537.36 (KHTML, like Gecko) Chrome/144.0.0.0 Safari/537.36 Edg/144.0.0.0', '2026-01-23 09:32:11');
INSERT INTO `audit_logs` VALUES (552, 36, 'update', 'user', 36, '切换角色：从 sales_contact 切换到 task_initiator', 'null', '127.0.0.1', 'Mozilla/5.0 (Windows NT 10.0; Win64; x64) AppleWebKit/537.36 (KHTML, like Gecko) Chrome/144.0.0.0 Safari/537.36 Edg/144.0.0.0', '2026-01-23 09:32:48');
INSERT INTO `audit_logs` VALUES (553, 36, 'create', 'task', 55, '创建任务：测试任务2026（发起人类型：专项任务发起人）', 'null', '127.0.0.1', 'Mozilla/5.0 (Windows NT 10.0; Win64; x64) AppleWebKit/537.36 (KHTML, like Gecko) Chrome/144.0.0.0 Safari/537.36 Edg/144.0.0.0', '2026-01-23 09:33:12');
INSERT INTO `audit_logs` VALUES (554, 1, 'confirm', 'task', 55, '确认任务：测试任务2026，已自动派发给 9 个销售单位接口人', 'null', '127.0.0.1', 'Mozilla/5.0 (Windows NT 10.0; Win64; x64) AppleWebKit/537.36 (KHTML, like Gecko) Chrome/144.0.0.0 Safari/537.36 Edg/144.0.0.0', '2026-01-23 09:33:26');
INSERT INTO `audit_logs` VALUES (555, 36, 'update', 'user', 36, '切换角色：从 task_initiator 切换到 sales_contact', 'null', '127.0.0.1', 'Mozilla/5.0 (Windows NT 10.0; Win64; x64) AppleWebKit/537.36 (KHTML, like Gecko) Chrome/144.0.0.0 Safari/537.36 Edg/144.0.0.0', '2026-01-23 09:33:45');
INSERT INTO `audit_logs` VALUES (557, 36, 'submit', 'task', 55, '批量导入详细需求单：测试任务2026，成功导入 1 条', '{\"failed_count\": 0, \"success_count\": 1}', '127.0.0.1', 'Mozilla/5.0 (Windows NT 10.0; Win64; x64) AppleWebKit/537.36 (KHTML, like Gecko) Chrome/144.0.0.0 Safari/537.36 Edg/144.0.0.0', '2026-01-23 10:04:37');
INSERT INTO `audit_logs` VALUES (560, 36, 'update', 'user', 36, '切换角色：从 sales_contact 切换到 task_initiator', 'null', '127.0.0.1', 'Mozilla/5.0 (Windows NT 10.0; Win64; x64) AppleWebKit/537.36 (KHTML, like Gecko) Chrome/144.0.0.0 Safari/537.36 Edg/144.0.0.0', '2026-01-23 10:10:51');
INSERT INTO `audit_logs` VALUES (561, 36, 'update', 'user', 36, '切换角色：从 task_initiator 切换到 sales_contact', 'null', '127.0.0.1', 'Mozilla/5.0 (Windows NT 10.0; Win64; x64) AppleWebKit/537.36 (KHTML, like Gecko) Chrome/144.0.0.0 Safari/537.36 Edg/144.0.0.0', '2026-01-23 14:01:59');
INSERT INTO `audit_logs` VALUES (562, 36, 'update', 'user', 36, '切换角色：从 sales_contact 切换到 task_initiator', 'null', '127.0.0.1', 'Mozilla/5.0 (Windows NT 10.0; Win64; x64) AppleWebKit/537.36 (KHTML, like Gecko) Chrome/144.0.0.0 Safari/537.36 Edg/144.0.0.0', '2026-01-23 14:35:33');
INSERT INTO `audit_logs` VALUES (563, 36, 'update', 'user', 36, '切换角色：从 task_initiator 切换到 sales_contact', 'null', '127.0.0.1', 'Mozilla/5.0 (Windows NT 10.0; Win64; x64) AppleWebKit/537.36 (KHTML, like Gecko) Chrome/144.0.0.0 Safari/537.36 Edg/144.0.0.0', '2026-01-23 16:12:26');
INSERT INTO `audit_logs` VALUES (564, 36, 'update', 'user', 36, '切换角色：从 sales_contact 切换到 task_initiator', 'null', '127.0.0.1', 'Mozilla/5.0 (Windows NT 10.0; Win64; x64) AppleWebKit/537.36 (KHTML, like Gecko) Chrome/144.0.0.0 Safari/537.36 Edg/144.0.0.0', '2026-01-23 16:50:38');
INSERT INTO `audit_logs` VALUES (565, 36, 'create', 'task', 56, '创建任务：asda（发起人类型：专项任务发起人）', 'null', '127.0.0.1', 'Mozilla/5.0 (Windows NT 10.0; Win64; x64) AppleWebKit/537.36 (KHTML, like Gecko) Chrome/144.0.0.0 Safari/537.36 Edg/144.0.0.0', '2026-01-23 17:10:21');
INSERT INTO `audit_logs` VALUES (566, 36, 'update', 'task', 56, '更新任务：asda（发起人类型：专项任务发起人）', 'null', '127.0.0.1', 'Mozilla/5.0 (Windows NT 10.0; Win64; x64) AppleWebKit/537.36 (KHTML, like Gecko) Chrome/144.0.0.0 Safari/537.36 Edg/144.0.0.0', '2026-01-23 17:10:33');
INSERT INTO `audit_logs` VALUES (567, 36, 'update', 'task', 56, '发起任务：asda（发起人类型：专项任务发起人）', 'null', '127.0.0.1', 'Mozilla/5.0 (Windows NT 10.0; Win64; x64) AppleWebKit/537.36 (KHTML, like Gecko) Chrome/144.0.0.0 Safari/537.36 Edg/144.0.0.0', '2026-01-23 17:10:47');
INSERT INTO `audit_logs` VALUES (568, 36, 'create', 'task', 57, '创建任务：asdasd（发起人类型：专项任务发起人）', 'null', '127.0.0.1', 'Mozilla/5.0 (Windows NT 10.0; Win64; x64) AppleWebKit/537.36 (KHTML, like Gecko) Chrome/144.0.0.0 Safari/537.36 Edg/144.0.0.0', '2026-01-23 17:14:51');
INSERT INTO `audit_logs` VALUES (569, 36, 'update', 'task', 57, '更新任务：asdasd（发起人类型：专项任务发起人）', 'null', '127.0.0.1', 'Mozilla/5.0 (Windows NT 10.0; Win64; x64) AppleWebKit/537.36 (KHTML, like Gecko) Chrome/144.0.0.0 Safari/537.36 Edg/144.0.0.0', '2026-01-23 17:14:56');
INSERT INTO `audit_logs` VALUES (570, 36, 'update', 'task', 57, '发起任务：asdasd（发起人类型：专项任务发起人）', 'null', '127.0.0.1', 'Mozilla/5.0 (Windows NT 10.0; Win64; x64) AppleWebKit/537.36 (KHTML, like Gecko) Chrome/144.0.0.0 Safari/537.36 Edg/144.0.0.0', '2026-01-23 17:14:59');
INSERT INTO `audit_logs` VALUES (571, 36, 'update', 'task', 57, '撤回任务：asdasd（发起人类型：专项任务发起人）', 'null', '127.0.0.1', 'Mozilla/5.0 (Windows NT 10.0; Win64; x64) AppleWebKit/537.36 (KHTML, like Gecko) Chrome/144.0.0.0 Safari/537.36 Edg/144.0.0.0', '2026-01-23 17:19:27');
INSERT INTO `audit_logs` VALUES (572, 36, 'update', 'task', 57, '发起任务：asdasd（发起人类型：专项任务发起人）', 'null', '127.0.0.1', 'Mozilla/5.0 (Windows NT 10.0; Win64; x64) AppleWebKit/537.36 (KHTML, like Gecko) Chrome/144.0.0.0 Safari/537.36 Edg/144.0.0.0', '2026-01-23 17:19:33');
INSERT INTO `audit_logs` VALUES (573, 36, 'update', 'task', 57, '撤回任务：asdasd（发起人类型：专项任务发起人）', 'null', '127.0.0.1', 'Mozilla/5.0 (Windows NT 10.0; Win64; x64) AppleWebKit/537.36 (KHTML, like Gecko) Chrome/144.0.0.0 Safari/537.36 Edg/144.0.0.0', '2026-01-23 17:19:35');
INSERT INTO `audit_logs` VALUES (574, 36, 'update', 'task', 57, '发起任务：asdasd（发起人类型：专项任务发起人）', 'null', '127.0.0.1', 'Mozilla/5.0 (Windows NT 10.0; Win64; x64) AppleWebKit/537.36 (KHTML, like Gecko) Chrome/144.0.0.0 Safari/537.36 Edg/144.0.0.0', '2026-01-23 17:19:38');
INSERT INTO `audit_logs` VALUES (575, 36, 'update', 'task', 57, '撤回任务：asdasd（发起人类型：专项任务发起人）', 'null', '127.0.0.1', 'Mozilla/5.0 (Windows NT 10.0; Win64; x64) AppleWebKit/537.36 (KHTML, like Gecko) Chrome/144.0.0.0 Safari/537.36 Edg/144.0.0.0', '2026-01-23 17:19:39');
INSERT INTO `audit_logs` VALUES (576, 1, 'confirm', 'task', 48, '确认任务：test，已自动派发给 9 个销售单位接口人', 'null', '127.0.0.1', 'Mozilla/5.0 (Windows NT 10.0; Win64; x64) AppleWebKit/537.36 (KHTML, like Gecko) Chrome/144.0.0.0 Safari/537.36 Edg/144.0.0.0', '2026-01-26 14:13:03');
INSERT INTO `audit_logs` VALUES (577, 1, 'reject', 'task', 54, '拒绝任务：asdas', '{\"rejection_reason\": \"3fw\"}', '127.0.0.1', 'Mozilla/5.0 (Windows NT 10.0; Win64; x64) AppleWebKit/537.36 (KHTML, like Gecko) Chrome/144.0.0.0 Safari/537.36 Edg/144.0.0.0', '2026-01-26 14:13:23');
INSERT INTO `audit_logs` VALUES (578, 1, 'confirm', 'task', 56, '确认任务：asda，已自动派发给 9 个销售单位接口人', 'null', '127.0.0.1', 'Mozilla/5.0 (Windows NT 10.0; Win64; x64) AppleWebKit/537.36 (KHTML, like Gecko) Chrome/144.0.0.0 Safari/537.36 Edg/144.0.0.0', '2026-01-26 14:13:33');
INSERT INTO `audit_logs` VALUES (579, 1, 'reject', 'task', 53, '拒绝任务：asda', '{\"rejection_reason\": \"wefw\"}', '127.0.0.1', 'Mozilla/5.0 (Windows NT 10.0; Win64; x64) AppleWebKit/537.36 (KHTML, like Gecko) Chrome/144.0.0.0 Safari/537.36 Edg/144.0.0.0', '2026-01-26 14:13:50');
INSERT INTO `audit_logs` VALUES (580, 1, 'confirm', 'task', 49, '确认任务：twtetfewt，已自动派发给 9 个销售单位接口人', 'null', '127.0.0.1', 'Mozilla/5.0 (Windows NT 10.0; Win64; x64) AppleWebKit/537.36 (KHTML, like Gecko) Chrome/144.0.0.0 Safari/537.36 Edg/144.0.0.0', '2026-01-26 14:13:58');
INSERT INTO `audit_logs` VALUES (581, 1, 'reject', 'task', 50, '拒绝任务：asdasd', '{\"rejection_reason\": \"ewfwe\"}', '127.0.0.1', 'Mozilla/5.0 (Windows NT 10.0; Win64; x64) AppleWebKit/537.36 (KHTML, like Gecko) Chrome/144.0.0.0 Safari/537.36 Edg/144.0.0.0', '2026-01-26 14:14:13');
INSERT INTO `audit_logs` VALUES (582, 36, 'update', 'user', 36, '切换角色：从 task_initiator 切换到 sales_contact', 'null', '127.0.0.1', 'Mozilla/5.0 (Windows NT 10.0; Win64; x64) AppleWebKit/537.36 (KHTML, like Gecko) Chrome/144.0.0.0 Safari/537.36 Edg/144.0.0.0', '2026-01-26 14:51:33');
INSERT INTO `audit_logs` VALUES (583, 36, 'update', 'user', 36, '切换角色：从 sales_contact 切换到 task_initiator', 'null', '127.0.0.1', 'Mozilla/5.0 (Windows NT 10.0; Win64; x64) AppleWebKit/537.36 (KHTML, like Gecko) Chrome/144.0.0.0 Safari/537.36 Edg/144.0.0.0', '2026-01-26 15:01:44');
INSERT INTO `audit_logs` VALUES (584, 36, 'create', 'task', 58, '创建任务：123（发起人类型：专项任务发起人）', 'null', '127.0.0.1', 'Mozilla/5.0 (Windows NT 10.0; Win64; x64) AppleWebKit/537.36 (KHTML, like Gecko) Chrome/144.0.0.0 Safari/537.36 Edg/144.0.0.0', '2026-01-26 15:02:01');
INSERT INTO `audit_logs` VALUES (585, 36, 'update', 'task', 58, '发起任务：123（发起人类型：专项任务发起人）', 'null', '127.0.0.1', 'Mozilla/5.0 (Windows NT 10.0; Win64; x64) AppleWebKit/537.36 (KHTML, like Gecko) Chrome/144.0.0.0 Safari/537.36 Edg/144.0.0.0', '2026-01-26 15:02:08');
INSERT INTO `audit_logs` VALUES (586, 36, 'create', 'task', 59, '创建任务：7777（发起人类型：专项任务发起人）', 'null', '127.0.0.1', 'Mozilla/5.0 (Windows NT 10.0; Win64; x64) AppleWebKit/537.36 (KHTML, like Gecko) Chrome/144.0.0.0 Safari/537.36 Edg/144.0.0.0', '2026-01-26 15:02:53');
INSERT INTO `audit_logs` VALUES (587, 36, 'update', 'task', 59, '发起任务：7777（发起人类型：专项任务发起人）', 'null', '127.0.0.1', 'Mozilla/5.0 (Windows NT 10.0; Win64; x64) AppleWebKit/537.36 (KHTML, like Gecko) Chrome/144.0.0.0 Safari/537.36 Edg/144.0.0.0', '2026-01-26 15:02:55');
INSERT INTO `audit_logs` VALUES (588, 1, 'confirm', 'task', 59, '确认任务：7777，已自动派发给 9 个销售单位接口人', 'null', '127.0.0.1', 'Mozilla/5.0 (Windows NT 10.0; Win64; x64) AppleWebKit/537.36 (KHTML, like Gecko) Chrome/144.0.0.0 Safari/537.36 Edg/144.0.0.0', '2026-01-26 15:03:09');
INSERT INTO `audit_logs` VALUES (589, 36, 'update', 'user', 36, '切换角色：从 task_initiator 切换到 sales_contact', 'null', '127.0.0.1', 'Mozilla/5.0 (Windows NT 10.0; Win64; x64) AppleWebKit/537.36 (KHTML, like Gecko) Chrome/144.0.0.0 Safari/537.36 Edg/144.0.0.0', '2026-01-26 15:03:29');
INSERT INTO `audit_logs` VALUES (593, 36, 'submit', 'task', 59, '批量导入详细需求单：7777，成功导入 1 条', '{\"failed_count\": 0, \"success_count\": 1}', '127.0.0.1', 'Mozilla/5.0 (Windows NT 10.0; Win64; x64) AppleWebKit/537.36 (KHTML, like Gecko) Chrome/144.0.0.0 Safari/537.36 Edg/144.0.0.0', '2026-01-26 15:10:10');
INSERT INTO `audit_logs` VALUES (594, 36, 'submit', 'task', 59, '批量导入详细需求单：7777，成功导入 2 条', '{\"failed_count\": 0, \"success_count\": 2}', '127.0.0.1', 'Mozilla/5.0 (Windows NT 10.0; Win64; x64) AppleWebKit/537.36 (KHTML, like Gecko) Chrome/144.0.0.0 Safari/537.36 Edg/144.0.0.0', '2026-01-26 15:11:11');
INSERT INTO `audit_logs` VALUES (601, 36, 'update', 'user', 36, '切换角色：从 sales_contact 切换到 team_leader', 'null', '127.0.0.1', 'Mozilla/5.0 (Windows NT 10.0; Win64; x64) AppleWebKit/537.36 (KHTML, like Gecko) Chrome/144.0.0.0 Safari/537.36 Edg/144.0.0.0', '2026-01-26 15:18:06');
INSERT INTO `audit_logs` VALUES (602, 36, 'assign', 'work_order', 64, '转派工单：WO59-R46-1769382846，成员：阿楠', '{\"member_id\": 36, \"task_name\": \"7777\"}', '127.0.0.1', 'Mozilla/5.0 (Windows NT 10.0; Win64; x64) AppleWebKit/537.36 (KHTML, like Gecko) Chrome/144.0.0.0 Safari/537.36 Edg/144.0.0.0', '2026-01-26 15:18:24');
INSERT INTO `audit_logs` VALUES (603, 36, 'assign', 'work_order', 63, '转派工单：WO59-R47-1769382843，成员：阿楠', '{\"member_id\": 36, \"task_name\": \"7777\"}', '127.0.0.1', 'Mozilla/5.0 (Windows NT 10.0; Win64; x64) AppleWebKit/537.36 (KHTML, like Gecko) Chrome/144.0.0.0 Safari/537.36 Edg/144.0.0.0', '2026-01-26 15:18:28');
INSERT INTO `audit_logs` VALUES (604, 36, 'assign', 'work_order', 62, '转派工单：WO59-R48-1769382839，成员：阿楠', '{\"member_id\": 36, \"task_name\": \"7777\"}', '127.0.0.1', 'Mozilla/5.0 (Windows NT 10.0; Win64; x64) AppleWebKit/537.36 (KHTML, like Gecko) Chrome/144.0.0.0 Safari/537.36 Edg/144.0.0.0', '2026-01-26 15:18:32');
INSERT INTO `audit_logs` VALUES (605, 36, 'assign', 'work_order', 61, '转派工单：WO59-R49-1769382833，成员：阿楠', '{\"member_id\": 36, \"task_name\": \"7777\"}', '127.0.0.1', 'Mozilla/5.0 (Windows NT 10.0; Win64; x64) AppleWebKit/537.36 (KHTML, like Gecko) Chrome/144.0.0.0 Safari/537.36 Edg/144.0.0.0', '2026-01-26 15:18:37');
INSERT INTO `audit_logs` VALUES (606, 36, 'assign', 'work_order', 59, '转派工单：WO59-R51-1769382826，成员：阿楠', '{\"member_id\": 36, \"task_name\": \"7777\"}', '127.0.0.1', 'Mozilla/5.0 (Windows NT 10.0; Win64; x64) AppleWebKit/537.36 (KHTML, like Gecko) Chrome/144.0.0.0 Safari/537.36 Edg/144.0.0.0', '2026-01-26 15:18:42');
INSERT INTO `audit_logs` VALUES (607, 36, 'assign', 'work_order', 60, '转派工单：WO59-R50-1769382829，成员：阿楠', '{\"member_id\": 36, \"task_name\": \"7777\"}', '127.0.0.1', 'Mozilla/5.0 (Windows NT 10.0; Win64; x64) AppleWebKit/537.36 (KHTML, like Gecko) Chrome/144.0.0.0 Safari/537.36 Edg/144.0.0.0', '2026-01-26 15:18:47');
INSERT INTO `audit_logs` VALUES (608, 36, 'update', 'user', 36, '切换角色：从 team_leader 切换到 member', 'null', '127.0.0.1', 'Mozilla/5.0 (Windows NT 10.0; Win64; x64) AppleWebKit/537.36 (KHTML, like Gecko) Chrome/144.0.0.0 Safari/537.36 Edg/144.0.0.0', '2026-01-26 15:18:50');
INSERT INTO `audit_logs` VALUES (609, 36, 'accept', 'work_order', 64, '接单：WO59-R46-1769382846', '{\"task_name\": \"7777\", \"work_order_no\": \"WO59-R46-1769382846\"}', '127.0.0.1', 'Mozilla/5.0 (Windows NT 10.0; Win64; x64) AppleWebKit/537.36 (KHTML, like Gecko) Chrome/144.0.0.0 Safari/537.36 Edg/144.0.0.0', '2026-01-26 15:18:55');
INSERT INTO `audit_logs` VALUES (610, 36, 'accept', 'work_order', 63, '接单：WO59-R47-1769382843', '{\"task_name\": \"7777\", \"work_order_no\": \"WO59-R47-1769382843\"}', '127.0.0.1', 'Mozilla/5.0 (Windows NT 10.0; Win64; x64) AppleWebKit/537.36 (KHTML, like Gecko) Chrome/144.0.0.0 Safari/537.36 Edg/144.0.0.0', '2026-01-26 15:18:57');
INSERT INTO `audit_logs` VALUES (611, 36, 'accept', 'work_order', 62, '接单：WO59-R48-1769382839', '{\"task_name\": \"7777\", \"work_order_no\": \"WO59-R48-1769382839\"}', '127.0.0.1', 'Mozilla/5.0 (Windows NT 10.0; Win64; x64) AppleWebKit/537.36 (KHTML, like Gecko) Chrome/144.0.0.0 Safari/537.36 Edg/144.0.0.0', '2026-01-26 15:18:58');
INSERT INTO `audit_logs` VALUES (612, 36, 'accept', 'work_order', 61, '接单：WO59-R49-1769382833', '{\"task_name\": \"7777\", \"work_order_no\": \"WO59-R49-1769382833\"}', '127.0.0.1', 'Mozilla/5.0 (Windows NT 10.0; Win64; x64) AppleWebKit/537.36 (KHTML, like Gecko) Chrome/144.0.0.0 Safari/537.36 Edg/144.0.0.0', '2026-01-26 15:19:00');
INSERT INTO `audit_logs` VALUES (613, 36, 'accept', 'work_order', 60, '接单：WO59-R50-1769382829', '{\"task_name\": \"7777\", \"work_order_no\": \"WO59-R50-1769382829\"}', '127.0.0.1', 'Mozilla/5.0 (Windows NT 10.0; Win64; x64) AppleWebKit/537.36 (KHTML, like Gecko) Chrome/144.0.0.0 Safari/537.36 Edg/144.0.0.0', '2026-01-26 15:19:02');
INSERT INTO `audit_logs` VALUES (614, 36, 'accept', 'work_order', 59, '接单：WO59-R51-1769382826', '{\"task_name\": \"7777\", \"work_order_no\": \"WO59-R51-1769382826\"}', '127.0.0.1', 'Mozilla/5.0 (Windows NT 10.0; Win64; x64) AppleWebKit/537.36 (KHTML, like Gecko) Chrome/144.0.0.0 Safari/537.36 Edg/144.0.0.0', '2026-01-26 15:19:03');
INSERT INTO `audit_logs` VALUES (615, 36, 'update', 'user', 36, '切换角色：从 member 切换到 sales_contact', 'null', '127.0.0.1', 'Mozilla/5.0 (Windows NT 10.0; Win64; x64) AppleWebKit/537.36 (KHTML, like Gecko) Chrome/144.0.0.0 Safari/537.36 Edg/144.0.0.0', '2026-01-26 15:31:39');
INSERT INTO `audit_logs` VALUES (616, 36, 'create', 'task', 60, '创建任务：8888（发起人类型：销售单位接口人）', 'null', '127.0.0.1', 'Mozilla/5.0 (Windows NT 10.0; Win64; x64) AppleWebKit/537.36 (KHTML, like Gecko) Chrome/144.0.0.0 Safari/537.36 Edg/144.0.0.0', '2026-01-26 15:32:07');
INSERT INTO `audit_logs` VALUES (617, 36, 'update', 'task', 60, '发起任务：8888（发起人类型：销售单位接口人）', 'null', '127.0.0.1', 'Mozilla/5.0 (Windows NT 10.0; Win64; x64) AppleWebKit/537.36 (KHTML, like Gecko) Chrome/144.0.0.0 Safari/537.36 Edg/144.0.0.0', '2026-01-26 15:32:40');
INSERT INTO `audit_logs` VALUES (618, 1, 'confirm', 'task', 60, '确认任务：8888，已自动派发给 4 个销售单位接口人', 'null', '127.0.0.1', 'Mozilla/5.0 (Windows NT 10.0; Win64; x64) AppleWebKit/537.36 (KHTML, like Gecko) Chrome/144.0.0.0 Safari/537.36 Edg/144.0.0.0', '2026-01-26 15:32:55');
INSERT INTO `audit_logs` VALUES (619, 36, 'create', 'task', 61, '创建任务：999999999999999（发起人类型：销售单位接口人）', 'null', '127.0.0.1', 'Mozilla/5.0 (Windows NT 10.0; Win64; x64) AppleWebKit/537.36 (KHTML, like Gecko) Chrome/144.0.0.0 Safari/537.36 Edg/144.0.0.0', '2026-01-26 15:35:10');
INSERT INTO `audit_logs` VALUES (620, 36, 'update', 'task', 61, '发起任务：999999999999999（发起人类型：销售单位接口人）', 'null', '127.0.0.1', 'Mozilla/5.0 (Windows NT 10.0; Win64; x64) AppleWebKit/537.36 (KHTML, like Gecko) Chrome/144.0.0.0 Safari/537.36 Edg/144.0.0.0', '2026-01-26 15:35:13');
INSERT INTO `audit_logs` VALUES (621, 36, 'create', 'task', 62, '创建任务：222222222222（发起人类型：销售单位接口人）', 'null', '127.0.0.1', 'Mozilla/5.0 (Windows NT 10.0; Win64; x64) AppleWebKit/537.36 (KHTML, like Gecko) Chrome/144.0.0.0 Safari/537.36 Edg/144.0.0.0', '2026-01-26 15:43:55');
INSERT INTO `audit_logs` VALUES (622, 36, 'update', 'task', 62, '发起任务：222222222222（发起人类型：销售单位接口人）', 'null', '127.0.0.1', 'Mozilla/5.0 (Windows NT 10.0; Win64; x64) AppleWebKit/537.36 (KHTML, like Gecko) Chrome/144.0.0.0 Safari/537.36 Edg/144.0.0.0', '2026-01-26 15:44:00');
INSERT INTO `audit_logs` VALUES (623, 1, 'confirm', 'task', 62, '确认任务：222222222222，已自动派发给 4 个销售单位接口人', 'null', '127.0.0.1', 'Mozilla/5.0 (Windows NT 10.0; Win64; x64) AppleWebKit/537.36 (KHTML, like Gecko) Chrome/144.0.0.0 Safari/537.36 Edg/144.0.0.0', '2026-01-26 15:44:13');
INSERT INTO `audit_logs` VALUES (625, 36, 'update', 'user', 36, '切换角色：从 sales_contact 切换到 task_initiator', 'null', '127.0.0.1', 'Mozilla/5.0 (Windows NT 10.0; Win64; x64) AppleWebKit/537.36 (KHTML, like Gecko) Chrome/144.0.0.0 Safari/537.36 Edg/144.0.0.0', '2026-01-26 15:45:15');
INSERT INTO `audit_logs` VALUES (626, 36, 'update', 'user', 36, '切换角色：从 task_initiator 切换到 sales_contact', 'null', '127.0.0.1', 'Mozilla/5.0 (Windows NT 10.0; Win64; x64) AppleWebKit/537.36 (KHTML, like Gecko) Chrome/144.0.0.0 Safari/537.36 Edg/144.0.0.0', '2026-01-26 15:45:23');
INSERT INTO `audit_logs` VALUES (629, 1, 'reject', 'task', 58, '拒绝任务：123', '{\"rejection_reason\": \"sada\"}', '127.0.0.1', 'Mozilla/5.0 (Windows NT 10.0; Win64; x64) AppleWebKit/537.36 (KHTML, like Gecko) Chrome/144.0.0.0 Safari/537.36 Edg/144.0.0.0', '2026-01-26 15:47:41');
INSERT INTO `audit_logs` VALUES (630, 1, 'confirm', 'task', 61, '确认任务：999999999999999，已自动派发给 4 个销售单位接口人', 'null', '127.0.0.1', 'Mozilla/5.0 (Windows NT 10.0; Win64; x64) AppleWebKit/537.36 (KHTML, like Gecko) Chrome/144.0.0.0 Safari/537.36 Edg/144.0.0.0', '2026-01-26 15:47:48');
INSERT INTO `audit_logs` VALUES (631, 36, 'update', 'user', 36, '切换角色：从 sales_contact 切换到 task_initiator', 'null', '127.0.0.1', 'Mozilla/5.0 (Windows NT 10.0; Win64; x64) AppleWebKit/537.36 (KHTML, like Gecko) Chrome/144.0.0.0 Safari/537.36 Edg/144.0.0.0', '2026-01-26 16:34:50');
INSERT INTO `audit_logs` VALUES (632, 36, 'create', 'task', 63, '创建任务：测试任务（发起人类型：专项任务发起人）', 'null', '127.0.0.1', 'Mozilla/5.0 (Windows NT 10.0; Win64; x64) AppleWebKit/537.36 (KHTML, like Gecko) Chrome/144.0.0.0 Safari/537.36 Edg/144.0.0.0', '2026-01-26 16:35:04');
INSERT INTO `audit_logs` VALUES (633, 36, 'update', 'task', 63, '发起任务：测试任务（发起人类型：专项任务发起人）', 'null', '127.0.0.1', 'Mozilla/5.0 (Windows NT 10.0; Win64; x64) AppleWebKit/537.36 (KHTML, like Gecko) Chrome/144.0.0.0 Safari/537.36 Edg/144.0.0.0', '2026-01-26 16:36:25');
INSERT INTO `audit_logs` VALUES (634, 36, 'update', 'task', 63, '撤回任务：测试任务（发起人类型：专项任务发起人）', 'null', '127.0.0.1', 'Mozilla/5.0 (Windows NT 10.0; Win64; x64) AppleWebKit/537.36 (KHTML, like Gecko) Chrome/144.0.0.0 Safari/537.36 Edg/144.0.0.0', '2026-01-26 16:37:33');
INSERT INTO `audit_logs` VALUES (635, 36, 'delete', 'task', 63, '删除任务：测试任务', '{\"status\": \"draft\", \"task_name\": \"测试任务\", \"sales_unit\": \"全部\"}', '127.0.0.1', 'Mozilla/5.0 (Windows NT 10.0; Win64; x64) AppleWebKit/537.36 (KHTML, like Gecko) Chrome/144.0.0.0 Safari/537.36 Edg/144.0.0.0', '2026-01-27 13:25:09');
INSERT INTO `audit_logs` VALUES (636, 36, 'update', 'user', 36, '切换角色：从 task_initiator 切换到 sales_contact', 'null', '127.0.0.1', 'Mozilla/5.0 (Windows NT 10.0; Win64; x64) AppleWebKit/537.36 (KHTML, like Gecko) Chrome/144.0.0.0 Safari/537.36 Edg/144.0.0.0', '2026-01-27 13:32:56');
INSERT INTO `audit_logs` VALUES (637, 36, 'update', 'user', 36, '切换角色：从 sales_contact 切换到 task_initiator', 'null', '127.0.0.1', 'Mozilla/5.0 (Windows NT 10.0; Win64; x64) AppleWebKit/537.36 (KHTML, like Gecko) Chrome/144.0.0.0 Safari/537.36 Edg/144.0.0.0', '2026-01-28 13:40:44');
INSERT INTO `audit_logs` VALUES (638, 36, 'create', 'task', 63, '创建任务：asdas（发起人类型：专项任务发起人）', 'null', '127.0.0.1', 'Mozilla/5.0 (Windows NT 10.0; Win64; x64) AppleWebKit/537.36 (KHTML, like Gecko) Chrome/144.0.0.0 Safari/537.36 Edg/144.0.0.0', '2026-01-28 13:40:59');
INSERT INTO `audit_logs` VALUES (639, 36, 'update', 'user', 36, '切换角色：从 task_initiator 切换到 sales_contact', 'null', '127.0.0.1', 'Mozilla/5.0 (Windows NT 10.0; Win64; x64) AppleWebKit/537.36 (KHTML, like Gecko) Chrome/144.0.0.0 Safari/537.36 Edg/144.0.0.0', '2026-01-28 13:41:04');
INSERT INTO `audit_logs` VALUES (640, 36, 'update', 'user', 36, '切换角色：从 sales_contact 切换到 team_leader', 'null', '127.0.0.1', 'Mozilla/5.0 (Windows NT 10.0; Win64; x64) AppleWebKit/537.36 (KHTML, like Gecko) Chrome/144.0.0.0 Safari/537.36 Edg/144.0.0.0', '2026-01-28 13:47:38');
INSERT INTO `audit_logs` VALUES (641, 36, 'update', 'user', 36, '切换角色：从 team_leader 切换到 member', 'null', '127.0.0.1', 'Mozilla/5.0 (Windows NT 10.0; Win64; x64) AppleWebKit/537.36 (KHTML, like Gecko) Chrome/144.0.0.0 Safari/537.36 Edg/144.0.0.0', '2026-01-28 13:47:41');
INSERT INTO `audit_logs` VALUES (642, 36, 'update', 'user', 36, '切换角色：从 member 切换到 sales_contact', 'null', '127.0.0.1', 'Mozilla/5.0 (Windows NT 10.0; Win64; x64) AppleWebKit/537.36 (KHTML, like Gecko) Chrome/144.0.0.0 Safari/537.36 Edg/144.0.0.0', '2026-01-28 13:50:13');
INSERT INTO `audit_logs` VALUES (647, 36, 'update', 'user', 36, '切换角色：从 sales_contact 切换到 task_initiator', 'null', '127.0.0.1', 'Mozilla/5.0 (Windows NT 10.0; Win64; x64) AppleWebKit/537.36 (KHTML, like Gecko) Chrome/144.0.0.0 Safari/537.36 Edg/144.0.0.0', '2026-01-28 14:48:53');
INSERT INTO `audit_logs` VALUES (648, 36, 'update', 'user', 36, '切换角色：从 task_initiator 切换到 sales_contact', 'null', '127.0.0.1', 'Mozilla/5.0 (Windows NT 10.0; Win64; x64) AppleWebKit/537.36 (KHTML, like Gecko) Chrome/144.0.0.0 Safari/537.36 Edg/144.0.0.0', '2026-01-28 14:49:35');
INSERT INTO `audit_logs` VALUES (658, 36, 'update', 'user', 36, '切换角色：从 sales_contact 切换到 task_initiator', 'null', '127.0.0.1', 'Mozilla/5.0 (Windows NT 10.0; Win64; x64) AppleWebKit/537.36 (KHTML, like Gecko) Chrome/144.0.0.0 Safari/537.36 Edg/144.0.0.0', '2026-01-28 15:01:59');
INSERT INTO `audit_logs` VALUES (659, 36, 'create', 'task', 64, '创建任务：测试任务（发起人类型：专项任务发起人）', 'null', '127.0.0.1', 'Mozilla/5.0 (Windows NT 10.0; Win64; x64) AppleWebKit/537.36 (KHTML, like Gecko) Chrome/144.0.0.0 Safari/537.36 Edg/144.0.0.0', '2026-01-28 15:02:16');
INSERT INTO `audit_logs` VALUES (660, 36, 'update', 'task', 64, '发起任务：测试任务（发起人类型：专项任务发起人）', 'null', '127.0.0.1', 'Mozilla/5.0 (Windows NT 10.0; Win64; x64) AppleWebKit/537.36 (KHTML, like Gecko) Chrome/144.0.0.0 Safari/537.36 Edg/144.0.0.0', '2026-01-28 15:02:22');
INSERT INTO `audit_logs` VALUES (661, 36, 'update', 'user', 36, '切换角色：从 task_initiator 切换到 sales_contact', 'null', '127.0.0.1', 'Mozilla/5.0 (Windows NT 10.0; Win64; x64) AppleWebKit/537.36 (KHTML, like Gecko) Chrome/144.0.0.0 Safari/537.36 Edg/144.0.0.0', '2026-01-28 15:09:44');
INSERT INTO `audit_logs` VALUES (662, 36, 'update', 'task', 63, '发起任务：asdas（发起人类型：销售单位接口人）', 'null', '127.0.0.1', 'Mozilla/5.0 (Windows NT 10.0; Win64; x64) AppleWebKit/537.36 (KHTML, like Gecko) Chrome/144.0.0.0 Safari/537.36 Edg/144.0.0.0', '2026-01-28 15:09:50');
INSERT INTO `audit_logs` VALUES (664, 1, 'update', 'user', 43, '审核通过用户：asdasdas，角色：sales_contact', 'null', '127.0.0.1', 'Mozilla/5.0 (Windows NT 10.0; Win64; x64) AppleWebKit/537.36 (KHTML, like Gecko) Chrome/144.0.0.0 Safari/537.36 Edg/144.0.0.0', '2026-01-28 15:10:26');
INSERT INTO `audit_logs` VALUES (665, 1, 'update', 'user', 44, '审核通过用户：wdqwdfqwd，角色：task_initiator', 'null', '127.0.0.1', 'Mozilla/5.0 (Windows NT 10.0; Win64; x64) AppleWebKit/537.36 (KHTML, like Gecko) Chrome/144.0.0.0 Safari/537.36 Edg/144.0.0.0', '2026-01-28 15:10:27');
INSERT INTO `audit_logs` VALUES (666, 1, 'update', 'user', 45, '审核通过用户：asdasdasdas，角色：member', 'null', '127.0.0.1', 'Mozilla/5.0 (Windows NT 10.0; Win64; x64) AppleWebKit/537.36 (KHTML, like Gecko) Chrome/144.0.0.0 Safari/537.36 Edg/144.0.0.0', '2026-01-28 15:10:28');
INSERT INTO `audit_logs` VALUES (667, 1, 'confirm', 'task', 63, '确认任务：asdas，已自动派发给 10 个销售单位接口人', 'null', '127.0.0.1', 'Mozilla/5.0 (Windows NT 10.0; Win64; x64) AppleWebKit/537.36 (KHTML, like Gecko) Chrome/144.0.0.0 Safari/537.36 Edg/144.0.0.0', '2026-01-28 15:10:37');
INSERT INTO `audit_logs` VALUES (669, 1, 'update', 'task', 64, '关闭任务：测试任务', '{\"close_reason\": null}', '127.0.0.1', 'Mozilla/5.0 (Windows NT 10.0; Win64; x64) AppleWebKit/537.36 (KHTML, like Gecko) Chrome/144.0.0.0 Safari/537.36 Edg/144.0.0.0', '2026-01-28 15:10:59');
INSERT INTO `audit_logs` VALUES (670, 36, 'submit', 'task', 63, '批量导入详细需求单：asdas，成功导入 1 条', '{\"failed_count\": 0, \"success_count\": 1}', '127.0.0.1', 'Mozilla/5.0 (Windows NT 10.0; Win64; x64) AppleWebKit/537.36 (KHTML, like Gecko) Chrome/144.0.0.0 Safari/537.36 Edg/144.0.0.0', '2026-01-28 15:20:41');
INSERT INTO `audit_logs` VALUES (672, 36, 'update', 'user', 36, '切换角色：从 sales_contact 切换到 team_leader', 'null', '127.0.0.1', 'Mozilla/5.0 (Windows NT 10.0; Win64; x64) AppleWebKit/537.36 (KHTML, like Gecko) Chrome/144.0.0.0 Safari/537.36 Edg/144.0.0.0', '2026-01-28 15:23:20');
INSERT INTO `audit_logs` VALUES (673, 36, 'assign', 'work_order', 39, '转派工单：WO36-R27-1768345627，成员：阿楠', '{\"member_id\": 36, \"task_name\": \"宝山\"}', '127.0.0.1', 'Mozilla/5.0 (Windows NT 10.0; Win64; x64) AppleWebKit/537.36 (KHTML, like Gecko) Chrome/144.0.0.0 Safari/537.36 Edg/144.0.0.0', '2026-01-28 15:23:42');
INSERT INTO `audit_logs` VALUES (674, 36, 'assign', 'work_order', 74, '转派工单：WO63-R61-1769556073，成员：阿楠', '{\"member_id\": 36, \"task_name\": \"asdas\"}', '127.0.0.1', 'Mozilla/5.0 (Windows NT 10.0; Win64; x64) AppleWebKit/537.36 (KHTML, like Gecko) Chrome/144.0.0.0 Safari/537.36 Edg/144.0.0.0', '2026-01-28 15:24:32');
INSERT INTO `audit_logs` VALUES (675, 36, 'assign', 'work_order', 73, '转派工单：WO62-R60-1769555450，成员：阿楠', '{\"member_id\": 36, \"task_name\": \"222222222222\"}', '127.0.0.1', 'Mozilla/5.0 (Windows NT 10.0; Win64; x64) AppleWebKit/537.36 (KHTML, like Gecko) Chrome/144.0.0.0 Safari/537.36 Edg/144.0.0.0', '2026-01-28 15:24:37');
INSERT INTO `audit_logs` VALUES (676, 36, 'assign', 'work_order', 72, '转派工单：WO62-R56-1769554681，成员：阿楠', '{\"member_id\": 36, \"task_name\": \"222222222222\"}', '127.0.0.1', 'Mozilla/5.0 (Windows NT 10.0; Win64; x64) AppleWebKit/537.36 (KHTML, like Gecko) Chrome/144.0.0.0 Safari/537.36 Edg/144.0.0.0', '2026-01-28 15:25:18');
INSERT INTO `audit_logs` VALUES (677, 36, 'assign', 'work_order', 71, '转派工单：WO62-R55-1769554677，成员：阿楠', '{\"member_id\": 36, \"task_name\": \"222222222222\"}', '127.0.0.1', 'Mozilla/5.0 (Windows NT 10.0; Win64; x64) AppleWebKit/537.36 (KHTML, like Gecko) Chrome/144.0.0.0 Safari/537.36 Edg/144.0.0.0', '2026-01-28 15:25:21');
INSERT INTO `audit_logs` VALUES (678, 36, 'assign', 'work_order', 70, '转派工单：WO62-R52-1769554673，成员：阿楠', '{\"member_id\": 36, \"task_name\": \"222222222222\"}', '127.0.0.1', 'Mozilla/5.0 (Windows NT 10.0; Win64; x64) AppleWebKit/537.36 (KHTML, like Gecko) Chrome/144.0.0.0 Safari/537.36 Edg/144.0.0.0', '2026-01-28 15:25:25');
INSERT INTO `audit_logs` VALUES (679, 36, 'assign', 'work_order', 68, '转派工单：WO59-R58-1769554652，成员：阿楠', '{\"member_id\": 36, \"task_name\": \"7777\"}', '127.0.0.1', 'Mozilla/5.0 (Windows NT 10.0; Win64; x64) AppleWebKit/537.36 (KHTML, like Gecko) Chrome/144.0.0.0 Safari/537.36 Edg/144.0.0.0', '2026-01-28 15:25:31');
INSERT INTO `audit_logs` VALUES (680, 36, 'assign', 'work_order', 65, '转派工单：WO62-R57-1769554071，成员：阿楠', '{\"member_id\": 36, \"task_name\": \"222222222222\"}', '127.0.0.1', 'Mozilla/5.0 (Windows NT 10.0; Win64; x64) AppleWebKit/537.36 (KHTML, like Gecko) Chrome/144.0.0.0 Safari/537.36 Edg/144.0.0.0', '2026-01-28 15:25:35');
INSERT INTO `audit_logs` VALUES (681, 36, 'assign', 'work_order', 66, '转派工单：WO60-R54-1769554466，成员：阿楠', '{\"member_id\": 36, \"task_name\": \"8888\"}', '127.0.0.1', 'Mozilla/5.0 (Windows NT 10.0; Win64; x64) AppleWebKit/537.36 (KHTML, like Gecko) Chrome/144.0.0.0 Safari/537.36 Edg/144.0.0.0', '2026-01-28 15:25:38');
INSERT INTO `audit_logs` VALUES (682, 36, 'assign', 'work_order', 67, '转派工单：WO59-R59-1769554648，成员：阿楠', '{\"member_id\": 36, \"task_name\": \"7777\"}', '127.0.0.1', 'Mozilla/5.0 (Windows NT 10.0; Win64; x64) AppleWebKit/537.36 (KHTML, like Gecko) Chrome/144.0.0.0 Safari/537.36 Edg/144.0.0.0', '2026-01-28 15:25:42');
INSERT INTO `audit_logs` VALUES (683, 36, 'assign', 'work_order', 69, '转派工单：WO59-R53-1769554657，成员：阿楠', '{\"member_id\": 36, \"task_name\": \"7777\"}', '127.0.0.1', 'Mozilla/5.0 (Windows NT 10.0; Win64; x64) AppleWebKit/537.36 (KHTML, like Gecko) Chrome/144.0.0.0 Safari/537.36 Edg/144.0.0.0', '2026-01-28 15:25:45');
INSERT INTO `audit_logs` VALUES (684, 36, 'update', 'work_order', 73, '撤回工单：WO62-R60-1769555450，原成员：阿楠', '{\"task_name\": \"222222222222\", \"new_status\": \"pending_assign\", \"old_status\": \"pending_accept\", \"old_member_id\": 36, \"old_member_name\": \"阿楠\"}', '127.0.0.1', 'Mozilla/5.0 (Windows NT 10.0; Win64; x64) AppleWebKit/537.36 (KHTML, like Gecko) Chrome/144.0.0.0 Safari/537.36 Edg/144.0.0.0', '2026-01-28 15:27:21');
INSERT INTO `audit_logs` VALUES (685, 36, 'assign', 'work_order', 73, '转派工单：WO62-R60-1769555450，成员：阿楠', '{\"member_id\": 36, \"task_name\": \"222222222222\"}', '127.0.0.1', 'Mozilla/5.0 (Windows NT 10.0; Win64; x64) AppleWebKit/537.36 (KHTML, like Gecko) Chrome/144.0.0.0 Safari/537.36 Edg/144.0.0.0', '2026-01-28 15:27:26');
INSERT INTO `audit_logs` VALUES (686, 1, 'update', 'user', 46, '审核通过用户：yznn，角色：sales_contact', 'null', '127.0.0.1', 'Mozilla/5.0 (Windows NT 10.0; Win64; x64) AppleWebKit/537.36 (KHTML, like Gecko) Chrome/144.0.0.0 Safari/537.36 Edg/144.0.0.0', '2026-01-28 15:51:53');
INSERT INTO `audit_logs` VALUES (687, 36, 'update', 'user', 36, '切换角色：从 team_leader 切换到 task_initiator', 'null', '127.0.0.1', 'Mozilla/5.0 (Windows NT 10.0; Win64; x64) AppleWebKit/537.36 (KHTML, like Gecko) Chrome/144.0.0.0 Safari/537.36 Edg/144.0.0.0', '2026-01-28 15:53:19');
INSERT INTO `audit_logs` VALUES (688, 36, 'create', 'task', 65, '创建任务：测试任务1（发起人类型：专项任务发起人）', 'null', '127.0.0.1', 'Mozilla/5.0 (Windows NT 10.0; Win64; x64) AppleWebKit/537.36 (KHTML, like Gecko) Chrome/144.0.0.0 Safari/537.36 Edg/144.0.0.0', '2026-01-28 16:04:35');
INSERT INTO `audit_logs` VALUES (689, 36, 'update', 'task', 65, '发起任务：测试任务1（发起人类型：专项任务发起人）', 'null', '127.0.0.1', 'Mozilla/5.0 (Windows NT 10.0; Win64; x64) AppleWebKit/537.36 (KHTML, like Gecko) Chrome/144.0.0.0 Safari/537.36 Edg/144.0.0.0', '2026-01-28 16:04:38');
INSERT INTO `audit_logs` VALUES (690, 36, 'create', 'task', 66, '创建任务：测试任务2（发起人类型：专项任务发起人）', 'null', '127.0.0.1', 'Mozilla/5.0 (Windows NT 10.0; Win64; x64) AppleWebKit/537.36 (KHTML, like Gecko) Chrome/144.0.0.0 Safari/537.36 Edg/144.0.0.0', '2026-01-28 16:04:50');
INSERT INTO `audit_logs` VALUES (718, 1, 'confirm', 'task', 68, '确认任务：测试任务4，已自动派发给 2 个销售单位接口人', 'null', '127.0.0.1', 'Mozilla/5.0 (Windows NT 10.0; Win64; x64) AppleWebKit/537.36 (KHTML, like Gecko) Chrome/144.0.0.0 Safari/537.36 Edg/144.0.0.0', '2026-01-29 13:09:44');
INSERT INTO `audit_logs` VALUES (719, 36, 'update', 'task', 68, '更新任务：测试任务4（发起人类型：专项任务发起人），修改后需重新审批', '{\"modify_reason\": \"wwwww\", \"changed_fields\": {\"fde_count\": {\"new\": \"5\", \"old\": \"20\"}, \"sales_unit\": {\"new\": \"阿网\", \"old\": \"海卓\"}}}', '127.0.0.1', 'Mozilla/5.0 (Windows NT 10.0; Win64; x64) AppleWebKit/537.36 (KHTML, like Gecko) Chrome/144.0.0.0 Safari/537.36 Edg/144.0.0.0', '2026-01-29 13:10:45');
INSERT INTO `audit_logs` VALUES (720, 36, 'update', 'task', 68, '撤回任务：测试任务4（发起人类型：专项任务发起人）', 'null', '127.0.0.1', 'Mozilla/5.0 (Windows NT 10.0; Win64; x64) AppleWebKit/537.36 (KHTML, like Gecko) Chrome/144.0.0.0 Safari/537.36 Edg/144.0.0.0', '2026-01-29 13:36:17');
INSERT INTO `audit_logs` VALUES (721, 36, 'update', 'task', 68, '更新任务：测试任务4（发起人类型：专项任务发起人）', '{\"changed_fields\": {\"sales_unit\": {\"new\": \"海卓,恒联\", \"old\": \"阿网\"}}}', '127.0.0.1', 'Mozilla/5.0 (Windows NT 10.0; Win64; x64) AppleWebKit/537.36 (KHTML, like Gecko) Chrome/144.0.0.0 Safari/537.36 Edg/144.0.0.0', '2026-01-29 13:36:27');
INSERT INTO `audit_logs` VALUES (722, 36, 'update', 'task', 68, '发起任务：测试任务4（发起人类型：专项任务发起人）', 'null', '127.0.0.1', 'Mozilla/5.0 (Windows NT 10.0; Win64; x64) AppleWebKit/537.36 (KHTML, like Gecko) Chrome/144.0.0.0 Safari/537.36 Edg/144.0.0.0', '2026-01-29 13:36:30');
INSERT INTO `audit_logs` VALUES (723, 1, 'confirm', 'task', 68, '确认任务：测试任务4，已自动派发给 3 个销售单位接口人', 'null', '127.0.0.1', 'Mozilla/5.0 (Windows NT 10.0; Win64; x64) AppleWebKit/537.36 (KHTML, like Gecko) Chrome/144.0.0.0 Safari/537.36 Edg/144.0.0.0', '2026-01-29 13:36:43');
INSERT INTO `audit_logs` VALUES (724, 36, 'update', 'task', 68, '撤回任务：测试任务4（发起人类型：专项任务发起人）', 'null', '127.0.0.1', 'Mozilla/5.0 (Windows NT 10.0; Win64; x64) AppleWebKit/537.36 (KHTML, like Gecko) Chrome/143.0.0.0 Safari/537.36', '2026-01-29 13:45:36');
INSERT INTO `audit_logs` VALUES (725, 36, 'update', 'task', 68, '更新任务：测试任务4（发起人类型：专项任务发起人）', '{\"changed_fields\": {\"sales_unit\": {\"new\": \"海卓\", \"old\": \"海卓,恒联\"}}}', '127.0.0.1', 'Mozilla/5.0 (Windows NT 10.0; Win64; x64) AppleWebKit/537.36 (KHTML, like Gecko) Chrome/143.0.0.0 Safari/537.36', '2026-01-29 13:45:50');
INSERT INTO `audit_logs` VALUES (726, 36, 'update', 'task', 68, '更新任务：测试任务4（发起人类型：专项任务发起人）', 'null', '127.0.0.1', 'Mozilla/5.0 (Windows NT 10.0; Win64; x64) AppleWebKit/537.36 (KHTML, like Gecko) Chrome/143.0.0.0 Safari/537.36', '2026-01-29 13:45:52');
INSERT INTO `audit_logs` VALUES (727, 36, 'update', 'task', 68, '发起任务：测试任务4（发起人类型：专项任务发起人）', 'null', '127.0.0.1', 'Mozilla/5.0 (Windows NT 10.0; Win64; x64) AppleWebKit/537.36 (KHTML, like Gecko) Chrome/143.0.0.0 Safari/537.36', '2026-01-29 13:46:28');
INSERT INTO `audit_logs` VALUES (728, 1, 'confirm', 'task', 68, '确认任务：测试任务4，已自动派发给 2 个销售单位接口人', 'null', '127.0.0.1', 'Mozilla/5.0 (Windows NT 10.0; Win64; x64) AppleWebKit/537.36 (KHTML, like Gecko) Chrome/143.0.0.0 Safari/537.36', '2026-01-29 13:46:45');
INSERT INTO `audit_logs` VALUES (730, 46, 'submit', 'task', 68, '批量导入详细需求单：测试任务4，成功导入 2 条', '{\"failed_count\": 0, \"success_count\": 2}', '127.0.0.1', 'Mozilla/5.0 (Windows NT 10.0; Win64; x64) AppleWebKit/537.36 (KHTML, like Gecko) Chrome/143.0.0.0 Safari/537.36', '2026-01-29 13:47:25');
INSERT INTO `audit_logs` VALUES (731, 46, 'delete', 'task', 68, '删除详细需求：测试任务4，客户：客户单位', '{\"customer_unit\": \"客户单位\", \"detail_requirement_id\": 75}', '127.0.0.1', 'Mozilla/5.0 (Windows NT 10.0; Win64; x64) AppleWebKit/537.36 (KHTML, like Gecko) Chrome/143.0.0.0 Safari/537.36', '2026-01-29 13:47:30');
INSERT INTO `audit_logs` VALUES (732, 36, 'update', 'task', 68, '更新任务：测试任务4（发起人类型：专项任务发起人），修改后需重新审批', '{\"modify_reason\": \"asdasdas\", \"changed_fields\": {\"sales_unit\": {\"new\": \"海卓,恒联\", \"old\": \"海卓\"}}}', '127.0.0.1', 'Mozilla/5.0 (Windows NT 10.0; Win64; x64) AppleWebKit/537.36 (KHTML, like Gecko) Chrome/143.0.0.0 Safari/537.36', '2026-01-29 13:47:56');
INSERT INTO `audit_logs` VALUES (733, 1, 'confirm', 'task', 68, '确认任务：测试任务4，已自动派发给 3 个销售单位接口人', 'null', '127.0.0.1', 'Mozilla/5.0 (Windows NT 10.0; Win64; x64) AppleWebKit/537.36 (KHTML, like Gecko) Chrome/143.0.0.0 Safari/537.36', '2026-01-29 13:48:12');
INSERT INTO `audit_logs` VALUES (735, 1, 'delete', 'task', 68, '删除详细需求：测试任务4，客户：asdasdasd', '{\"customer_unit\": \"asdasdasd\", \"detail_requirement_id\": 74}', '127.0.0.1', 'Mozilla/5.0 (Windows NT 10.0; Win64; x64) AppleWebKit/537.36 (KHTML, like Gecko) Chrome/143.0.0.0 Safari/537.36', '2026-01-29 13:57:33');
INSERT INTO `audit_logs` VALUES (736, 36, 'create', 'task', 69, '创建任务：理想公司（发起人类型：专项任务发起人）', 'null', '127.0.0.1', 'Mozilla/5.0 (Windows NT 10.0; Win64; x64) AppleWebKit/537.36 (KHTML, like Gecko) Chrome/143.0.0.0 Safari/537.36', '2026-01-29 14:41:01');
INSERT INTO `audit_logs` VALUES (737, 36, 'update', 'task', 69, '发起任务：理想公司（发起人类型：专项任务发起人）', 'null', '127.0.0.1', 'Mozilla/5.0 (Windows NT 10.0; Win64; x64) AppleWebKit/537.36 (KHTML, like Gecko) Chrome/143.0.0.0 Safari/537.36', '2026-01-29 14:41:07');
INSERT INTO `audit_logs` VALUES (738, 1, 'confirm', 'task', 69, '确认任务：理想公司，已自动派发给 2 个销售单位接口人', 'null', '127.0.0.1', 'Mozilla/5.0 (Windows NT 10.0; Win64; x64) AppleWebKit/537.36 (KHTML, like Gecko) Chrome/143.0.0.0 Safari/537.36', '2026-01-29 14:41:28');
INSERT INTO `audit_logs` VALUES (740, 46, 'create', 'task', 70, '创建任务：测试任务（发起人类型：销售单位接口人）', 'null', '127.0.0.1', 'Mozilla/5.0 (Windows NT 10.0; Win64; x64) AppleWebKit/537.36 (KHTML, like Gecko) Chrome/143.0.0.0 Safari/537.36', '2026-01-29 16:07:01');
INSERT INTO `audit_logs` VALUES (763, 36, 'accept', 'work_order', 74, '接单：WO63-R61-1769556073', '{\"task_name\": \"asdas\", \"work_order_no\": \"WO63-R61-1769556073\"}', '127.0.0.1', 'Mozilla/5.0 (Windows NT 10.0; Win64; x64) AppleWebKit/537.36 (KHTML, like Gecko) Chrome/146.0.0.0 Safari/537.36 Edg/146.0.0.0', '2026-04-07 09:48:32');
INSERT INTO `audit_logs` VALUES (764, 36, 'accept', 'work_order', 73, '接单：WO62-R60-1769555450', '{\"task_name\": \"222222222222\", \"work_order_no\": \"WO62-R60-1769555450\"}', '127.0.0.1', 'Mozilla/5.0 (Windows NT 10.0; Win64; x64) AppleWebKit/537.36 (KHTML, like Gecko) Chrome/146.0.0.0 Safari/537.36 Edg/146.0.0.0', '2026-04-07 09:48:34');
INSERT INTO `audit_logs` VALUES (765, 36, 'accept', 'work_order', 69, '接单：WO59-R53-1769554657', '{\"task_name\": \"7777\", \"work_order_no\": \"WO59-R53-1769554657\"}', '127.0.0.1', 'Mozilla/5.0 (Windows NT 10.0; Win64; x64) AppleWebKit/537.36 (KHTML, like Gecko) Chrome/146.0.0.0 Safari/537.36 Edg/146.0.0.0', '2026-04-07 09:48:41');
INSERT INTO `audit_logs` VALUES (766, 36, 'accept', 'work_order', 66, '接单：WO60-R54-1769554466', '{\"task_name\": \"8888\", \"work_order_no\": \"WO60-R54-1769554466\"}', '127.0.0.1', 'Mozilla/5.0 (Windows NT 10.0; Win64; x64) AppleWebKit/537.36 (KHTML, like Gecko) Chrome/146.0.0.0 Safari/537.36 Edg/146.0.0.0', '2026-04-07 09:48:53');
INSERT INTO `audit_logs` VALUES (767, 36, 'update', 'user', 36, '切换角色：从 成员 切换到 销售单位接口人', 'null', '127.0.0.1', 'Mozilla/5.0 (Windows NT 10.0; Win64; x64) AppleWebKit/537.36 (KHTML, like Gecko) Chrome/146.0.0.0 Safari/537.36 Edg/146.0.0.0', '2026-04-07 09:49:21');
INSERT INTO `audit_logs` VALUES (770, 36, 'update', 'user', 36, '切换角色：从 销售单位接口人 切换到 组长', 'null', '127.0.0.1', 'Mozilla/5.0 (Windows NT 10.0; Win64; x64) AppleWebKit/537.36 (KHTML, like Gecko) Chrome/146.0.0.0 Safari/537.36 Edg/146.0.0.0', '2026-04-07 09:55:13');
INSERT INTO `audit_logs` VALUES (771, 36, 'assign', 'work_order', 87, '转派工单：WO63-R78-1775498012，成员：阿楠', '{\"member_id\": 36, \"task_name\": \"asdas\"}', '127.0.0.1', 'Mozilla/5.0 (Windows NT 10.0; Win64; x64) AppleWebKit/537.36 (KHTML, like Gecko) Chrome/146.0.0.0 Safari/537.36 Edg/146.0.0.0', '2026-04-07 09:55:44');
INSERT INTO `audit_logs` VALUES (772, 36, 'update', 'user', 36, '切换角色：从 组长 切换到 成员', 'null', '127.0.0.1', 'Mozilla/5.0 (Windows NT 10.0; Win64; x64) AppleWebKit/537.36 (KHTML, like Gecko) Chrome/146.0.0.0 Safari/537.36 Edg/146.0.0.0', '2026-04-07 09:55:46');
INSERT INTO `audit_logs` VALUES (773, 36, 'accept', 'work_order', 87, '接单：WO63-R78-1775498012', '{\"task_name\": \"asdas\", \"work_order_no\": \"WO63-R78-1775498012\"}', '127.0.0.1', 'Mozilla/5.0 (Windows NT 10.0; Win64; x64) AppleWebKit/537.36 (KHTML, like Gecko) Chrome/146.0.0.0 Safari/537.36 Edg/146.0.0.0', '2026-04-07 09:55:56');
INSERT INTO `audit_logs` VALUES (774, 36, 'update', 'user', 36, '切换角色：从 成员 切换到 销售单位接口人', 'null', '127.0.0.1', 'Mozilla/5.0 (Windows NT 10.0; Win64; x64) AppleWebKit/537.36 (KHTML, like Gecko) Chrome/146.0.0.0 Safari/537.36 Edg/146.0.0.0', '2026-04-07 10:17:11');
INSERT INTO `audit_logs` VALUES (775, 36, 'update', 'user', 36, '切换角色：从 销售单位接口人 切换到 专项任务发起人', 'null', '127.0.0.1', 'Mozilla/5.0 (Windows NT 10.0; Win64; x64) AppleWebKit/537.36 (KHTML, like Gecko) Chrome/146.0.0.0 Safari/537.36 Edg/146.0.0.0', '2026-04-07 10:18:03');
INSERT INTO `audit_logs` VALUES (776, 36, 'update', 'user', 36, '切换角色：从 专项任务发起人 切换到 销售单位接口人', 'null', '127.0.0.1', 'Mozilla/5.0 (Windows NT 10.0; Win64; x64) AppleWebKit/537.36 (KHTML, like Gecko) Chrome/146.0.0.0 Safari/537.36 Edg/146.0.0.0', '2026-04-07 10:18:15');
INSERT INTO `audit_logs` VALUES (777, 36, 'update', 'user', 36, '切换角色：从 销售单位接口人 切换到 成员', 'null', '127.0.0.1', 'Mozilla/5.0 (Windows NT 10.0; Win64; x64) AppleWebKit/537.36 (KHTML, like Gecko) Chrome/146.0.0.0 Safari/537.36 Edg/146.0.0.0', '2026-04-07 10:22:44');
INSERT INTO `audit_logs` VALUES (782, 36, 'update', 'user', 36, '切换角色：从 成员 切换到 销售单位接口人', 'null', '127.0.0.1', 'Mozilla/5.0 (Windows NT 10.0; Win64; x64) AppleWebKit/537.36 (KHTML, like Gecko) Chrome/146.0.0.0 Safari/537.36 Edg/146.0.0.0', '2026-04-07 13:03:20');
INSERT INTO `audit_logs` VALUES (783, 36, 'update', 'user', 36, '切换角色：从 销售单位接口人 切换到 组长', 'null', '127.0.0.1', 'Mozilla/5.0 (Windows NT 10.0; Win64; x64) AppleWebKit/537.36 (KHTML, like Gecko) Chrome/146.0.0.0 Safari/537.36 Edg/146.0.0.0', '2026-04-07 13:13:27');
INSERT INTO `audit_logs` VALUES (784, 36, 'update', 'user', 36, '切换角色：从 组长 切换到 成员', 'null', '127.0.0.1', 'Mozilla/5.0 (Windows NT 10.0; Win64; x64) AppleWebKit/537.36 (KHTML, like Gecko) Chrome/146.0.0.0 Safari/537.36 Edg/146.0.0.0', '2026-04-07 13:13:32');
INSERT INTO `audit_logs` VALUES (785, 36, 'update', 'user', 36, '切换角色：从 成员 切换到 销售单位接口人', 'null', '127.0.0.1', 'Mozilla/5.0 (Windows NT 10.0; Win64; x64) AppleWebKit/537.36 (KHTML, like Gecko) Chrome/146.0.0.0 Safari/537.36 Edg/146.0.0.0', '2026-04-07 13:17:53');
INSERT INTO `audit_logs` VALUES (786, 36, 'update', 'user', 36, '切换角色：从 销售单位接口人 切换到 成员', 'null', '127.0.0.1', 'Mozilla/5.0 (Windows NT 10.0; Win64; x64) AppleWebKit/537.36 (KHTML, like Gecko) Chrome/146.0.0.0 Safari/537.36 Edg/146.0.0.0', '2026-04-07 13:18:13');
INSERT INTO `audit_logs` VALUES (789, 36, 'update', 'user', 36, '切换角色：从 成员 切换到 销售单位接口人', 'null', '127.0.0.1', 'Mozilla/5.0 (Windows NT 10.0; Win64; x64) AppleWebKit/537.36 (KHTML, like Gecko) Chrome/146.0.0.0 Safari/537.36 Edg/146.0.0.0', '2026-04-07 14:02:57');
INSERT INTO `audit_logs` VALUES (792, 36, 'update', 'user', 36, '切换角色：从 销售单位接口人 切换到 专项任务发起人', 'null', '127.0.0.1', 'Mozilla/5.0 (Windows NT 10.0; Win64; x64) AppleWebKit/537.36 (KHTML, like Gecko) Chrome/146.0.0.0 Safari/537.36 Edg/146.0.0.0', '2026-04-07 14:05:49');
INSERT INTO `audit_logs` VALUES (793, 36, 'create', 'task', 72, '创建任务：宝山（发起人类型：专项任务发起人）', 'null', '127.0.0.1', 'Mozilla/5.0 (Windows NT 10.0; Win64; x64) AppleWebKit/537.36 (KHTML, like Gecko) Chrome/146.0.0.0 Safari/537.36 Edg/146.0.0.0', '2026-04-07 14:06:21');
INSERT INTO `audit_logs` VALUES (794, 36, 'update', 'task', 72, '发起任务：宝山（发起人类型：专项任务发起人）', 'null', '127.0.0.1', 'Mozilla/5.0 (Windows NT 10.0; Win64; x64) AppleWebKit/537.36 (KHTML, like Gecko) Chrome/146.0.0.0 Safari/537.36 Edg/146.0.0.0', '2026-04-07 14:06:31');
INSERT INTO `audit_logs` VALUES (795, 1, 'confirm', 'task', 72, '确认任务：宝山，已自动派发给 1 个销售单位接口人', 'null', '127.0.0.1', 'Mozilla/5.0 (Windows NT 10.0; Win64; x64) AppleWebKit/537.36 (KHTML, like Gecko) Chrome/146.0.0.0 Safari/537.36', '2026-04-07 14:06:43');
INSERT INTO `audit_logs` VALUES (796, 36, 'update', 'user', 36, '切换角色：从 专项任务发起人 切换到 销售单位接口人', 'null', '127.0.0.1', 'Mozilla/5.0 (Windows NT 10.0; Win64; x64) AppleWebKit/537.36 (KHTML, like Gecko) Chrome/146.0.0.0 Safari/537.36 Edg/146.0.0.0', '2026-04-07 14:06:54');
INSERT INTO `audit_logs` VALUES (797, 36, 'update', 'user', 36, '切换角色：从 销售单位接口人 切换到 成员', 'null', '127.0.0.1', 'Mozilla/5.0 (Windows NT 10.0; Win64; x64) AppleWebKit/537.36 (KHTML, like Gecko) Chrome/146.0.0.0 Safari/537.36 Edg/146.0.0.0', '2026-04-07 14:13:11');
INSERT INTO `audit_logs` VALUES (798, 36, 'update', 'user', 36, '切换角色：从 成员 切换到 组长', 'null', '127.0.0.1', 'Mozilla/5.0 (Windows NT 10.0; Win64; x64) AppleWebKit/537.36 (KHTML, like Gecko) Chrome/146.0.0.0 Safari/537.36 Edg/146.0.0.0', '2026-04-07 14:13:46');
INSERT INTO `audit_logs` VALUES (799, 36, 'assign', 'work_order', 88, '转派工单：WO63-R79-1775513079，成员：阿楠', '{\"member_id\": 36, \"task_name\": \"asdas\"}', '127.0.0.1', 'Mozilla/5.0 (Windows NT 10.0; Win64; x64) AppleWebKit/537.36 (KHTML, like Gecko) Chrome/146.0.0.0 Safari/537.36 Edg/146.0.0.0', '2026-04-07 14:13:53');
INSERT INTO `audit_logs` VALUES (800, 36, 'update', 'user', 36, '切换角色：从 组长 切换到 成员', 'null', '127.0.0.1', 'Mozilla/5.0 (Windows NT 10.0; Win64; x64) AppleWebKit/537.36 (KHTML, like Gecko) Chrome/146.0.0.0 Safari/537.36 Edg/146.0.0.0', '2026-04-07 14:13:59');
INSERT INTO `audit_logs` VALUES (801, 36, 'accept', 'work_order', 88, '接单：WO63-R79-1775513079', '{\"task_name\": \"asdas\", \"work_order_no\": \"WO63-R79-1775513079\"}', '127.0.0.1', 'Mozilla/5.0 (Windows NT 10.0; Win64; x64) AppleWebKit/537.36 (KHTML, like Gecko) Chrome/146.0.0.0 Safari/537.36 Edg/146.0.0.0', '2026-04-07 14:14:06');
INSERT INTO `audit_logs` VALUES (804, 36, 'update', 'user', 36, '切换角色：从 成员 切换到 销售单位接口人', 'null', '127.0.0.1', 'Mozilla/5.0 (Windows NT 10.0; Win64; x64) AppleWebKit/537.36 (KHTML, like Gecko) Chrome/146.0.0.0 Safari/537.36 Edg/146.0.0.0', '2026-04-07 14:15:25');
INSERT INTO `audit_logs` VALUES (807, 36, 'update', 'user', 36, '切换角色：从 销售单位接口人 切换到 组长', 'null', '127.0.0.1', 'Mozilla/5.0 (Windows NT 10.0; Win64; x64) AppleWebKit/537.36 (KHTML, like Gecko) Chrome/146.0.0.0 Safari/537.36 Edg/146.0.0.0', '2026-04-07 14:18:17');
INSERT INTO `audit_logs` VALUES (808, 36, 'assign', 'work_order', 89, '转派工单：WO72-R80-1775513894，成员：阿楠', '{\"member_id\": 36, \"task_name\": \"宝山\"}', '127.0.0.1', 'Mozilla/5.0 (Windows NT 10.0; Win64; x64) AppleWebKit/537.36 (KHTML, like Gecko) Chrome/146.0.0.0 Safari/537.36 Edg/146.0.0.0', '2026-04-07 14:18:33');
INSERT INTO `audit_logs` VALUES (809, 36, 'update', 'user', 36, '切换角色：从 组长 切换到 成员', 'null', '127.0.0.1', 'Mozilla/5.0 (Windows NT 10.0; Win64; x64) AppleWebKit/537.36 (KHTML, like Gecko) Chrome/146.0.0.0 Safari/537.36 Edg/146.0.0.0', '2026-04-07 14:18:37');
INSERT INTO `audit_logs` VALUES (810, 36, 'accept', 'work_order', 89, '接单：WO72-R80-1775513894', '{\"task_name\": \"宝山\", \"work_order_no\": \"WO72-R80-1775513894\"}', '127.0.0.1', 'Mozilla/5.0 (Windows NT 10.0; Win64; x64) AppleWebKit/537.36 (KHTML, like Gecko) Chrome/146.0.0.0 Safari/537.36 Edg/146.0.0.0', '2026-04-07 14:18:41');
INSERT INTO `audit_logs` VALUES (811, 36, 'update', 'user', 36, '切换角色：从 成员 切换到 专项任务发起人', 'null', '127.0.0.1', 'Mozilla/5.0 (Windows NT 10.0; Win64; x64) AppleWebKit/537.36 (KHTML, like Gecko) Chrome/146.0.0.0 Safari/537.36 Edg/146.0.0.0', '2026-04-07 14:29:47');
INSERT INTO `audit_logs` VALUES (812, 36, 'update', 'user', 36, '切换角色：从 专项任务发起人 切换到 成员', 'null', '127.0.0.1', 'Mozilla/5.0 (Windows NT 10.0; Win64; x64) AppleWebKit/537.36 (KHTML, like Gecko) Chrome/146.0.0.0 Safari/537.36 Edg/146.0.0.0', '2026-04-07 14:29:54');
INSERT INTO `audit_logs` VALUES (813, 36, 'accept', 'work_order', 39, '接单：WO36-R27-1768345627', '{\"task_name\": \"宝山\", \"work_order_no\": \"WO36-R27-1768345627\"}', '127.0.0.1', 'Mozilla/5.0 (Windows NT 10.0; Win64; x64) AppleWebKit/537.36 (KHTML, like Gecko) Chrome/146.0.0.0 Safari/537.36 Edg/146.0.0.0', '2026-04-08 09:49:14');
INSERT INTO `audit_logs` VALUES (814, 36, 'update', 'user', 36, '切换角色：从 成员 切换到 组长', 'null', '127.0.0.1', 'Mozilla/5.0 (Windows NT 10.0; Win64; x64) AppleWebKit/537.36 (KHTML, like Gecko) Chrome/146.0.0.0 Safari/537.36 Edg/146.0.0.0', '2026-04-08 09:54:26');
INSERT INTO `audit_logs` VALUES (815, 36, 'update', 'user', 36, '切换角色：从 组长 切换到 销售单位接口人', 'null', '127.0.0.1', 'Mozilla/5.0 (Windows NT 10.0; Win64; x64) AppleWebKit/537.36 (KHTML, like Gecko) Chrome/146.0.0.0 Safari/537.36 Edg/146.0.0.0', '2026-04-08 09:55:26');
INSERT INTO `audit_logs` VALUES (816, 36, 'update', 'user', 36, '切换角色：从 销售单位接口人 切换到 专项任务发起人', 'null', '127.0.0.1', 'Mozilla/5.0 (Windows NT 10.0; Win64; x64) AppleWebKit/537.36 (KHTML, like Gecko) Chrome/146.0.0.0 Safari/537.36 Edg/146.0.0.0', '2026-04-08 09:55:30');
INSERT INTO `audit_logs` VALUES (817, 36, 'update', 'user', 36, '切换角色：从 专项任务发起人 切换到 成员', 'null', '127.0.0.1', 'Mozilla/5.0 (Windows NT 10.0; Win64; x64) AppleWebKit/537.36 (KHTML, like Gecko) Chrome/146.0.0.0 Safari/537.36 Edg/146.0.0.0', '2026-04-08 15:11:23');
INSERT INTO `audit_logs` VALUES (818, 36, 'update', 'user', 36, '切换角色：从 成员 切换到 专项任务发起人', 'null', '127.0.0.1', 'Mozilla/5.0 (Windows NT 10.0; Win64; x64) AppleWebKit/537.36 (KHTML, like Gecko) Chrome/146.0.0.0 Safari/537.36 Edg/146.0.0.0', '2026-04-08 15:37:17');
INSERT INTO `audit_logs` VALUES (819, 36, 'update', 'user', 36, '切换角色：从 专项任务发起人 切换到 成员', 'null', '127.0.0.1', 'Mozilla/5.0 (Windows NT 10.0; Win64; x64) AppleWebKit/537.36 (KHTML, like Gecko) Chrome/146.0.0.0 Safari/537.36 Edg/146.0.0.0', '2026-04-08 15:37:20');
INSERT INTO `audit_logs` VALUES (820, 36, 'update', 'user', 36, '切换角色：从 成员 切换到 组长', 'null', '127.0.0.1', 'Mozilla/5.0 (Windows NT 10.0; Win64; x64) AppleWebKit/537.36 (KHTML, like Gecko) Chrome/146.0.0.0 Safari/537.36 Edg/146.0.0.0', '2026-04-08 15:37:24');
INSERT INTO `audit_logs` VALUES (821, 36, 'update', 'user', 36, '切换角色：从 组长 切换到 销售单位接口人', 'null', '127.0.0.1', 'Mozilla/5.0 (Windows NT 10.0; Win64; x64) AppleWebKit/537.36 (KHTML, like Gecko) Chrome/146.0.0.0 Safari/537.36 Edg/146.0.0.0', '2026-04-08 15:37:27');
INSERT INTO `audit_logs` VALUES (822, 36, 'update', 'user', 36, '切换角色：从 销售单位接口人 切换到 专项任务发起人', 'null', '127.0.0.1', 'Mozilla/5.0 (Windows NT 10.0; Win64; x64) AppleWebKit/537.36 (KHTML, like Gecko) Chrome/146.0.0.0 Safari/537.36 Edg/146.0.0.0', '2026-04-08 15:37:36');
INSERT INTO `audit_logs` VALUES (823, 36, 'update', 'user', 36, '切换角色：从 专项任务发起人 切换到 成员', 'null', '127.0.0.1', 'Mozilla/5.0 (Windows NT 10.0; Win64; x64) AppleWebKit/537.36 (KHTML, like Gecko) Chrome/146.0.0.0 Safari/537.36 Edg/146.0.0.0', '2026-04-08 15:37:40');
INSERT INTO `audit_logs` VALUES (824, 36, 'update', 'user', 36, '切换角色：从 成员 切换到 组长', 'null', '127.0.0.1', 'Mozilla/5.0 (Windows NT 10.0; Win64; x64) AppleWebKit/537.36 (KHTML, like Gecko) Chrome/146.0.0.0 Safari/537.36 Edg/146.0.0.0', '2026-04-08 15:37:57');
INSERT INTO `audit_logs` VALUES (825, 36, 'update', 'user', 36, '切换角色：从 组长 切换到 成员', 'null', '127.0.0.1', 'Mozilla/5.0 (Windows NT 10.0; Win64; x64) AppleWebKit/537.36 (KHTML, like Gecko) Chrome/146.0.0.0 Safari/537.36 Edg/146.0.0.0', '2026-04-08 16:42:22');
INSERT INTO `audit_logs` VALUES (826, 36, 'update', 'user', 36, '切换角色：从 成员 切换到 销售单位接口人', 'null', '127.0.0.1', 'Mozilla/5.0 (Windows NT 10.0; Win64; x64) AppleWebKit/537.36 (KHTML, like Gecko) Chrome/146.0.0.0 Safari/537.36 Edg/146.0.0.0', '2026-04-08 16:42:25');
INSERT INTO `audit_logs` VALUES (827, 36, 'update', 'user', 36, '切换角色：从 销售单位接口人 切换到 组长', 'null', '127.0.0.1', 'Mozilla/5.0 (Windows NT 10.0; Win64; x64) AppleWebKit/537.36 (KHTML, like Gecko) Chrome/146.0.0.0 Safari/537.36 Edg/146.0.0.0', '2026-04-08 16:42:30');
INSERT INTO `audit_logs` VALUES (828, 36, 'assign', 'work_order', 86, '转派工单：WO68-R76-1769636907，成员：阿楠', '{\"member_id\": 36, \"task_name\": \"测试任务4\"}', '127.0.0.1', 'Mozilla/5.0 (Windows NT 10.0; Win64; x64) AppleWebKit/537.36 (KHTML, like Gecko) Chrome/146.0.0.0 Safari/537.36 Edg/146.0.0.0', '2026-04-08 16:42:44');
INSERT INTO `audit_logs` VALUES (829, 36, 'assign', 'work_order', 85, '转派工单：WO67-R70-1769627384，成员：阿楠', '{\"member_id\": 36, \"task_name\": \"测试任务3\"}', '127.0.0.1', 'Mozilla/5.0 (Windows NT 10.0; Win64; x64) AppleWebKit/537.36 (KHTML, like Gecko) Chrome/146.0.0.0 Safari/537.36 Edg/146.0.0.0', '2026-04-08 16:42:47');
INSERT INTO `audit_logs` VALUES (830, 36, 'assign', 'work_order', 84, '转派工单：WO67-R71-1769627380，成员：阿楠', '{\"member_id\": 36, \"task_name\": \"测试任务3\"}', '127.0.0.1', 'Mozilla/5.0 (Windows NT 10.0; Win64; x64) AppleWebKit/537.36 (KHTML, like Gecko) Chrome/146.0.0.0 Safari/537.36 Edg/146.0.0.0', '2026-04-08 16:42:51');
INSERT INTO `audit_logs` VALUES (831, 36, 'update', 'user', 36, '切换角色：从 组长 切换到 成员', 'null', '127.0.0.1', 'Mozilla/5.0 (Windows NT 10.0; Win64; x64) AppleWebKit/537.36 (KHTML, like Gecko) Chrome/146.0.0.0 Safari/537.36 Edg/146.0.0.0', '2026-04-08 16:42:52');
INSERT INTO `audit_logs` VALUES (832, 36, 'update', 'work_order', 89, '完成工单：WO72-R80-1775513894', '{\"task_name\": \"宝山\", \"new_status\": \"completed\", \"old_status\": \"in_progress\"}', '127.0.0.1', 'Mozilla/5.0 (Windows NT 10.0; Win64; x64) AppleWebKit/537.36 (KHTML, like Gecko) Chrome/146.0.0.0 Safari/537.36 Edg/146.0.0.0', '2026-04-08 16:59:12');
INSERT INTO `audit_logs` VALUES (833, 36, 'update', 'work_order', 88, '完成工单：WO63-R79-1775513079', '{\"task_name\": \"asdas\", \"new_status\": \"completed\", \"old_status\": \"in_progress\"}', '127.0.0.1', 'Mozilla/5.0 (Windows NT 10.0; Win64; x64) AppleWebKit/537.36 (KHTML, like Gecko) Chrome/146.0.0.0 Safari/537.36 Edg/146.0.0.0', '2026-04-08 16:59:28');
INSERT INTO `audit_logs` VALUES (836, 36, 'update', 'user', 36, '切换角色：从 成员 切换到 专项任务发起人', 'null', '127.0.0.1', 'Mozilla/5.0 (Windows NT 10.0; Win64; x64) AppleWebKit/537.36 (KHTML, like Gecko) Chrome/146.0.0.0 Safari/537.36 Edg/146.0.0.0', '2026-04-09 10:56:23');
INSERT INTO `audit_logs` VALUES (837, 36, 'update', 'user', 36, '切换角色：从 专项任务发起人 切换到 销售单位接口人', 'null', '127.0.0.1', 'Mozilla/5.0 (Windows NT 10.0; Win64; x64) AppleWebKit/537.36 (KHTML, like Gecko) Chrome/146.0.0.0 Safari/537.36 Edg/146.0.0.0', '2026-04-09 10:57:22');
INSERT INTO `audit_logs` VALUES (838, 36, 'update', 'user', 36, '切换角色：从 销售单位接口人 切换到 成员', 'null', '127.0.0.1', 'Mozilla/5.0 (Windows NT 10.0; Win64; x64) AppleWebKit/537.36 (KHTML, like Gecko) Chrome/146.0.0.0 Safari/537.36 Edg/146.0.0.0', '2026-04-09 11:02:48');
INSERT INTO `audit_logs` VALUES (851, 36, 'accept', 'work_order', 70, '接单：WO62-R52-1769554673', '{\"task_name\": \"222222222222\", \"work_order_no\": \"WO62-R52-1769554673\"}', '127.0.0.1', 'Mozilla/5.0 (Windows NT 10.0; Win64; x64) AppleWebKit/537.36 (KHTML, like Gecko) Chrome/146.0.0.0 Safari/537.36 Edg/146.0.0.0', '2026-04-10 15:49:14');
INSERT INTO `audit_logs` VALUES (852, 36, 'accept', 'work_order', 65, '接单：WO62-R57-1769554071', '{\"task_name\": \"222222222222\", \"work_order_no\": \"WO62-R57-1769554071\"}', '127.0.0.1', 'Mozilla/5.0 (Windows NT 10.0; Win64; x64) AppleWebKit/537.36 (KHTML, like Gecko) Chrome/146.0.0.0 Safari/537.36 Edg/146.0.0.0', '2026-04-10 15:49:25');
INSERT INTO `audit_logs` VALUES (853, 36, 'accept', 'work_order', 68, '接单：WO59-R58-1769554652', '{\"task_name\": \"7777\", \"work_order_no\": \"WO59-R58-1769554652\"}', '127.0.0.1', 'Mozilla/5.0 (Windows NT 10.0; Win64; x64) AppleWebKit/537.36 (KHTML, like Gecko) Chrome/146.0.0.0 Safari/537.36 Edg/146.0.0.0', '2026-04-10 15:49:27');
INSERT INTO `audit_logs` VALUES (854, 36, 'accept', 'work_order', 71, '接单：WO62-R55-1769554677', '{\"task_name\": \"222222222222\", \"work_order_no\": \"WO62-R55-1769554677\"}', '127.0.0.1', 'Mozilla/5.0 (Windows NT 10.0; Win64; x64) AppleWebKit/537.36 (KHTML, like Gecko) Chrome/146.0.0.0 Safari/537.36 Edg/146.0.0.0', '2026-04-10 15:49:28');
INSERT INTO `audit_logs` VALUES (855, 36, 'accept', 'work_order', 72, '接单：WO62-R56-1769554681', '{\"task_name\": \"222222222222\", \"work_order_no\": \"WO62-R56-1769554681\"}', '127.0.0.1', 'Mozilla/5.0 (Windows NT 10.0; Win64; x64) AppleWebKit/537.36 (KHTML, like Gecko) Chrome/146.0.0.0 Safari/537.36 Edg/146.0.0.0', '2026-04-10 15:49:29');
INSERT INTO `audit_logs` VALUES (856, 36, 'accept', 'work_order', 84, '接单：WO67-R71-1769627380', '{\"task_name\": \"测试任务3\", \"work_order_no\": \"WO67-R71-1769627380\"}', '127.0.0.1', 'Mozilla/5.0 (Windows NT 10.0; Win64; x64) AppleWebKit/537.36 (KHTML, like Gecko) Chrome/146.0.0.0 Safari/537.36 Edg/146.0.0.0', '2026-04-10 15:49:30');
INSERT INTO `audit_logs` VALUES (857, 36, 'accept', 'work_order', 67, '接单：WO59-R59-1769554648', '{\"task_name\": \"7777\", \"work_order_no\": \"WO59-R59-1769554648\"}', '127.0.0.1', 'Mozilla/5.0 (Windows NT 10.0; Win64; x64) AppleWebKit/537.36 (KHTML, like Gecko) Chrome/146.0.0.0 Safari/537.36 Edg/146.0.0.0', '2026-04-10 15:49:31');
INSERT INTO `audit_logs` VALUES (858, 36, 'accept', 'work_order', 85, '接单：WO67-R70-1769627384', '{\"task_name\": \"测试任务3\", \"work_order_no\": \"WO67-R70-1769627384\"}', '127.0.0.1', 'Mozilla/5.0 (Windows NT 10.0; Win64; x64) AppleWebKit/537.36 (KHTML, like Gecko) Chrome/146.0.0.0 Safari/537.36 Edg/146.0.0.0', '2026-04-10 15:49:33');
INSERT INTO `audit_logs` VALUES (859, 36, 'accept', 'work_order', 86, '接单：WO68-R76-1769636907', '{\"task_name\": \"测试任务4\", \"work_order_no\": \"WO68-R76-1769636907\"}', '127.0.0.1', 'Mozilla/5.0 (Windows NT 10.0; Win64; x64) AppleWebKit/537.36 (KHTML, like Gecko) Chrome/146.0.0.0 Safari/537.36 Edg/146.0.0.0', '2026-04-10 15:49:34');
INSERT INTO `audit_logs` VALUES (860, 36, 'update', 'work_order', 66, '完成工单：WO60-R54-1769554466', '{\"task_name\": \"8888\", \"new_status\": \"completed\", \"old_status\": \"accepted\"}', '127.0.0.1', 'Mozilla/5.0 (Windows NT 10.0; Win64; x64) AppleWebKit/537.36 (KHTML, like Gecko) Chrome/146.0.0.0 Safari/537.36 Edg/146.0.0.0', '2026-04-10 15:49:41');
INSERT INTO `audit_logs` VALUES (861, 36, 'update', 'work_order', 67, '取消工单：WO59-R59-1769554648，取消原因：wed', '{\"task_name\": \"7777\", \"new_status\": \"cancelled\", \"old_status\": \"accepted\", \"cancellation_reason\": \"wed\"}', '127.0.0.1', 'Mozilla/5.0 (Windows NT 10.0; Win64; x64) AppleWebKit/537.36 (KHTML, like Gecko) Chrome/146.0.0.0 Safari/537.36 Edg/146.0.0.0', '2026-04-10 15:49:51');
INSERT INTO `audit_logs` VALUES (865, 1, 'update', 'task', 71, '关闭任务：gerer', '{\"close_reason\": \"erre\"}', '127.0.0.1', 'Mozilla/5.0 (Windows NT 10.0; Win64; x64) AppleWebKit/537.36 (KHTML, like Gecko) Chrome/146.0.0.0 Safari/537.36', '2026-04-15 11:16:09');
INSERT INTO `audit_logs` VALUES (866, 36, 'update', 'user', 36, '切换角色：从 成员 切换到 销售单位接口人', 'null', '127.0.0.1', 'Mozilla/5.0 (Windows NT 10.0; Win64; x64) AppleWebKit/537.36 (KHTML, like Gecko) Chrome/147.0.0.0 Safari/537.36 Edg/147.0.0.0', '2026-04-21 13:38:14');
INSERT INTO `audit_logs` VALUES (869, 36, 'update', 'user', 36, '切换角色：从 销售单位接口人 切换到 组长', 'null', '127.0.0.1', 'Mozilla/5.0 (Windows NT 10.0; Win64; x64) AppleWebKit/537.36 (KHTML, like Gecko) Chrome/147.0.0.0 Safari/537.36 Edg/147.0.0.0', '2026-04-21 14:13:44');
INSERT INTO `audit_logs` VALUES (870, 36, 'assign', 'work_order', 90, '转派工单：WO63-R81-1776723219，成员：阿楠', '{\"member_id\": 36, \"task_name\": \"asdas\"}', '127.0.0.1', 'Mozilla/5.0 (Windows NT 10.0; Win64; x64) AppleWebKit/537.36 (KHTML, like Gecko) Chrome/147.0.0.0 Safari/537.36 Edg/147.0.0.0', '2026-04-21 14:14:02');
INSERT INTO `audit_logs` VALUES (871, 36, 'update', 'user', 36, '切换角色：从 组长 切换到 成员', 'null', '127.0.0.1', 'Mozilla/5.0 (Windows NT 10.0; Win64; x64) AppleWebKit/537.36 (KHTML, like Gecko) Chrome/147.0.0.0 Safari/537.36 Edg/147.0.0.0', '2026-04-21 14:14:09');
INSERT INTO `audit_logs` VALUES (872, 36, 'accept', 'work_order', 90, '接单：WO63-R81-1776723219', '{\"task_name\": \"asdas\", \"work_order_no\": \"WO63-R81-1776723219\"}', '127.0.0.1', 'Mozilla/5.0 (Windows NT 10.0; Win64; x64) AppleWebKit/537.36 (KHTML, like Gecko) Chrome/147.0.0.0 Safari/537.36 Edg/147.0.0.0', '2026-04-21 14:14:47');
INSERT INTO `audit_logs` VALUES (876, 36, 'update', 'user', 36, '切换角色：从 成员 切换到 销售单位接口人', 'null', '127.0.0.1', 'Mozilla/5.0 (Windows NT 10.0; Win64; x64) AppleWebKit/537.36 (KHTML, like Gecko) Chrome/147.0.0.0 Safari/537.36 Edg/147.0.0.0', '2026-04-21 15:12:32');
INSERT INTO `audit_logs` VALUES (877, 36, 'update', 'user', 36, '切换角色：从 销售单位接口人 切换到 组长', 'null', '127.0.0.1', 'Mozilla/5.0 (Windows NT 10.0; Win64; x64) AppleWebKit/537.36 (KHTML, like Gecko) Chrome/147.0.0.0 Safari/537.36 Edg/147.0.0.0', '2026-04-21 15:13:03');
INSERT INTO `audit_logs` VALUES (878, 36, 'update', 'user', 36, '切换角色：从 组长 切换到 销售单位接口人', 'null', '127.0.0.1', 'Mozilla/5.0 (Windows NT 10.0; Win64; x64) AppleWebKit/537.36 (KHTML, like Gecko) Chrome/147.0.0.0 Safari/537.36 Edg/147.0.0.0', '2026-04-21 15:13:45');
INSERT INTO `audit_logs` VALUES (879, 36, 'update', 'user', 36, '切换角色：从 销售单位接口人 切换到 组长', 'null', '127.0.0.1', 'Mozilla/5.0 (Windows NT 10.0; Win64; x64) AppleWebKit/537.36 (KHTML, like Gecko) Chrome/147.0.0.0 Safari/537.36 Edg/147.0.0.0', '2026-04-21 15:13:54');
INSERT INTO `audit_logs` VALUES (880, 36, 'update', 'user', 36, '切换角色：从 组长 切换到 成员', 'null', '127.0.0.1', 'Mozilla/5.0 (Windows NT 10.0; Win64; x64) AppleWebKit/537.36 (KHTML, like Gecko) Chrome/147.0.0.0 Safari/537.36 Edg/147.0.0.0', '2026-04-21 15:13:57');
INSERT INTO `audit_logs` VALUES (881, 36, 'update', 'work_order', 90, '完成工单：WO63-R81-1776723219', '{\"task_name\": \"asdas\", \"new_status\": \"completed\", \"old_status\": \"accepted\"}', '127.0.0.1', 'Mozilla/5.0 (Windows NT 10.0; Win64; x64) AppleWebKit/537.36 (KHTML, like Gecko) Chrome/147.0.0.0 Safari/537.36 Edg/147.0.0.0', '2026-04-21 15:15:35');
INSERT INTO `audit_logs` VALUES (882, 36, 'update', 'user', 36, '切换角色：从 成员 切换到 组长', 'null', '127.0.0.1', 'Mozilla/5.0 (Windows NT 10.0; Win64; x64) AppleWebKit/537.36 (KHTML, like Gecko) Chrome/147.0.0.0 Safari/537.36 Edg/147.0.0.0', '2026-04-21 15:20:27');
INSERT INTO `audit_logs` VALUES (883, 36, 'update', 'user', 36, '切换角色：从 组长 切换到 成员', 'null', '127.0.0.1', 'Mozilla/5.0 (Windows NT 10.0; Win64; x64) AppleWebKit/537.36 (KHTML, like Gecko) Chrome/147.0.0.0 Safari/537.36 Edg/147.0.0.0', '2026-04-21 15:20:45');
INSERT INTO `audit_logs` VALUES (884, 36, 'update', 'user', 36, '切换角色：从 成员 切换到 组长', 'null', '127.0.0.1', 'Mozilla/5.0 (Windows NT 10.0; Win64; x64) AppleWebKit/537.36 (KHTML, like Gecko) Chrome/147.0.0.0 Safari/537.36 Edg/147.0.0.0', '2026-04-21 15:21:06');
INSERT INTO `audit_logs` VALUES (885, 36, 'assign', 'work_order', 83, '转派工单：WO67-R72-1769627376，成员：阿楠', '{\"member_id\": 36, \"task_name\": \"测试任务3\"}', '127.0.0.1', 'Mozilla/5.0 (Windows NT 10.0; Win64; x64) AppleWebKit/537.36 (KHTML, like Gecko) Chrome/147.0.0.0 Safari/537.36 Edg/147.0.0.0', '2026-04-21 15:21:27');
INSERT INTO `audit_logs` VALUES (886, 36, 'update', 'user', 36, '切换角色：从 组长 切换到 成员', 'null', '127.0.0.1', 'Mozilla/5.0 (Windows NT 10.0; Win64; x64) AppleWebKit/537.36 (KHTML, like Gecko) Chrome/147.0.0.0 Safari/537.36 Edg/147.0.0.0', '2026-04-21 15:21:36');
INSERT INTO `audit_logs` VALUES (887, 36, 'accept', 'work_order', 83, '接单：WO67-R72-1769627376', '{\"task_name\": \"测试任务3\", \"work_order_no\": \"WO67-R72-1769627376\"}', '127.0.0.1', 'Mozilla/5.0 (Windows NT 10.0; Win64; x64) AppleWebKit/537.36 (KHTML, like Gecko) Chrome/147.0.0.0 Safari/537.36 Edg/147.0.0.0', '2026-04-21 15:21:53');
INSERT INTO `audit_logs` VALUES (891, 36, 'update', 'user', 36, '切换角色：从 成员 切换到 组长', 'null', '127.0.0.1', 'Mozilla/5.0 (Windows NT 10.0; Win64; x64) AppleWebKit/537.36 (KHTML, like Gecko) Chrome/147.0.0.0 Safari/537.36 Edg/147.0.0.0', '2026-04-21 16:02:44');
INSERT INTO `audit_logs` VALUES (892, 36, 'update', 'user', 36, '切换角色：从 组长 切换到 销售单位接口人', 'null', '127.0.0.1', 'Mozilla/5.0 (Windows NT 10.0; Win64; x64) AppleWebKit/537.36 (KHTML, like Gecko) Chrome/147.0.0.0 Safari/537.36 Edg/147.0.0.0', '2026-04-21 16:02:57');
INSERT INTO `audit_logs` VALUES (893, 36, 'update', 'user', 36, '切换角色：从 销售单位接口人 切换到 成员', 'null', '127.0.0.1', 'Mozilla/5.0 (Windows NT 10.0; Win64; x64) AppleWebKit/537.36 (KHTML, like Gecko) Chrome/147.0.0.0 Safari/537.36 Edg/147.0.0.0', '2026-04-21 16:33:28');
INSERT INTO `audit_logs` VALUES (896, 36, 'update', 'user', 36, '切换角色：从 成员 切换到 组长', 'null', '127.0.0.1', 'Mozilla/5.0 (Windows NT 10.0; Win64; x64) AppleWebKit/537.36 (KHTML, like Gecko) Chrome/147.0.0.0 Safari/537.36 Edg/147.0.0.0', '2026-04-22 10:23:01');
INSERT INTO `audit_logs` VALUES (897, 36, 'update', 'user', 36, '切换角色：从 组长 切换到 成员', 'null', '127.0.0.1', 'Mozilla/5.0 (Windows NT 10.0; Win64; x64) AppleWebKit/537.36 (KHTML, like Gecko) Chrome/147.0.0.0 Safari/537.36 Edg/147.0.0.0', '2026-04-22 10:23:15');
INSERT INTO `audit_logs` VALUES (905, 36, 'update', 'user', 36, '切换角色：从 成员 切换到 销售单位接口人', 'null', '127.0.0.1', 'Mozilla/5.0 (Windows NT 10.0; Win64; x64) AppleWebKit/537.36 (KHTML, like Gecko) Chrome/147.0.0.0 Safari/537.36 Edg/147.0.0.0', '2026-04-22 12:18:59');
INSERT INTO `audit_logs` VALUES (906, 36, 'create', 'task', 73, '创建任务：一体机（发起人类型：销售单位接口人）', 'null', '127.0.0.1', 'Mozilla/5.0 (Windows NT 10.0; Win64; x64) AppleWebKit/537.36 (KHTML, like Gecko) Chrome/147.0.0.0 Safari/537.36 Edg/147.0.0.0', '2026-04-22 12:28:21');
INSERT INTO `audit_logs` VALUES (907, 36, 'update', 'task', 73, '发起任务：一体机（发起人类型：销售单位接口人）', 'null', '127.0.0.1', 'Mozilla/5.0 (Windows NT 10.0; Win64; x64) AppleWebKit/537.36 (KHTML, like Gecko) Chrome/147.0.0.0 Safari/537.36 Edg/147.0.0.0', '2026-04-22 12:28:38');
INSERT INTO `audit_logs` VALUES (908, 1, 'confirm', 'task', 73, '确认任务：一体机，已自动派发给 1 个销售单位接口人', 'null', '127.0.0.1', 'Mozilla/5.0 (Windows NT 10.0; Win64; x64) AppleWebKit/537.36 (KHTML, like Gecko) Chrome/147.0.0.0 Safari/537.36', '2026-04-22 12:28:47');
INSERT INTO `audit_logs` VALUES (911, 36, 'update', 'user', 36, '切换角色：从 销售单位接口人 切换到 组长', 'null', '127.0.0.1', 'Mozilla/5.0 (Windows NT 10.0; Win64; x64) AppleWebKit/537.36 (KHTML, like Gecko) Chrome/147.0.0.0 Safari/537.36 Edg/147.0.0.0', '2026-04-22 12:30:58');
INSERT INTO `audit_logs` VALUES (912, 36, 'assign', 'work_order', 91, '转派工单：WO73-R82-1776803452，成员：阿楠', '{\"member_id\": 36, \"task_name\": \"一体机\"}', '127.0.0.1', 'Mozilla/5.0 (Windows NT 10.0; Win64; x64) AppleWebKit/537.36 (KHTML, like Gecko) Chrome/147.0.0.0 Safari/537.36 Edg/147.0.0.0', '2026-04-22 12:31:07');
INSERT INTO `audit_logs` VALUES (913, 36, 'update', 'user', 36, '切换角色：从 组长 切换到 成员', 'null', '127.0.0.1', 'Mozilla/5.0 (Windows NT 10.0; Win64; x64) AppleWebKit/537.36 (KHTML, like Gecko) Chrome/147.0.0.0 Safari/537.36 Edg/147.0.0.0', '2026-04-22 12:31:09');
INSERT INTO `audit_logs` VALUES (914, 36, 'accept', 'work_order', 91, '接单：WO73-R82-1776803452', '{\"task_name\": \"一体机\", \"work_order_no\": \"WO73-R82-1776803452\"}', '127.0.0.1', 'Mozilla/5.0 (Windows NT 10.0; Win64; x64) AppleWebKit/537.36 (KHTML, like Gecko) Chrome/147.0.0.0 Safari/537.36 Edg/147.0.0.0', '2026-04-22 12:31:41');
INSERT INTO `audit_logs` VALUES (915, 36, 'update', 'user', 36, '切换角色：从 成员 切换到 销售单位接口人', 'null', '127.0.0.1', 'Mozilla/5.0 (Windows NT 10.0; Win64; x64) AppleWebKit/537.36 (KHTML, like Gecko) Chrome/147.0.0.0 Safari/537.36 Edg/147.0.0.0', '2026-04-22 12:31:52');
INSERT INTO `audit_logs` VALUES (916, 36, 'update', 'user', 36, '切换角色：从 销售单位接口人 切换到 专项任务发起人', 'null', '127.0.0.1', 'Mozilla/5.0 (Windows NT 10.0; Win64; x64) AppleWebKit/537.36 (KHTML, like Gecko) Chrome/147.0.0.0 Safari/537.36 Edg/147.0.0.0', '2026-04-22 12:32:30');
INSERT INTO `audit_logs` VALUES (917, 36, 'create', 'task', 74, '创建任务：测试任务（发起人类型：专项任务发起人）', 'null', '127.0.0.1', 'Mozilla/5.0 (Windows NT 10.0; Win64; x64) AppleWebKit/537.36 (KHTML, like Gecko) Chrome/147.0.0.0 Safari/537.36 Edg/147.0.0.0', '2026-04-22 12:32:58');
INSERT INTO `audit_logs` VALUES (918, 36, 'update', 'task', 74, '发起任务：测试任务（发起人类型：专项任务发起人）', 'null', '127.0.0.1', 'Mozilla/5.0 (Windows NT 10.0; Win64; x64) AppleWebKit/537.36 (KHTML, like Gecko) Chrome/147.0.0.0 Safari/537.36 Edg/147.0.0.0', '2026-04-22 12:33:05');
INSERT INTO `audit_logs` VALUES (919, 1, 'confirm', 'task', 74, '确认任务：测试任务，已自动派发给 1 个销售单位接口人', 'null', '127.0.0.1', 'Mozilla/5.0 (Windows NT 10.0; Win64; x64) AppleWebKit/537.36 (KHTML, like Gecko) Chrome/147.0.0.0 Safari/537.36', '2026-04-22 12:33:13');
INSERT INTO `audit_logs` VALUES (920, 36, 'update', 'user', 36, '切换角色：从 专项任务发起人 切换到 销售单位接口人', 'null', '127.0.0.1', 'Mozilla/5.0 (Windows NT 10.0; Win64; x64) AppleWebKit/537.36 (KHTML, like Gecko) Chrome/147.0.0.0 Safari/537.36 Edg/147.0.0.0', '2026-04-22 12:33:16');
INSERT INTO `audit_logs` VALUES (923, 36, 'update', 'user', 36, '切换角色：从 销售单位接口人 切换到 组长', 'null', '127.0.0.1', 'Mozilla/5.0 (Windows NT 10.0; Win64; x64) AppleWebKit/537.36 (KHTML, like Gecko) Chrome/147.0.0.0 Safari/537.36 Edg/147.0.0.0', '2026-04-22 12:37:12');
INSERT INTO `audit_logs` VALUES (924, 36, 'assign', 'work_order', 92, '转派工单：WO74-R83-1776803829，成员：阿楠', '{\"member_id\": 36, \"task_name\": \"测试任务\"}', '127.0.0.1', 'Mozilla/5.0 (Windows NT 10.0; Win64; x64) AppleWebKit/537.36 (KHTML, like Gecko) Chrome/147.0.0.0 Safari/537.36 Edg/147.0.0.0', '2026-04-22 12:37:23');
INSERT INTO `audit_logs` VALUES (925, 36, 'update', 'user', 36, '切换角色：从 组长 切换到 成员', 'null', '127.0.0.1', 'Mozilla/5.0 (Windows NT 10.0; Win64; x64) AppleWebKit/537.36 (KHTML, like Gecko) Chrome/147.0.0.0 Safari/537.36 Edg/147.0.0.0', '2026-04-22 12:37:24');
INSERT INTO `audit_logs` VALUES (926, 36, 'accept', 'work_order', 92, '接单：WO74-R83-1776803829', '{\"task_name\": \"测试任务\", \"work_order_no\": \"WO74-R83-1776803829\"}', '127.0.0.1', 'Mozilla/5.0 (Windows NT 10.0; Win64; x64) AppleWebKit/537.36 (KHTML, like Gecko) Chrome/147.0.0.0 Safari/537.36 Edg/147.0.0.0', '2026-04-22 12:37:30');
INSERT INTO `audit_logs` VALUES (930, 36, 'create', 'visit_log', 33, '添加拜访日志：工单 WO73-R82-1776803452', '{\"task_name\": \"一体机\", \"visit_date\": \"2026-04-22\", \"work_order_id\": 91, \"work_order_no\": \"WO73-R82-1776803452\", \"opportunity_no\": null}', '127.0.0.1', 'Mozilla/5.0 (Windows NT 10.0; Win64; x64) AppleWebKit/537.36 (KHTML, like Gecko) Chrome/147.0.0.0 Safari/537.36 Edg/147.0.0.0', '2026-04-22 13:14:16');
INSERT INTO `audit_logs` VALUES (931, 36, 'update', 'work_order', 91, '创建拜访日志并标记工单已拜访：WO73-R82-1776803452（已接单→已拜访）', '{\"trigger\": \"visit_log_created\", \"task_name\": \"一体机\", \"new_status\": \"completed\", \"old_status\": \"accepted\"}', '127.0.0.1', 'Mozilla/5.0 (Windows NT 10.0; Win64; x64) AppleWebKit/537.36 (KHTML, like Gecko) Chrome/147.0.0.0 Safari/537.36 Edg/147.0.0.0', '2026-04-22 13:14:16');
INSERT INTO `audit_logs` VALUES (932, 36, 'update', 'user', 36, '切换角色：从 成员 切换到 组长', 'null', '127.0.0.1', 'Mozilla/5.0 (Windows NT 10.0; Win64; x64) AppleWebKit/537.36 (KHTML, like Gecko) Chrome/147.0.0.0 Safari/537.36 Edg/147.0.0.0', '2026-04-22 13:24:31');
INSERT INTO `audit_logs` VALUES (933, 36, 'update', 'user', 36, '切换角色：从 组长 切换到 成员', 'null', '127.0.0.1', 'Mozilla/5.0 (Windows NT 10.0; Win64; x64) AppleWebKit/537.36 (KHTML, like Gecko) Chrome/147.0.0.0 Safari/537.36 Edg/147.0.0.0', '2026-04-22 13:26:15');
INSERT INTO `audit_logs` VALUES (938, 36, 'update', 'work_order', 72, '成员转单：WO62-R56-1769554681，转给其他组组长「丽丽撒」，原因：测试', '{\"reason\": \"测试\", \"new_status\": \"pending_assign\", \"old_status\": \"accepted\", \"target_mode\": \"team_leader\", \"new_member_id\": null, \"old_member_id\": 36, \"target_user_id\": 35, \"old_member_name\": \"阿楠\", \"target_user_name\": \"丽丽撒\", \"new_team_leader_id\": 35, \"old_team_leader_id\": 36, \"old_team_leader_name\": \"阿楠\"}', '127.0.0.1', 'Mozilla/5.0 (Windows NT 10.0; Win64; x64) AppleWebKit/537.36 (KHTML, like Gecko) Chrome/147.0.0.0 Safari/537.36 Edg/147.0.0.0', '2026-04-22 14:09:16');
INSERT INTO `audit_logs` VALUES (939, 35, 'update', 'user', 35, '切换角色：从 成员 切换到 组长', 'null', '127.0.0.1', 'Mozilla/5.0 (Windows NT 10.0; Win64; x64) AppleWebKit/537.36 (KHTML, like Gecko) Chrome/147.0.0.0 Safari/537.36 Edg/147.0.0.0', '2026-04-22 14:11:16');
INSERT INTO `audit_logs` VALUES (940, 35, 'assign', 'work_order', 72, '转派工单：WO62-R56-1769554681，成员：李明', '{\"member_id\": 8, \"task_name\": \"222222222222\"}', '127.0.0.1', 'Mozilla/5.0 (Windows NT 10.0; Win64; x64) AppleWebKit/537.36 (KHTML, like Gecko) Chrome/147.0.0.0 Safari/537.36 Edg/147.0.0.0', '2026-04-22 14:11:45');
INSERT INTO `audit_logs` VALUES (941, 35, 'update', 'user', 35, '切换角色：从 组长 切换到 成员', 'null', '127.0.0.1', 'Mozilla/5.0 (Windows NT 10.0; Win64; x64) AppleWebKit/537.36 (KHTML, like Gecko) Chrome/147.0.0.0 Safari/537.36 Edg/147.0.0.0', '2026-04-22 14:14:20');
INSERT INTO `audit_logs` VALUES (942, 35, 'update', 'user', 35, '切换角色：从 成员 切换到 组长', 'null', '127.0.0.1', 'Mozilla/5.0 (Windows NT 10.0; Win64; x64) AppleWebKit/537.36 (KHTML, like Gecko) Chrome/147.0.0.0 Safari/537.36 Edg/147.0.0.0', '2026-04-22 14:14:28');
INSERT INTO `audit_logs` VALUES (943, 35, 'update', 'work_order', 72, '撤回工单：WO62-R56-1769554681，原成员：李明', '{\"task_name\": \"222222222222\", \"new_status\": \"pending_assign\", \"old_status\": \"pending_accept\", \"old_member_id\": 8, \"old_member_name\": \"李明\"}', '127.0.0.1', 'Mozilla/5.0 (Windows NT 10.0; Win64; x64) AppleWebKit/537.36 (KHTML, like Gecko) Chrome/147.0.0.0 Safari/537.36 Edg/147.0.0.0', '2026-04-22 14:14:35');
INSERT INTO `audit_logs` VALUES (944, 35, 'update', 'user', 35, '切换角色：从 组长 切换到 成员', 'null', '127.0.0.1', 'Mozilla/5.0 (Windows NT 10.0; Win64; x64) AppleWebKit/537.36 (KHTML, like Gecko) Chrome/147.0.0.0 Safari/537.36 Edg/147.0.0.0', '2026-04-22 14:14:47');
INSERT INTO `audit_logs` VALUES (945, 35, 'update', 'user', 35, '切换角色：从 成员 切换到 组长', 'null', '127.0.0.1', 'Mozilla/5.0 (Windows NT 10.0; Win64; x64) AppleWebKit/537.36 (KHTML, like Gecko) Chrome/147.0.0.0 Safari/537.36 Edg/147.0.0.0', '2026-04-22 14:14:52');
INSERT INTO `audit_logs` VALUES (946, 35, 'update', 'user', 35, '切换角色：从 组长 切换到 成员', 'null', '127.0.0.1', 'Mozilla/5.0 (Windows NT 10.0; Win64; x64) AppleWebKit/537.36 (KHTML, like Gecko) Chrome/147.0.0.0 Safari/537.36 Edg/147.0.0.0', '2026-04-22 14:15:32');
INSERT INTO `audit_logs` VALUES (947, 35, 'update', 'user', 35, '切换角色：从 成员 切换到 组长', 'null', '127.0.0.1', 'Mozilla/5.0 (Windows NT 10.0; Win64; x64) AppleWebKit/537.36 (KHTML, like Gecko) Chrome/147.0.0.0 Safari/537.36 Edg/147.0.0.0', '2026-04-22 14:15:45');
INSERT INTO `audit_logs` VALUES (949, 35, 'assign', 'work_order', 72, '转派工单：WO62-R56-1769554681，成员：丽丽撒', '{\"member_id\": 35, \"task_name\": \"222222222222\"}', '127.0.0.1', 'Mozilla/5.0 (Windows NT 10.0; Win64; x64) AppleWebKit/537.36 (KHTML, like Gecko) Chrome/147.0.0.0 Safari/537.36 Edg/147.0.0.0', '2026-04-22 14:17:28');
INSERT INTO `audit_logs` VALUES (950, 35, 'update', 'user', 35, '切换角色：从 组长 切换到 成员', 'null', '127.0.0.1', 'Mozilla/5.0 (Windows NT 10.0; Win64; x64) AppleWebKit/537.36 (KHTML, like Gecko) Chrome/147.0.0.0 Safari/537.36 Edg/147.0.0.0', '2026-04-22 14:17:30');
INSERT INTO `audit_logs` VALUES (951, 35, 'accept', 'work_order', 72, '接单：WO62-R56-1769554681', '{\"task_name\": \"222222222222\", \"work_order_no\": \"WO62-R56-1769554681\"}', '127.0.0.1', 'Mozilla/5.0 (Windows NT 10.0; Win64; x64) AppleWebKit/537.36 (KHTML, like Gecko) Chrome/147.0.0.0 Safari/537.36 Edg/147.0.0.0', '2026-04-22 14:17:35');
INSERT INTO `audit_logs` VALUES (952, 35, 'update', 'user', 35, '切换角色：从 成员 切换到 组长', 'null', '127.0.0.1', 'Mozilla/5.0 (Windows NT 10.0; Win64; x64) AppleWebKit/537.36 (KHTML, like Gecko) Chrome/147.0.0.0 Safari/537.36 Edg/147.0.0.0', '2026-04-22 14:17:54');
INSERT INTO `audit_logs` VALUES (953, 36, 'update', 'user', 36, '切换角色：从 成员 切换到 组长', 'null', '127.0.0.1', 'Mozilla/5.0 (Windows NT 10.0; Win64; x64) AppleWebKit/537.36 (KHTML, like Gecko) Chrome/147.0.0.0 Safari/537.36 Edg/147.0.0.0', '2026-04-22 14:18:28');
INSERT INTO `audit_logs` VALUES (954, 36, 'update', 'user', 36, '切换角色：从 组长 切换到 成员', 'null', '127.0.0.1', 'Mozilla/5.0 (Windows NT 10.0; Win64; x64) AppleWebKit/537.36 (KHTML, like Gecko) Chrome/147.0.0.0 Safari/537.36 Edg/147.0.0.0', '2026-04-22 14:18:35');
INSERT INTO `audit_logs` VALUES (955, 36, 'update', 'work_order', 71, '成员转单：WO62-R55-1769554677，转给其他组组长「丽丽撒」，原因：测试', '{\"reason\": \"测试\", \"new_status\": \"pending_assign\", \"old_status\": \"accepted\", \"target_mode\": \"team_leader\", \"new_member_id\": null, \"old_member_id\": 36, \"target_user_id\": 35, \"old_member_name\": \"阿楠\", \"target_user_name\": \"丽丽撒\", \"new_team_leader_id\": 35, \"old_team_leader_id\": 36, \"old_team_leader_name\": \"阿楠\"}', '127.0.0.1', 'Mozilla/5.0 (Windows NT 10.0; Win64; x64) AppleWebKit/537.36 (KHTML, like Gecko) Chrome/147.0.0.0 Safari/537.36 Edg/147.0.0.0', '2026-04-22 14:19:04');
INSERT INTO `audit_logs` VALUES (956, 35, 'assign', 'work_order', 71, '转派工单：WO62-R55-1769554677，成员：丽丽撒', '{\"member_id\": 35, \"task_name\": \"222222222222\"}', '127.0.0.1', 'Mozilla/5.0 (Windows NT 10.0; Win64; x64) AppleWebKit/537.36 (KHTML, like Gecko) Chrome/147.0.0.0 Safari/537.36 Edg/147.0.0.0', '2026-04-22 14:20:00');
INSERT INTO `audit_logs` VALUES (957, 36, 'update', 'user', 36, '切换角色：从 成员 切换到 组长', 'null', '127.0.0.1', 'Mozilla/5.0 (Windows NT 10.0; Win64; x64) AppleWebKit/537.36 (KHTML, like Gecko) Chrome/147.0.0.0 Safari/537.36 Edg/147.0.0.0', '2026-04-22 14:22:55');
INSERT INTO `audit_logs` VALUES (958, 36, 'update', 'user', 36, '切换角色：从 组长 切换到 销售单位接口人', 'null', '127.0.0.1', 'Mozilla/5.0 (Windows NT 10.0; Win64; x64) AppleWebKit/537.36 (KHTML, like Gecko) Chrome/147.0.0.0 Safari/537.36 Edg/147.0.0.0', '2026-04-22 14:23:01');
INSERT INTO `audit_logs` VALUES (959, 36, 'update', 'user', 36, '切换角色：从 销售单位接口人 切换到 专项任务发起人', 'null', '127.0.0.1', 'Mozilla/5.0 (Windows NT 10.0; Win64; x64) AppleWebKit/537.36 (KHTML, like Gecko) Chrome/147.0.0.0 Safari/537.36 Edg/147.0.0.0', '2026-04-22 14:23:04');
INSERT INTO `audit_logs` VALUES (960, 36, 'update', 'user', 36, '切换角色：从 专项任务发起人 切换到 销售单位接口人', 'null', '127.0.0.1', 'Mozilla/5.0 (Windows NT 10.0; Win64; x64) AppleWebKit/537.36 (KHTML, like Gecko) Chrome/147.0.0.0 Safari/537.36 Edg/147.0.0.0', '2026-04-22 14:26:22');
INSERT INTO `audit_logs` VALUES (961, 36, 'update', 'user', 36, '切换角色：从 销售单位接口人 切换到 组长', 'null', '127.0.0.1', 'Mozilla/5.0 (Windows NT 10.0; Win64; x64) AppleWebKit/537.36 (KHTML, like Gecko) Chrome/147.0.0.0 Safari/537.36 Edg/147.0.0.0', '2026-04-22 14:26:24');
INSERT INTO `audit_logs` VALUES (962, 36, 'update', 'user', 36, '切换角色：从 组长 切换到 成员', 'null', '127.0.0.1', 'Mozilla/5.0 (Windows NT 10.0; Win64; x64) AppleWebKit/537.36 (KHTML, like Gecko) Chrome/147.0.0.0 Safari/537.36 Edg/147.0.0.0', '2026-04-22 14:26:29');
INSERT INTO `audit_logs` VALUES (963, 36, 'update', 'user', 36, '切换角色：从 成员 切换到 销售单位接口人', 'null', '127.0.0.1', 'Mozilla/5.0 (Windows NT 10.0; Win64; x64) AppleWebKit/537.36 (KHTML, like Gecko) Chrome/147.0.0.0 Safari/537.36 Edg/147.0.0.0', '2026-04-22 14:33:23');
INSERT INTO `audit_logs` VALUES (964, 36, 'update', 'user', 36, '切换角色：从 销售单位接口人 切换到 专项任务发起人', 'null', '127.0.0.1', 'Mozilla/5.0 (Windows NT 10.0; Win64; x64) AppleWebKit/537.36 (KHTML, like Gecko) Chrome/147.0.0.0 Safari/537.36 Edg/147.0.0.0', '2026-04-22 14:58:21');
INSERT INTO `audit_logs` VALUES (965, 36, 'create', 'task', 75, '创建任务：智云一体机（发起人类型：专项任务发起人）', 'null', '127.0.0.1', 'Mozilla/5.0 (Windows NT 10.0; Win64; x64) AppleWebKit/537.36 (KHTML, like Gecko) Chrome/147.0.0.0 Safari/537.36 Edg/147.0.0.0', '2026-04-22 14:59:22');
INSERT INTO `audit_logs` VALUES (971, 36, 'update', 'task', 75, '发起任务：智云一体机（发起人类型：专项任务发起人）', 'null', '127.0.0.1', 'Mozilla/5.0 (Windows NT 10.0; Win64; x64) AppleWebKit/537.36 (KHTML, like Gecko) Chrome/147.0.0.0 Safari/537.36 Edg/147.0.0.0', '2026-04-22 15:01:31');
INSERT INTO `audit_logs` VALUES (972, 1, 'confirm', 'task', 75, '确认任务：智云一体机，已自动派发给 1 个销售单位接口人', 'null', '127.0.0.1', 'Mozilla/5.0 (Windows NT 10.0; Win64; x64) AppleWebKit/537.36 (KHTML, like Gecko) Chrome/147.0.0.0 Safari/537.36', '2026-04-22 15:01:51');
INSERT INTO `audit_logs` VALUES (973, 36, 'update', 'user', 36, '切换角色：从 专项任务发起人 切换到 销售单位接口人', 'null', '127.0.0.1', 'Mozilla/5.0 (Windows NT 10.0; Win64; x64) AppleWebKit/537.36 (KHTML, like Gecko) Chrome/147.0.0.0 Safari/537.36 Edg/147.0.0.0', '2026-04-22 15:02:29');
INSERT INTO `audit_logs` VALUES (974, 36, 'dispatch', 'task', 75, '自动派单详细需求：网宿科技股份有限公司（智云一体机），组长：asdad，匹配规则：group_C', '{\"auto_dispatch\": true, \"customer_unit\": \"网宿科技股份有限公司\", \"work_order_id\": 93, \"team_leader_id\": 37, \"auto_dispatch_reason\": \"group_C\", \"detail_requirement_id\": 84}', '127.0.0.1', 'Mozilla/5.0 (Windows NT 10.0; Win64; x64) AppleWebKit/537.36 (KHTML, like Gecko) Chrome/147.0.0.0 Safari/537.36 Edg/147.0.0.0', '2026-04-22 15:03:12');
INSERT INTO `audit_logs` VALUES (975, 36, 'submit', 'task', 75, '提交详细需求单：智云一体机，客户：网宿科技股份有限公司（已自动派单）', '{\"customer_source\": \"销售单位 - 宝山\", \"auto_dispatch_reason\": \"auto_dispatched_group_C\", \"auto_dispatch_success\": true, \"detail_requirement_id\": 84}', '127.0.0.1', 'Mozilla/5.0 (Windows NT 10.0; Win64; x64) AppleWebKit/537.36 (KHTML, like Gecko) Chrome/147.0.0.0 Safari/537.36 Edg/147.0.0.0', '2026-04-22 15:03:12');
INSERT INTO `audit_logs` VALUES (977, 36, 'dispatch', 'task', 75, '自动派单详细需求：中国移动通信集团上海有限公司（智云一体机），组长：asdad，匹配规则：group_C', '{\"auto_dispatch\": true, \"customer_unit\": \"中国移动通信集团上海有限公司\", \"work_order_id\": 94, \"team_leader_id\": 37, \"auto_dispatch_reason\": \"group_C\", \"detail_requirement_id\": 85}', '127.0.0.1', 'Mozilla/5.0 (Windows NT 10.0; Win64; x64) AppleWebKit/537.36 (KHTML, like Gecko) Chrome/147.0.0.0 Safari/537.36 Edg/147.0.0.0', '2026-04-22 15:07:47');
INSERT INTO `audit_logs` VALUES (978, 36, 'submit', 'task', 75, '提交详细需求单：智云一体机，客户：中国移动通信集团上海有限公司（已自动派单）', '{\"customer_source\": \"销售单位 - 宝山\", \"auto_dispatch_reason\": \"auto_dispatched_group_C\", \"auto_dispatch_success\": true, \"detail_requirement_id\": 85}', '127.0.0.1', 'Mozilla/5.0 (Windows NT 10.0; Win64; x64) AppleWebKit/537.36 (KHTML, like Gecko) Chrome/147.0.0.0 Safari/537.36 Edg/147.0.0.0', '2026-04-22 15:07:47');
INSERT INTO `audit_logs` VALUES (984, 37, 'update', 'user', 37, '切换角色：从 成员 切换到 组长', 'null', '127.0.0.1', 'Mozilla/5.0 (Windows NT 10.0; Win64; x64) AppleWebKit/537.36 (KHTML, like Gecko) Chrome/147.0.0.0 Safari/537.36 Edg/147.0.0.0', '2026-04-22 15:14:34');
INSERT INTO `audit_logs` VALUES (985, 37, 'assign', 'work_order', 94, '转派工单：WO75-R85-1776812867，成员：asdad', '{\"member_id\": 37, \"task_name\": \"智云一体机\"}', '127.0.0.1', 'Mozilla/5.0 (Windows NT 10.0; Win64; x64) AppleWebKit/537.36 (KHTML, like Gecko) Chrome/147.0.0.0 Safari/537.36 Edg/147.0.0.0', '2026-04-22 15:14:48');
INSERT INTO `audit_logs` VALUES (986, 37, 'update', 'user', 37, '切换角色：从 组长 切换到 成员', 'null', '127.0.0.1', 'Mozilla/5.0 (Windows NT 10.0; Win64; x64) AppleWebKit/537.36 (KHTML, like Gecko) Chrome/147.0.0.0 Safari/537.36 Edg/147.0.0.0', '2026-04-22 15:14:51');
INSERT INTO `audit_logs` VALUES (987, 37, 'accept', 'work_order', 94, '接单：WO75-R85-1776812867', '{\"task_name\": \"智云一体机\", \"work_order_no\": \"WO75-R85-1776812867\"}', '127.0.0.1', 'Mozilla/5.0 (Windows NT 10.0; Win64; x64) AppleWebKit/537.36 (KHTML, like Gecko) Chrome/147.0.0.0 Safari/537.36 Edg/147.0.0.0', '2026-04-22 15:14:56');
INSERT INTO `audit_logs` VALUES (988, 37, 'update', 'user', 37, '切换角色：从 成员 切换到 组长', 'null', '127.0.0.1', 'Mozilla/5.0 (Windows NT 10.0; Win64; x64) AppleWebKit/537.36 (KHTML, like Gecko) Chrome/147.0.0.0 Safari/537.36 Edg/147.0.0.0', '2026-04-22 15:15:00');
INSERT INTO `audit_logs` VALUES (989, 37, 'assign', 'work_order', 93, '转派工单：WO75-R84-1776812592，成员：dffe', '{\"member_id\": 47, \"task_name\": \"智云一体机\"}', '127.0.0.1', 'Mozilla/5.0 (Windows NT 10.0; Win64; x64) AppleWebKit/537.36 (KHTML, like Gecko) Chrome/147.0.0.0 Safari/537.36 Edg/147.0.0.0', '2026-04-22 15:15:12');
INSERT INTO `audit_logs` VALUES (990, 37, 'update', 'user', 37, '切换角色：从 组长 切换到 成员', 'null', '127.0.0.1', 'Mozilla/5.0 (Windows NT 10.0; Win64; x64) AppleWebKit/537.36 (KHTML, like Gecko) Chrome/147.0.0.0 Safari/537.36 Edg/147.0.0.0', '2026-04-22 15:15:17');
INSERT INTO `audit_logs` VALUES (991, 1, 'delete', 'user', 48, '删除用户：asda', 'null', '127.0.0.1', 'Mozilla/5.0 (Windows NT 10.0; Win64; x64) AppleWebKit/537.36 (KHTML, like Gecko) Chrome/147.0.0.0 Safari/537.36', '2026-04-23 09:29:52');
INSERT INTO `audit_logs` VALUES (992, 1, 'delete', 'user', 40, '删除用户：小杨', 'null', '127.0.0.1', 'Mozilla/5.0 (Windows NT 10.0; Win64; x64) AppleWebKit/537.36 (KHTML, like Gecko) Chrome/147.0.0.0 Safari/537.36', '2026-04-23 09:30:10');
INSERT INTO `audit_logs` VALUES (993, 1, 'delete', 'user', 41, '删除用户：我', 'null', '127.0.0.1', 'Mozilla/5.0 (Windows NT 10.0; Win64; x64) AppleWebKit/537.36 (KHTML, like Gecko) Chrome/147.0.0.0 Safari/537.36', '2026-04-23 09:30:14');
INSERT INTO `audit_logs` VALUES (994, 1, 'delete', 'user', 42, '删除用户：你', 'null', '127.0.0.1', 'Mozilla/5.0 (Windows NT 10.0; Win64; x64) AppleWebKit/537.36 (KHTML, like Gecko) Chrome/147.0.0.0 Safari/537.36', '2026-04-23 09:30:16');
INSERT INTO `audit_logs` VALUES (995, 1, 'delete', 'user', 43, '删除用户：asdasdas', 'null', '127.0.0.1', 'Mozilla/5.0 (Windows NT 10.0; Win64; x64) AppleWebKit/537.36 (KHTML, like Gecko) Chrome/147.0.0.0 Safari/537.36', '2026-04-23 09:30:23');
INSERT INTO `audit_logs` VALUES (996, 1, 'delete', 'user', 44, '删除用户：wdqwdfqwd', 'null', '127.0.0.1', 'Mozilla/5.0 (Windows NT 10.0; Win64; x64) AppleWebKit/537.36 (KHTML, like Gecko) Chrome/147.0.0.0 Safari/537.36', '2026-04-23 09:30:25');
INSERT INTO `audit_logs` VALUES (997, 1, 'delete', 'user', 30, '删除用户：王儿', 'null', '127.0.0.1', 'Mozilla/5.0 (Windows NT 10.0; Win64; x64) AppleWebKit/537.36 (KHTML, like Gecko) Chrome/147.0.0.0 Safari/537.36', '2026-04-23 09:30:43');
INSERT INTO `audit_logs` VALUES (998, 36, 'update', 'user', 36, '切换角色：从 销售单位接口人 切换到 成员', 'null', '127.0.0.1', 'Mozilla/5.0 (Windows NT 10.0; Win64; x64) AppleWebKit/537.36 (KHTML, like Gecko) Chrome/147.0.0.0 Safari/537.36 Edg/147.0.0.0', '2026-04-23 13:29:07');
INSERT INTO `audit_logs` VALUES (999, 36, 'update', 'user', 36, '切换角色：从 成员 切换到 销售单位接口人', 'null', '127.0.0.1', 'Mozilla/5.0 (Windows NT 10.0; Win64; x64) AppleWebKit/537.36 (KHTML, like Gecko) Chrome/147.0.0.0 Safari/537.36 Edg/147.0.0.0', '2026-04-23 15:26:30');
INSERT INTO `audit_logs` VALUES (1000, 36, 'update', 'user', 36, '切换角色：从 销售单位接口人 切换到 成员', 'null', '127.0.0.1', 'Mozilla/5.0 (Windows NT 10.0; Win64; x64) AppleWebKit/537.36 (KHTML, like Gecko) Chrome/147.0.0.0 Safari/537.36 Edg/147.0.0.0', '2026-04-23 15:31:32');
INSERT INTO `audit_logs` VALUES (1001, 36, 'update', 'work_order', 24, '取消工单：WO30-R10-1768243474，取消原因：fe', '{\"task_name\": \"测试\", \"new_status\": \"cancelled\", \"old_status\": \"accepted\", \"cancellation_reason\": \"fe\"}', '127.0.0.1', 'Mozilla/5.0 (Windows NT 10.0; Win64; x64) AppleWebKit/537.36 (KHTML, like Gecko) Chrome/147.0.0.0 Safari/537.36 Edg/147.0.0.0', '2026-04-24 09:13:11');
INSERT INTO `audit_logs` VALUES (1002, 36, 'update', 'user', 36, '切换角色：从 成员 切换到 销售单位接口人', 'null', '127.0.0.1', 'Mozilla/5.0 (Windows NT 10.0; Win64; x64) AppleWebKit/537.36 (KHTML, like Gecko) Chrome/147.0.0.0 Safari/537.36 Edg/147.0.0.0', '2026-04-24 13:08:18');
INSERT INTO `audit_logs` VALUES (1004, 36, 'dispatch', 'task', 75, '自动派单详细需求：cwecwe（智云一体机），组长：asdad，匹配规则：group_C', '{\"auto_dispatch\": true, \"customer_unit\": \"cwecwe\", \"work_order_id\": 95, \"team_leader_id\": 37, \"auto_dispatch_reason\": \"group_C\", \"detail_requirement_id\": 86}', '127.0.0.1', 'Mozilla/5.0 (Windows NT 10.0; Win64; x64) AppleWebKit/537.36 (KHTML, like Gecko) Chrome/147.0.0.0 Safari/537.36 Edg/147.0.0.0', '2026-04-24 14:47:39');
INSERT INTO `audit_logs` VALUES (1005, 36, 'submit', 'task', 75, '提交详细需求单：智云一体机，客户：cwecwe（已自动派单）', '{\"customer_source\": \"销售单位 - 宝山\", \"auto_dispatch_reason\": \"auto_dispatched_group_C\", \"auto_dispatch_success\": true, \"detail_requirement_id\": 86}', '127.0.0.1', 'Mozilla/5.0 (Windows NT 10.0; Win64; x64) AppleWebKit/537.36 (KHTML, like Gecko) Chrome/147.0.0.0 Safari/537.36 Edg/147.0.0.0', '2026-04-24 14:47:40');
INSERT INTO `audit_logs` VALUES (1006, 36, 'update', 'user', 36, '切换角色：从 销售单位接口人 切换到 专项任务发起人', 'null', '127.0.0.1', 'Mozilla/5.0 (Windows NT 10.0; Win64; x64) AppleWebKit/537.36 (KHTML, like Gecko) Chrome/147.0.0.0 Safari/537.36 Edg/147.0.0.0', '2026-04-24 15:22:36');
INSERT INTO `audit_logs` VALUES (1007, 36, 'update', 'user', 36, '切换角色：从 专项任务发起人 切换到 销售单位接口人', 'null', '127.0.0.1', 'Mozilla/5.0 (Windows NT 10.0; Win64; x64) AppleWebKit/537.36 (KHTML, like Gecko) Chrome/147.0.0.0 Safari/537.36 Edg/147.0.0.0', '2026-04-24 15:22:46');
INSERT INTO `audit_logs` VALUES (1008, 36, 'dispatch', 'task', 75, '自动派单详细需求：fwefewfw（智云一体机），组长：asdad, hnlnw，匹配规则：group_C', '{\"auto_dispatch\": true, \"customer_unit\": \"fwefewfw\", \"work_order_ids\": [96, 97], \"team_leader_ids\": [37, 49], \"auto_dispatch_reason\": \"group_C\", \"detail_requirement_id\": 87}', '127.0.0.1', 'Mozilla/5.0 (Windows NT 10.0; Win64; x64) AppleWebKit/537.36 (KHTML, like Gecko) Chrome/147.0.0.0 Safari/537.36 Edg/147.0.0.0', '2026-04-24 15:23:10');
INSERT INTO `audit_logs` VALUES (1009, 36, 'submit', 'task', 75, '提交详细需求单：智云一体机，客户：fwefewfw（已自动派单）', '{\"customer_source\": \"销售单位 - 宝山\", \"auto_dispatch_reason\": \"auto_dispatched_group_C_leaders_2\", \"auto_dispatch_success\": true, \"detail_requirement_id\": 87}', '127.0.0.1', 'Mozilla/5.0 (Windows NT 10.0; Win64; x64) AppleWebKit/537.36 (KHTML, like Gecko) Chrome/147.0.0.0 Safari/537.36 Edg/147.0.0.0', '2026-04-24 15:23:10');
INSERT INTO `audit_logs` VALUES (1011, 49, 'update', 'user', 49, '切换角色：从 组长 切换到 成员', 'null', '127.0.0.1', 'Mozilla/5.0 (Windows NT 10.0; Win64; x64) AppleWebKit/537.36 (KHTML, like Gecko) Chrome/147.0.0.0 Safari/537.36 Edg/147.0.0.0', '2026-04-24 15:28:24');
INSERT INTO `audit_logs` VALUES (1012, 49, 'update', 'user', 49, '切换角色：从 成员 切换到 组长', 'null', '127.0.0.1', 'Mozilla/5.0 (Windows NT 10.0; Win64; x64) AppleWebKit/537.36 (KHTML, like Gecko) Chrome/147.0.0.0 Safari/537.36 Edg/147.0.0.0', '2026-04-24 15:28:49');
INSERT INTO `audit_logs` VALUES (1013, 37, 'update', 'user', 37, '切换角色：从 成员 切换到 组长', 'null', '127.0.0.1', 'Mozilla/5.0 (Windows NT 10.0; Win64; x64) AppleWebKit/537.36 (KHTML, like Gecko) Chrome/147.0.0.0 Safari/537.36 Edg/147.0.0.0', '2026-04-24 15:31:09');
INSERT INTO `audit_logs` VALUES (1014, 49, 'assign', 'work_order', 97, '转派工单：WO75-R87-L49-1776986590，成员：hnlnw', '{\"member_id\": 49, \"task_name\": \"智云一体机\"}', '127.0.0.1', 'Mozilla/5.0 (Windows NT 10.0; Win64; x64) AppleWebKit/537.36 (KHTML, like Gecko) Chrome/147.0.0.0 Safari/537.36 Edg/147.0.0.0', '2026-04-24 15:41:02');
INSERT INTO `audit_logs` VALUES (1015, 49, 'update', 'user', 49, '切换角色：从 组长 切换到 成员', 'null', '127.0.0.1', 'Mozilla/5.0 (Windows NT 10.0; Win64; x64) AppleWebKit/537.36 (KHTML, like Gecko) Chrome/147.0.0.0 Safari/537.36 Edg/147.0.0.0', '2026-04-24 15:41:08');
INSERT INTO `audit_logs` VALUES (1016, 49, 'update', 'user', 49, '切换角色：从 成员 切换到 组长', 'null', '127.0.0.1', 'Mozilla/5.0 (Windows NT 10.0; Win64; x64) AppleWebKit/537.36 (KHTML, like Gecko) Chrome/147.0.0.0 Safari/537.36 Edg/147.0.0.0', '2026-04-24 15:46:22');
INSERT INTO `audit_logs` VALUES (1017, 36, 'create', 'task', 76, '创建任务：区别测试（发起人类型：销售单位接口人）', 'null', '127.0.0.1', 'Mozilla/5.0 (Windows NT 10.0; Win64; x64) AppleWebKit/537.36 (KHTML, like Gecko) Chrome/147.0.0.0 Safari/537.36', '2026-04-27 09:42:07');
INSERT INTO `audit_logs` VALUES (1018, 36, 'update', 'task', 76, '发起任务：区别测试（发起人类型：销售单位接口人）', 'null', '127.0.0.1', 'Mozilla/5.0 (Windows NT 10.0; Win64; x64) AppleWebKit/537.36 (KHTML, like Gecko) Chrome/147.0.0.0 Safari/537.36', '2026-04-27 09:42:19');
INSERT INTO `audit_logs` VALUES (1019, 1, 'confirm', 'task', 76, '确认任务：区别测试，已自动派发给 1 个销售单位接口人', 'null', '127.0.0.1', 'Mozilla/5.0 (Windows NT 10.0; Win64; x64) AppleWebKit/537.36 (KHTML, like Gecko) Chrome/147.0.0.0 Safari/537.36 Edg/147.0.0.0', '2026-04-27 09:42:35');
INSERT INTO `audit_logs` VALUES (1020, 36, 'update', 'user', 36, '切换角色：从 销售单位接口人 切换到 成员', 'null', '127.0.0.1', 'Mozilla/5.0 (Windows NT 10.0; Win64; x64) AppleWebKit/537.36 (KHTML, like Gecko) Chrome/147.0.0.0 Safari/537.36', '2026-04-27 10:14:39');
INSERT INTO `audit_logs` VALUES (1021, 36, 'update', 'user', 36, '切换角色：从 成员 切换到 专项任务发起人', 'null', '127.0.0.1', 'Mozilla/5.0 (Windows NT 10.0; Win64; x64) AppleWebKit/537.36 (KHTML, like Gecko) Chrome/147.0.0.0 Safari/537.36', '2026-04-27 14:39:17');
INSERT INTO `audit_logs` VALUES (1023, 50, 'update', 'user', 50, '切换角色：从 组长 切换到 专项任务发起人', 'null', '127.0.0.1', 'Mozilla/5.0 (Windows NT 10.0; Win64; x64) AppleWebKit/537.36 (KHTML, like Gecko) Chrome/147.0.0.0 Safari/537.36', '2026-04-27 14:53:38');
INSERT INTO `audit_logs` VALUES (1024, 50, 'update', 'user', 50, '切换角色：从 专项任务发起人 切换到 销售单位接口人', 'null', '127.0.0.1', 'Mozilla/5.0 (Windows NT 10.0; Win64; x64) AppleWebKit/537.36 (KHTML, like Gecko) Chrome/147.0.0.0 Safari/537.36', '2026-04-27 14:59:19');
INSERT INTO `audit_logs` VALUES (1025, 50, 'update', 'user', 50, '切换角色：从 销售单位接口人 切换到 专项任务发起人', 'null', '127.0.0.1', 'Mozilla/5.0 (Windows NT 10.0; Win64; x64) AppleWebKit/537.36 (KHTML, like Gecko) Chrome/147.0.0.0 Safari/537.36', '2026-04-27 15:07:55');
INSERT INTO `audit_logs` VALUES (1026, 36, 'update', 'user', 36, '切换角色：从 专项任务发起人 切换到 销售单位接口人', 'null', '127.0.0.1', 'Mozilla/5.0 (Windows NT 10.0; Win64; x64) AppleWebKit/537.36 (KHTML, like Gecko) Chrome/147.0.0.0 Safari/537.36', '2026-04-27 15:13:30');
INSERT INTO `audit_logs` VALUES (1027, 36, 'update', 'user', 36, '切换角色：从 销售单位接口人 切换到 专项任务发起人', 'null', '127.0.0.1', 'Mozilla/5.0 (Windows NT 10.0; Win64; x64) AppleWebKit/537.36 (KHTML, like Gecko) Chrome/147.0.0.0 Safari/537.36', '2026-04-27 15:32:12');
INSERT INTO `audit_logs` VALUES (1028, 36, 'create', 'task', 77, '创建任务：百度集团（发起人类型：专项任务发起人）', 'null', '127.0.0.1', 'Mozilla/5.0 (Windows NT 10.0; Win64; x64) AppleWebKit/537.36 (KHTML, like Gecko) Chrome/147.0.0.0 Safari/537.36', '2026-04-27 15:32:35');
INSERT INTO `audit_logs` VALUES (1029, 36, 'update', 'task', 77, '发起任务：百度集团（发起人类型：专项任务发起人）', 'null', '127.0.0.1', 'Mozilla/5.0 (Windows NT 10.0; Win64; x64) AppleWebKit/537.36 (KHTML, like Gecko) Chrome/147.0.0.0 Safari/537.36', '2026-04-27 15:32:39');
INSERT INTO `audit_logs` VALUES (1030, 1, 'confirm', 'task', 77, '确认任务：百度集团，已自动派发给 1 个销售单位接口人', 'null', '127.0.0.1', 'Mozilla/5.0 (Windows NT 10.0; Win64; x64) AppleWebKit/537.36 (KHTML, like Gecko) Chrome/147.0.0.0 Safari/537.36 Edg/147.0.0.0', '2026-04-27 15:32:52');
INSERT INTO `audit_logs` VALUES (1031, 36, 'update', 'user', 36, '切换角色：从 专项任务发起人 切换到 销售单位接口人', 'null', '127.0.0.1', 'Mozilla/5.0 (Windows NT 10.0; Win64; x64) AppleWebKit/537.36 (KHTML, like Gecko) Chrome/147.0.0.0 Safari/537.36', '2026-04-27 15:32:55');
INSERT INTO `audit_logs` VALUES (1032, 36, 'dispatch', 'task', 77, '自动派单详细需求：百度科技（百度集团），组长：asdad, hnlnw，匹配规则：group_C', '{\"auto_dispatch\": true, \"customer_unit\": \"百度科技\", \"work_order_ids\": [98, 99], \"team_leader_ids\": [37, 49], \"auto_dispatch_reason\": \"group_C\", \"detail_requirement_id\": 88}', '127.0.0.1', 'Mozilla/5.0 (Windows NT 10.0; Win64; x64) AppleWebKit/537.36 (KHTML, like Gecko) Chrome/147.0.0.0 Safari/537.36', '2026-04-27 15:33:27');
INSERT INTO `audit_logs` VALUES (1033, 36, 'submit', 'task', 77, '提交详细需求单：百度集团，客户：百度科技（已自动派单）', '{\"customer_source\": \"销售单位 - 宝山\", \"auto_dispatch_reason\": \"auto_dispatched_group_C_leaders_2\", \"auto_dispatch_success\": true, \"detail_requirement_id\": 88}', '127.0.0.1', 'Mozilla/5.0 (Windows NT 10.0; Win64; x64) AppleWebKit/537.36 (KHTML, like Gecko) Chrome/147.0.0.0 Safari/537.36', '2026-04-27 15:33:27');
INSERT INTO `audit_logs` VALUES (1034, 36, 'update', 'user', 36, '切换角色：从 销售单位接口人 切换到 组长', 'null', '127.0.0.1', 'Mozilla/5.0 (Windows NT 10.0; Win64; x64) AppleWebKit/537.36 (KHTML, like Gecko) Chrome/147.0.0.0 Safari/537.36', '2026-04-27 15:34:41');
INSERT INTO `audit_logs` VALUES (1035, 36, 'update', 'user', 36, '切换角色：从 组长 切换到 销售单位接口人', 'null', '127.0.0.1', 'Mozilla/5.0 (Windows NT 10.0; Win64; x64) AppleWebKit/537.36 (KHTML, like Gecko) Chrome/147.0.0.0 Safari/537.36', '2026-04-27 15:35:02');
INSERT INTO `audit_logs` VALUES (1036, 37, 'assign', 'work_order', 98, '转派工单：WO77-R88-L37-1777246407，成员：asdad', '{\"member_id\": 37, \"task_name\": \"百度集团\"}', '127.0.0.1', 'Mozilla/5.0 (Windows NT 10.0; Win64; x64) AppleWebKit/537.36 (KHTML, like Gecko) Chrome/147.0.0.0 Safari/537.36', '2026-04-27 15:36:27');
INSERT INTO `audit_logs` VALUES (1039, 36, 'update', 'user', 36, '切换角色：从 销售单位接口人 切换到 成员', 'null', '127.0.0.1', 'Mozilla/5.0 (Windows NT 10.0; Win64; x64) AppleWebKit/537.36 (KHTML, like Gecko) Chrome/147.0.0.0 Safari/537.36', '2026-04-27 16:13:09');
INSERT INTO `audit_logs` VALUES (1040, 36, 'update', 'user', 36, '切换角色：从 成员 切换到 销售单位接口人', 'null', '127.0.0.1', 'Mozilla/5.0 (Windows NT 10.0; Win64; x64) AppleWebKit/537.36 (KHTML, like Gecko) Chrome/147.0.0.0 Safari/537.36', '2026-04-27 16:13:40');
INSERT INTO `audit_logs` VALUES (1041, 36, 'update', 'user', 36, '切换角色：从 销售单位接口人 切换到 成员', 'null', '127.0.0.1', 'Mozilla/5.0 (Windows NT 10.0; Win64; x64) AppleWebKit/537.36 (KHTML, like Gecko) Chrome/147.0.0.0 Safari/537.36', '2026-04-27 16:13:52');
INSERT INTO `audit_logs` VALUES (1042, 36, 'update', 'user', 36, '切换角色：从 成员 切换到 销售单位接口人', 'null', '127.0.0.1', 'Mozilla/5.0 (Windows NT 10.0; Win64; x64) AppleWebKit/537.36 (KHTML, like Gecko) Chrome/147.0.0.0 Safari/537.36', '2026-04-27 16:14:08');
INSERT INTO `audit_logs` VALUES (1043, 36, 'update', 'user', 36, '切换角色：从 销售单位接口人 切换到 专项任务发起人', 'null', '127.0.0.1', 'Mozilla/5.0 (Windows NT 10.0; Win64; x64) AppleWebKit/537.36 (KHTML, like Gecko) Chrome/147.0.0.0 Safari/537.36 Edg/147.0.0.0', '2026-04-28 09:35:05');
INSERT INTO `audit_logs` VALUES (1044, 36, 'create', 'task', 78, '创建任务：测试数据（发起人类型：专项任务发起人）', 'null', '127.0.0.1', 'Mozilla/5.0 (Windows NT 10.0; Win64; x64) AppleWebKit/537.36 (KHTML, like Gecko) Chrome/147.0.0.0 Safari/537.36 Edg/147.0.0.0', '2026-04-28 09:36:03');
INSERT INTO `audit_logs` VALUES (1045, 1, 'update', 'user', 51, '审核通过用户：test1，角色：组长, 成员', 'null', '127.0.0.1', 'Mozilla/5.0 (Windows NT 10.0; Win64; x64; rv:149.0) Gecko/20100101 Firefox/149.0', '2026-04-28 09:49:34');
INSERT INTO `audit_logs` VALUES (1047, 36, 'update', 'task', 78, '更新任务：测试数据（发起人类型：专项任务发起人）', '{\"changed_fields\": {\"sales_unit\": {\"new\": \"销售单位 - 金融BD\", \"old\": \"销售单位 - 宝山\"}}}', '127.0.0.1', 'Mozilla/5.0 (Windows NT 10.0; Win64; x64) AppleWebKit/537.36 (KHTML, like Gecko) Chrome/147.0.0.0 Safari/537.36 Edg/147.0.0.0', '2026-04-28 09:52:26');
INSERT INTO `audit_logs` VALUES (1048, 36, 'update', 'task', 78, '发起任务：测试数据（发起人类型：专项任务发起人）', 'null', '127.0.0.1', 'Mozilla/5.0 (Windows NT 10.0; Win64; x64) AppleWebKit/537.36 (KHTML, like Gecko) Chrome/147.0.0.0 Safari/537.36 Edg/147.0.0.0', '2026-04-28 09:52:34');
INSERT INTO `audit_logs` VALUES (1049, 1, 'confirm', 'task', 78, '确认任务：测试数据，已自动派发给 1 个销售单位接口人', 'null', '127.0.0.1', 'Mozilla/5.0 (Windows NT 10.0; Win64; x64; rv:149.0) Gecko/20100101 Firefox/149.0', '2026-04-28 09:52:49');
INSERT INTO `audit_logs` VALUES (1050, 36, 'update', 'user', 36, '切换角色：从 专项任务发起人 切换到 销售单位接口人', 'null', '127.0.0.1', 'Mozilla/5.0 (Windows NT 10.0; Win64; x64) AppleWebKit/537.36 (KHTML, like Gecko) Chrome/147.0.0.0 Safari/537.36 Edg/147.0.0.0', '2026-04-28 09:53:53');
INSERT INTO `audit_logs` VALUES (1051, 36, 'update', 'user', 36, '切换角色：从 销售单位接口人 切换到 专项任务发起人', 'null', '127.0.0.1', 'Mozilla/5.0 (Windows NT 10.0; Win64; x64) AppleWebKit/537.36 (KHTML, like Gecko) Chrome/147.0.0.0 Safari/537.36 Edg/147.0.0.0', '2026-04-28 09:53:57');
INSERT INTO `audit_logs` VALUES (1052, 1, 'update', 'user', 51, '为用户 test1 添加角色：销售单位接口人', 'null', '127.0.0.1', 'Mozilla/5.0 (Windows NT 10.0; Win64; x64; rv:149.0) Gecko/20100101 Firefox/149.0', '2026-04-28 09:54:13');
INSERT INTO `audit_logs` VALUES (1053, 1, 'update', 'task', 78, '关闭任务：测试数据', '{\"close_reason\": null}', '127.0.0.1', 'Mozilla/5.0 (Windows NT 10.0; Win64; x64; rv:149.0) Gecko/20100101 Firefox/149.0', '2026-04-28 09:55:25');
INSERT INTO `audit_logs` VALUES (1054, 36, 'create', 'task', 79, '创建任务：测试数据（发起人类型：专项任务发起人）', 'null', '127.0.0.1', 'Mozilla/5.0 (Windows NT 10.0; Win64; x64) AppleWebKit/537.36 (KHTML, like Gecko) Chrome/147.0.0.0 Safari/537.36 Edg/147.0.0.0', '2026-04-28 09:55:56');
INSERT INTO `audit_logs` VALUES (1055, 36, 'update', 'task', 79, '发起任务：测试数据（发起人类型：专项任务发起人）', 'null', '127.0.0.1', 'Mozilla/5.0 (Windows NT 10.0; Win64; x64) AppleWebKit/537.36 (KHTML, like Gecko) Chrome/147.0.0.0 Safari/537.36 Edg/147.0.0.0', '2026-04-28 09:56:01');
INSERT INTO `audit_logs` VALUES (1056, 1, 'confirm', 'task', 79, '确认任务：测试数据，已自动派发给 1 个销售单位接口人', 'null', '127.0.0.1', 'Mozilla/5.0 (Windows NT 10.0; Win64; x64; rv:149.0) Gecko/20100101 Firefox/149.0', '2026-04-28 09:56:11');
INSERT INTO `audit_logs` VALUES (1057, 51, 'update', 'user', 51, '切换角色：从 组长 切换到 销售单位接口人', 'null', '127.0.0.1', 'Mozilla/5.0 (Windows NT 10.0; Win64; x64) AppleWebKit/537.36 (KHTML, like Gecko) Chrome/147.0.0.0 Safari/537.36', '2026-04-28 09:56:20');
INSERT INTO `audit_logs` VALUES (1058, 52, 'dispatch', 'task', 79, '自动派单详细需求：周康四村（测试数据），组长：test1，匹配规则：group_A', '{\"auto_dispatch\": true, \"customer_unit\": \"周康四村\", \"work_order_ids\": [100], \"team_leader_ids\": [51], \"auto_dispatch_reason\": \"group_A\", \"detail_requirement_id\": 89}', '127.0.0.1', 'Mozilla/5.0 (Windows NT 10.0; Win64; x64) AppleWebKit/537.36 (KHTML, like Gecko) Chrome/147.0.0.0 Safari/537.36 Edg/147.0.0.0', '2026-04-28 10:08:06');
INSERT INTO `audit_logs` VALUES (1059, 52, 'submit', 'task', 79, '提交详细需求单：测试数据，客户：周康四村（已自动派单）', '{\"customer_source\": \"销售单位 - 战略BD\", \"auto_dispatch_reason\": \"auto_dispatched_group_A_leaders_1\", \"auto_dispatch_success\": true, \"detail_requirement_id\": 89}', '127.0.0.1', 'Mozilla/5.0 (Windows NT 10.0; Win64; x64) AppleWebKit/537.36 (KHTML, like Gecko) Chrome/147.0.0.0 Safari/537.36 Edg/147.0.0.0', '2026-04-28 10:08:06');
INSERT INTO `audit_logs` VALUES (1060, 51, 'update', 'user', 51, '切换角色：从 销售单位接口人 切换到 组长', 'null', '127.0.0.1', 'Mozilla/5.0 (Windows NT 10.0; Win64; x64) AppleWebKit/537.36 (KHTML, like Gecko) Chrome/147.0.0.0 Safari/537.36', '2026-04-28 10:08:27');
INSERT INTO `audit_logs` VALUES (1061, 51, 'update', 'user', 51, '切换角色：从 组长 切换到 成员', 'null', '127.0.0.1', 'Mozilla/5.0 (Windows NT 10.0; Win64; x64) AppleWebKit/537.36 (KHTML, like Gecko) Chrome/147.0.0.0 Safari/537.36', '2026-04-28 10:09:38');
INSERT INTO `audit_logs` VALUES (1062, 51, 'update', 'user', 51, '切换角色：从 成员 切换到 组长', 'null', '127.0.0.1', 'Mozilla/5.0 (Windows NT 10.0; Win64; x64) AppleWebKit/537.36 (KHTML, like Gecko) Chrome/147.0.0.0 Safari/537.36', '2026-04-28 10:09:45');
INSERT INTO `audit_logs` VALUES (1064, 51, 'assign', 'work_order', 100, '转派工单：WO79-R89-L51-1777313286，成员：test1', '{\"member_id\": 51, \"task_name\": \"测试数据\"}', '127.0.0.1', 'Mozilla/5.0 (Windows NT 10.0; Win64; x64) AppleWebKit/537.36 (KHTML, like Gecko) Chrome/147.0.0.0 Safari/537.36', '2026-04-28 10:12:00');
INSERT INTO `audit_logs` VALUES (1065, 51, 'update', 'user', 51, '切换角色：从 组长 切换到 成员', 'null', '127.0.0.1', 'Mozilla/5.0 (Windows NT 10.0; Win64; x64) AppleWebKit/537.36 (KHTML, like Gecko) Chrome/147.0.0.0 Safari/537.36', '2026-04-28 10:12:02');
INSERT INTO `audit_logs` VALUES (1066, 51, 'accept', 'work_order', 100, '接单：WO79-R89-L51-1777313286', '{\"task_name\": \"测试数据\", \"work_order_no\": \"WO79-R89-L51-1777313286\"}', '127.0.0.1', 'Mozilla/5.0 (Windows NT 10.0; Win64; x64) AppleWebKit/537.36 (KHTML, like Gecko) Chrome/147.0.0.0 Safari/537.36', '2026-04-28 10:15:11');
INSERT INTO `audit_logs` VALUES (1067, 51, 'create', 'visit_log', 65, '添加拜访日志：工单 WO79-R89-L51-1777313286', '{\"task_name\": \"测试数据\", \"visit_date\": \"2026-04-28\", \"work_order_id\": 100, \"work_order_no\": \"WO79-R89-L51-1777313286\", \"opportunity_no\": null}', '127.0.0.1', 'Mozilla/5.0 (Windows NT 10.0; Win64; x64) AppleWebKit/537.36 (KHTML, like Gecko) Chrome/147.0.0.0 Safari/537.36', '2026-04-28 10:20:41');
INSERT INTO `audit_logs` VALUES (1068, 51, 'update', 'work_order', 100, '创建拜访日志并标记工单已拜访：WO79-R89-L51-1777313286（已接单→已拜访）', '{\"trigger\": \"visit_log_created\", \"task_name\": \"测试数据\", \"new_status\": \"completed\", \"old_status\": \"accepted\"}', '127.0.0.1', 'Mozilla/5.0 (Windows NT 10.0; Win64; x64) AppleWebKit/537.36 (KHTML, like Gecko) Chrome/147.0.0.0 Safari/537.36', '2026-04-28 10:20:41');
INSERT INTO `audit_logs` VALUES (1071, 52, 'update', 'user', 52, '切换角色：从 销售单位接口人 切换到 专项任务发起人', 'null', '127.0.0.1', 'Mozilla/5.0 (Windows NT 10.0; Win64; x64) AppleWebKit/537.36 (KHTML, like Gecko) Chrome/147.0.0.0 Safari/537.36 Edg/147.0.0.0', '2026-04-28 10:25:28');
INSERT INTO `audit_logs` VALUES (1073, 52, 'update', 'task', 80, '发起任务：测试测试（发起人类型：专项任务发起人）', 'null', '127.0.0.1', 'Mozilla/5.0 (Windows NT 10.0; Win64; x64) AppleWebKit/537.36 (KHTML, like Gecko) Chrome/147.0.0.0 Safari/537.36 Edg/147.0.0.0', '2026-04-28 10:25:58');
INSERT INTO `audit_logs` VALUES (1074, 1, 'confirm', 'task', 80, '确认任务：测试测试，已自动派发给 2 个销售单位接口人', 'null', '127.0.0.1', 'Mozilla/5.0 (Windows NT 10.0; Win64; x64; rv:149.0) Gecko/20100101 Firefox/149.0', '2026-04-28 10:26:08');
INSERT INTO `audit_logs` VALUES (1075, 52, 'update', 'user', 52, '切换角色：从 专项任务发起人 切换到 销售单位接口人', 'null', '127.0.0.1', 'Mozilla/5.0 (Windows NT 10.0; Win64; x64) AppleWebKit/537.36 (KHTML, like Gecko) Chrome/147.0.0.0 Safari/537.36 Edg/147.0.0.0', '2026-04-28 10:26:16');
INSERT INTO `audit_logs` VALUES (1076, 52, 'dispatch', 'task', 80, '自动派单详细需求：周康四村（测试测试），组长：test1，匹配规则：group_A', '{\"auto_dispatch\": true, \"customer_unit\": \"周康四村\", \"work_order_ids\": [101], \"team_leader_ids\": [51], \"auto_dispatch_reason\": \"group_A\", \"detail_requirement_id\": 90}', '127.0.0.1', 'Mozilla/5.0 (Windows NT 10.0; Win64; x64) AppleWebKit/537.36 (KHTML, like Gecko) Chrome/147.0.0.0 Safari/537.36 Edg/147.0.0.0', '2026-04-28 10:27:26');
INSERT INTO `audit_logs` VALUES (1077, 52, 'submit', 'task', 80, '提交详细需求单：测试测试，客户：周康四村（已自动派单）', '{\"customer_source\": \"销售单位 - 战略BD\", \"auto_dispatch_reason\": \"auto_dispatched_group_A_leaders_1\", \"auto_dispatch_success\": true, \"detail_requirement_id\": 90}', '127.0.0.1', 'Mozilla/5.0 (Windows NT 10.0; Win64; x64) AppleWebKit/537.36 (KHTML, like Gecko) Chrome/147.0.0.0 Safari/537.36 Edg/147.0.0.0', '2026-04-28 10:27:26');
INSERT INTO `audit_logs` VALUES (1078, 51, 'update', 'user', 51, '切换角色：从 成员 切换到 组长', 'null', '127.0.0.1', 'Mozilla/5.0 (Windows NT 10.0; Win64; x64) AppleWebKit/537.36 (KHTML, like Gecko) Chrome/147.0.0.0 Safari/537.36', '2026-04-28 10:27:38');
INSERT INTO `audit_logs` VALUES (1079, 51, 'assign', 'work_order', 101, '转派工单：WO80-R90-L51-1777314446，成员：test1', '{\"member_id\": 51, \"task_name\": \"测试测试\"}', '127.0.0.1', 'Mozilla/5.0 (Windows NT 10.0; Win64; x64) AppleWebKit/537.36 (KHTML, like Gecko) Chrome/147.0.0.0 Safari/537.36', '2026-04-28 10:27:47');
INSERT INTO `audit_logs` VALUES (1080, 51, 'update', 'user', 51, '切换角色：从 组长 切换到 成员', 'null', '127.0.0.1', 'Mozilla/5.0 (Windows NT 10.0; Win64; x64) AppleWebKit/537.36 (KHTML, like Gecko) Chrome/147.0.0.0 Safari/537.36', '2026-04-28 10:27:51');
INSERT INTO `audit_logs` VALUES (1081, 51, 'accept', 'work_order', 101, '接单：WO80-R90-L51-1777314446', '{\"task_name\": \"测试测试\", \"work_order_no\": \"WO80-R90-L51-1777314446\"}', '127.0.0.1', 'Mozilla/5.0 (Windows NT 10.0; Win64; x64) AppleWebKit/537.36 (KHTML, like Gecko) Chrome/147.0.0.0 Safari/537.36', '2026-04-28 10:27:54');
INSERT INTO `audit_logs` VALUES (1082, 51, 'update', 'work_order', 101, '成员转单：WO80-R90-L51-1777314446，转给组内成员「asdad」，原因：测试', '{\"reason\": \"测试\", \"new_status\": \"pending_accept\", \"old_status\": \"accepted\", \"target_mode\": \"member\", \"new_member_id\": 37, \"old_member_id\": 51, \"target_user_id\": 37, \"old_member_name\": \"test1\", \"target_user_name\": \"asdad\", \"new_team_leader_id\": 51, \"old_team_leader_id\": 51, \"old_team_leader_name\": \"test1\"}', '127.0.0.1', 'Mozilla/5.0 (Windows NT 10.0; Win64; x64) AppleWebKit/537.36 (KHTML, like Gecko) Chrome/147.0.0.0 Safari/537.36', '2026-04-28 10:28:07');
INSERT INTO `audit_logs` VALUES (1084, 37, 'update', 'user', 37, '切换角色：从 组长 切换到 成员', 'null', '127.0.0.1', 'Mozilla/5.0 (Windows NT 10.0; Win64; x64) AppleWebKit/537.36 (KHTML, like Gecko) Chrome/147.0.0.0 Safari/537.36', '2026-04-28 10:30:35');
INSERT INTO `audit_logs` VALUES (1085, 37, 'accept', 'work_order', 101, '接单：WO80-R90-L51-1777314446', '{\"task_name\": \"测试测试\", \"work_order_no\": \"WO80-R90-L51-1777314446\"}', '127.0.0.1', 'Mozilla/5.0 (Windows NT 10.0; Win64; x64) AppleWebKit/537.36 (KHTML, like Gecko) Chrome/147.0.0.0 Safari/537.36', '2026-04-28 10:30:44');
INSERT INTO `audit_logs` VALUES (1086, 37, 'update', 'work_order', 101, '成员转单：WO80-R90-L51-1777314446，转给组内成员「test1」，原因：测试', '{\"reason\": \"测试\", \"new_status\": \"pending_accept\", \"old_status\": \"accepted\", \"target_mode\": \"member\", \"new_member_id\": 51, \"old_member_id\": 37, \"target_user_id\": 51, \"old_member_name\": \"asdad\", \"target_user_name\": \"test1\", \"new_team_leader_id\": 51, \"old_team_leader_id\": 51, \"old_team_leader_name\": \"test1\"}', '127.0.0.1', 'Mozilla/5.0 (Windows NT 10.0; Win64; x64) AppleWebKit/537.36 (KHTML, like Gecko) Chrome/147.0.0.0 Safari/537.36', '2026-04-28 10:30:56');
INSERT INTO `audit_logs` VALUES (1087, 37, 'update', 'user', 37, '切换角色：从 成员 切换到 组长', 'null', '127.0.0.1', 'Mozilla/5.0 (Windows NT 10.0; Win64; x64) AppleWebKit/537.36 (KHTML, like Gecko) Chrome/147.0.0.0 Safari/537.36', '2026-04-28 10:33:46');
INSERT INTO `audit_logs` VALUES (1090, 53, 'update', 'user', 53, '切换角色：从 销售单位接口人 切换到 专项任务发起人', 'null', '127.0.0.1', 'Mozilla/5.0 (Windows NT 10.0; Win64; x64) AppleWebKit/537.36 (KHTML, like Gecko) Chrome/147.0.0.0 Safari/537.36 Edg/147.0.0.0', '2026-04-28 10:37:53');
INSERT INTO `audit_logs` VALUES (1092, 53, 'update', 'task', 81, '发起任务：测试测试（发起人类型：专项任务发起人）', 'null', '127.0.0.1', 'Mozilla/5.0 (Windows NT 10.0; Win64; x64) AppleWebKit/537.36 (KHTML, like Gecko) Chrome/147.0.0.0 Safari/537.36 Edg/147.0.0.0', '2026-04-28 10:38:25');
INSERT INTO `audit_logs` VALUES (1093, 1, 'confirm', 'task', 81, '确认任务：测试测试，已自动派发给 2 个销售单位接口人', 'null', '127.0.0.1', 'Mozilla/5.0 (Windows NT 10.0; Win64; x64; rv:149.0) Gecko/20100101 Firefox/149.0', '2026-04-28 10:38:39');
INSERT INTO `audit_logs` VALUES (1094, 53, 'update', 'user', 53, '切换角色：从 专项任务发起人 切换到 销售单位接口人', 'null', '127.0.0.1', 'Mozilla/5.0 (Windows NT 10.0; Win64; x64) AppleWebKit/537.36 (KHTML, like Gecko) Chrome/147.0.0.0 Safari/537.36 Edg/147.0.0.0', '2026-04-28 10:38:49');
INSERT INTO `audit_logs` VALUES (1095, 53, 'dispatch', 'task', 81, '自动派单详细需求：建桥（测试测试），组长：test1，匹配规则：group_A', '{\"auto_dispatch\": true, \"customer_unit\": \"建桥\", \"work_order_ids\": [102], \"team_leader_ids\": [51], \"auto_dispatch_reason\": \"group_A\", \"detail_requirement_id\": 91}', '127.0.0.1', 'Mozilla/5.0 (Windows NT 10.0; Win64; x64) AppleWebKit/537.36 (KHTML, like Gecko) Chrome/147.0.0.0 Safari/537.36 Edg/147.0.0.0', '2026-04-28 10:40:32');
INSERT INTO `audit_logs` VALUES (1096, 53, 'submit', 'task', 81, '提交详细需求单：测试测试，客户：建桥（已自动派单）', '{\"customer_source\": \"销售单位 - 战略BD\", \"auto_dispatch_reason\": \"auto_dispatched_group_A_leaders_1\", \"auto_dispatch_success\": true, \"detail_requirement_id\": 91}', '127.0.0.1', 'Mozilla/5.0 (Windows NT 10.0; Win64; x64) AppleWebKit/537.36 (KHTML, like Gecko) Chrome/147.0.0.0 Safari/537.36 Edg/147.0.0.0', '2026-04-28 10:40:32');
INSERT INTO `audit_logs` VALUES (1097, 51, 'update', 'user', 51, '切换角色：从 成员 切换到 组长', 'null', '127.0.0.1', 'Mozilla/5.0 (Windows NT 10.0; Win64; x64) AppleWebKit/537.36 (KHTML, like Gecko) Chrome/147.0.0.0 Safari/537.36', '2026-04-28 10:40:50');
INSERT INTO `audit_logs` VALUES (1098, 51, 'assign', 'work_order', 102, '转派工单：WO81-R91-L51-1777315232，成员：test1', '{\"member_id\": 51, \"task_name\": \"测试测试\"}', '127.0.0.1', 'Mozilla/5.0 (Windows NT 10.0; Win64; x64) AppleWebKit/537.36 (KHTML, like Gecko) Chrome/147.0.0.0 Safari/537.36', '2026-04-28 10:41:05');
INSERT INTO `audit_logs` VALUES (1099, 51, 'update', 'user', 51, '切换角色：从 组长 切换到 成员', 'null', '127.0.0.1', 'Mozilla/5.0 (Windows NT 10.0; Win64; x64) AppleWebKit/537.36 (KHTML, like Gecko) Chrome/147.0.0.0 Safari/537.36', '2026-04-28 10:41:09');
INSERT INTO `audit_logs` VALUES (1100, 51, 'accept', 'work_order', 102, '接单：WO81-R91-L51-1777315232', '{\"task_name\": \"测试测试\", \"work_order_no\": \"WO81-R91-L51-1777315232\"}', '127.0.0.1', 'Mozilla/5.0 (Windows NT 10.0; Win64; x64) AppleWebKit/537.36 (KHTML, like Gecko) Chrome/147.0.0.0 Safari/537.36', '2026-04-28 10:41:12');
INSERT INTO `audit_logs` VALUES (1102, 51, 'update', 'work_order', 102, '创建拜访日志并标记工单已拜访：WO81-R91-L51-1777315232（已接单→已拜访）', '{\"trigger\": \"visit_log_created\", \"task_name\": \"测试测试\", \"new_status\": \"completed\", \"old_status\": \"accepted\"}', '127.0.0.1', 'Mozilla/5.0 (Windows NT 10.0; Win64; x64) AppleWebKit/537.36 (KHTML, like Gecko) Chrome/147.0.0.0 Safari/537.36', '2026-04-28 10:46:48');
INSERT INTO `audit_logs` VALUES (1103, 53, 'update', 'user', 53, '切换角色：从 销售单位接口人 切换到 专项任务发起人', 'null', '127.0.0.1', 'Mozilla/5.0 (Windows NT 10.0; Win64; x64) AppleWebKit/537.36 (KHTML, like Gecko) Chrome/147.0.0.0 Safari/537.36 Edg/147.0.0.0', '2026-04-28 11:03:35');
INSERT INTO `audit_logs` VALUES (1104, 53, 'update', 'user', 53, '切换角色：从 专项任务发起人 切换到 成员', 'null', '127.0.0.1', 'Mozilla/5.0 (Windows NT 10.0; Win64; x64) AppleWebKit/537.36 (KHTML, like Gecko) Chrome/147.0.0.0 Safari/537.36 Edg/147.0.0.0', '2026-04-28 11:04:06');
INSERT INTO `audit_logs` VALUES (1105, 1, 'update', 'user', 54, '审核通过用户：杨振楠，角色：组长, 成员', 'null', '127.0.0.1', 'Mozilla/5.0 (Windows NT 10.0; Win64; x64) AppleWebKit/537.36 (KHTML, like Gecko) Chrome/147.0.0.0 Safari/537.36 Edg/147.0.0.0', '2026-04-28 13:38:12');
INSERT INTO `audit_logs` VALUES (1106, 51, 'update', 'user', 51, '切换角色：从 成员 切换到 组长', 'null', '127.0.0.1', 'Mozilla/5.0 (Windows NT 10.0; Win64; x64) AppleWebKit/537.36 (KHTML, like Gecko) Chrome/147.0.0.0 Safari/537.36', '2026-04-28 13:39:47');
INSERT INTO `audit_logs` VALUES (1107, 53, 'update', 'user', 53, '切换角色：从 成员 切换到 组长', 'null', '127.0.0.1', 'Mozilla/5.0 (Windows NT 10.0; Win64; x64) AppleWebKit/537.36 (KHTML, like Gecko) Chrome/147.0.0.0 Safari/537.36 Edg/147.0.0.0', '2026-04-28 13:44:29');
INSERT INTO `audit_logs` VALUES (1108, 51, 'update', 'user', 51, '切换角色：从 组长 切换到 成员', 'null', '127.0.0.1', 'Mozilla/5.0 (Windows NT 10.0; Win64; x64) AppleWebKit/537.36 (KHTML, like Gecko) Chrome/147.0.0.0 Safari/537.36', '2026-04-28 13:47:39');
INSERT INTO `audit_logs` VALUES (1109, 51, 'accept', 'work_order', 101, '接单：WO80-R90-L51-1777314446', '{\"task_name\": \"测试测试\", \"work_order_no\": \"WO80-R90-L51-1777314446\"}', '127.0.0.1', 'Mozilla/5.0 (Windows NT 10.0; Win64; x64) AppleWebKit/537.36 (KHTML, like Gecko) Chrome/147.0.0.0 Safari/537.36', '2026-04-28 14:06:33');
INSERT INTO `audit_logs` VALUES (1110, 51, 'update', 'user', 51, '切换角色：从 成员 切换到 组长', 'null', '127.0.0.1', 'Mozilla/5.0 (Windows NT 10.0; Win64; x64) AppleWebKit/537.36 (KHTML, like Gecko) Chrome/147.0.0.0 Safari/537.36', '2026-04-28 14:07:56');
INSERT INTO `audit_logs` VALUES (1112, 55, 'update', 'user', 55, '切换角色：从 组长 切换到 成员', 'null', '127.0.0.1', 'Mozilla/5.0 (Windows NT 10.0; Win64; x64) AppleWebKit/537.36 (KHTML, like Gecko) Chrome/147.0.0.0 Safari/537.36', '2026-04-28 14:11:22');
INSERT INTO `audit_logs` VALUES (1113, 55, 'update', 'user', 55, '切换角色：从 成员 切换到 组长', 'null', '127.0.0.1', 'Mozilla/5.0 (Windows NT 10.0; Win64; x64) AppleWebKit/537.36 (KHTML, like Gecko) Chrome/147.0.0.0 Safari/537.36', '2026-04-28 14:11:24');
INSERT INTO `audit_logs` VALUES (1114, 51, 'update', 'user', 51, '切换角色：从 组长 切换到 成员', 'null', '127.0.0.1', 'Mozilla/5.0 (Windows NT 10.0; Win64; x64) AppleWebKit/537.36 (KHTML, like Gecko) Chrome/147.0.0.0 Safari/537.36', '2026-04-28 14:13:56');
INSERT INTO `audit_logs` VALUES (1116, 51, 'update', 'user', 51, '切换角色：从 成员 切换到 销售单位接口人', 'null', '127.0.0.1', 'Mozilla/5.0 (Windows NT 10.0; Win64; x64) AppleWebKit/537.36 (KHTML, like Gecko) Chrome/147.0.0.0 Safari/537.36', '2026-04-28 14:19:18');
INSERT INTO `audit_logs` VALUES (1117, 51, 'update', 'user', 51, '切换角色：从 销售单位接口人 切换到 组长', 'null', '127.0.0.1', 'Mozilla/5.0 (Windows NT 10.0; Win64; x64) AppleWebKit/537.36 (KHTML, like Gecko) Chrome/147.0.0.0 Safari/537.36', '2026-04-28 14:19:24');
INSERT INTO `audit_logs` VALUES (1118, 51, 'update', 'user', 51, '切换角色：从 组长 切换到 成员', 'null', '127.0.0.1', 'Mozilla/5.0 (Windows NT 10.0; Win64; x64) AppleWebKit/537.36 (KHTML, like Gecko) Chrome/147.0.0.0 Safari/537.36', '2026-04-28 14:19:27');
INSERT INTO `audit_logs` VALUES (1119, 55, 'update', 'user', 55, '切换角色：从 组长 切换到 成员', 'null', '127.0.0.1', 'Mozilla/5.0 (Windows NT 10.0; Win64; x64) AppleWebKit/537.36 (KHTML, like Gecko) Chrome/147.0.0.0 Safari/537.36 Edg/147.0.0.0', '2026-04-28 14:34:45');
INSERT INTO `audit_logs` VALUES (1120, 53, 'update', 'user', 53, '切换角色：从 组长 切换到 专项任务发起人', 'null', '127.0.0.1', 'Mozilla/5.0 (Windows NT 10.0; Win64; x64) AppleWebKit/537.36 (KHTML, like Gecko) Chrome/147.0.0.0 Safari/537.36 Edg/147.0.0.0', '2026-04-28 14:42:02');
INSERT INTO `audit_logs` VALUES (1121, 53, 'create', 'task', 82, '创建任务：测试测试（发起人类型：专项任务发起人）', 'null', '127.0.0.1', 'Mozilla/5.0 (Windows NT 10.0; Win64; x64) AppleWebKit/537.36 (KHTML, like Gecko) Chrome/147.0.0.0 Safari/537.36 Edg/147.0.0.0', '2026-04-28 14:42:30');
INSERT INTO `audit_logs` VALUES (1122, 53, 'update', 'task', 82, '更新任务：测试测试（发起人类型：专项任务发起人）', '{\"changed_fields\": {\"sales_unit\": {\"new\": \"云能力中心\", \"old\": \"海卓,恒联\"}}}', '127.0.0.1', 'Mozilla/5.0 (Windows NT 10.0; Win64; x64) AppleWebKit/537.36 (KHTML, like Gecko) Chrome/147.0.0.0 Safari/537.36 Edg/147.0.0.0', '2026-04-28 14:42:49');
INSERT INTO `audit_logs` VALUES (1123, 53, 'update', 'task', 82, '发起任务：测试测试（发起人类型：专项任务发起人）', 'null', '127.0.0.1', 'Mozilla/5.0 (Windows NT 10.0; Win64; x64) AppleWebKit/537.36 (KHTML, like Gecko) Chrome/147.0.0.0 Safari/537.36 Edg/147.0.0.0', '2026-04-28 14:43:17');
INSERT INTO `audit_logs` VALUES (1124, 1, 'confirm', 'task', 82, '确认任务：测试测试，已自动派发给 2 个销售单位接口人', 'null', '127.0.0.1', 'Mozilla/5.0 (Windows NT 10.0; Win64; x64; rv:149.0) Gecko/20100101 Firefox/149.0', '2026-04-28 14:43:31');
INSERT INTO `audit_logs` VALUES (1125, 53, 'update', 'user', 53, '切换角色：从 专项任务发起人 切换到 销售单位接口人', 'null', '127.0.0.1', 'Mozilla/5.0 (Windows NT 10.0; Win64; x64) AppleWebKit/537.36 (KHTML, like Gecko) Chrome/147.0.0.0 Safari/537.36 Edg/147.0.0.0', '2026-04-28 14:43:43');
INSERT INTO `audit_logs` VALUES (1126, 53, 'dispatch', 'task', 82, '自动派单详细需求：建桥（测试测试），组长：asdad, hnlnw，匹配规则：group_C', '{\"auto_dispatch\": true, \"customer_unit\": \"建桥\", \"work_order_ids\": [103, 104], \"team_leader_ids\": [37, 49], \"auto_dispatch_reason\": \"group_C\", \"detail_requirement_id\": 92}', '127.0.0.1', 'Mozilla/5.0 (Windows NT 10.0; Win64; x64) AppleWebKit/537.36 (KHTML, like Gecko) Chrome/147.0.0.0 Safari/537.36 Edg/147.0.0.0', '2026-04-28 14:47:10');
INSERT INTO `audit_logs` VALUES (1127, 53, 'submit', 'task', 82, '提交详细需求单：测试测试，客户：建桥（已自动派单）', '{\"customer_source\": \"销售单位 - 宝山\", \"auto_dispatch_reason\": \"auto_dispatched_group_C_leaders_2\", \"auto_dispatch_success\": true, \"detail_requirement_id\": 92}', '127.0.0.1', 'Mozilla/5.0 (Windows NT 10.0; Win64; x64) AppleWebKit/537.36 (KHTML, like Gecko) Chrome/147.0.0.0 Safari/537.36 Edg/147.0.0.0', '2026-04-28 14:47:10');
INSERT INTO `audit_logs` VALUES (1128, 51, 'update', 'user', 51, '切换角色：从 成员 切换到 组长', 'null', '127.0.0.1', 'Mozilla/5.0 (Windows NT 10.0; Win64; x64) AppleWebKit/537.36 (KHTML, like Gecko) Chrome/147.0.0.0 Safari/537.36', '2026-04-28 14:48:11');
INSERT INTO `audit_logs` VALUES (1129, 53, 'dispatch', 'task', 82, '自动派单详细需求：建桥（测试测试），组长：test1, 测试组长，匹配规则：group_A', '{\"auto_dispatch\": true, \"customer_unit\": \"建桥\", \"work_order_ids\": [105, 106], \"team_leader_ids\": [51, 55], \"auto_dispatch_reason\": \"group_A\", \"detail_requirement_id\": 93}', '127.0.0.1', 'Mozilla/5.0 (Windows NT 10.0; Win64; x64) AppleWebKit/537.36 (KHTML, like Gecko) Chrome/147.0.0.0 Safari/537.36 Edg/147.0.0.0', '2026-04-28 14:51:04');
INSERT INTO `audit_logs` VALUES (1130, 53, 'submit', 'task', 82, '提交详细需求单：测试测试，客户：建桥（已自动派单）', '{\"customer_source\": \"销售单位 - 战略BD\", \"auto_dispatch_reason\": \"auto_dispatched_group_A_leaders_2\", \"auto_dispatch_success\": true, \"detail_requirement_id\": 93}', '127.0.0.1', 'Mozilla/5.0 (Windows NT 10.0; Win64; x64) AppleWebKit/537.36 (KHTML, like Gecko) Chrome/147.0.0.0 Safari/537.36 Edg/147.0.0.0', '2026-04-28 14:51:04');
INSERT INTO `audit_logs` VALUES (1131, 51, 'assign', 'work_order', 105, '转派工单：WO82-R93-L51-1777330264，成员：test1', '{\"member_id\": 51, \"task_name\": \"测试测试\"}', '127.0.0.1', 'Mozilla/5.0 (Windows NT 10.0; Win64; x64) AppleWebKit/537.36 (KHTML, like Gecko) Chrome/147.0.0.0 Safari/537.36', '2026-04-28 14:55:23');
INSERT INTO `audit_logs` VALUES (1132, 51, 'update', 'user', 51, '切换角色：从 组长 切换到 成员', 'null', '127.0.0.1', 'Mozilla/5.0 (Windows NT 10.0; Win64; x64) AppleWebKit/537.36 (KHTML, like Gecko) Chrome/147.0.0.0 Safari/537.36', '2026-04-28 15:01:50');
INSERT INTO `audit_logs` VALUES (1133, 51, 'update', 'user', 51, '切换角色：从 成员 切换到 销售单位接口人', 'null', '127.0.0.1', 'Mozilla/5.0 (Windows NT 10.0; Win64; x64) AppleWebKit/537.36 (KHTML, like Gecko) Chrome/147.0.0.0 Safari/537.36', '2026-04-28 15:04:32');
INSERT INTO `audit_logs` VALUES (1134, 51, 'update', 'user', 51, '切换角色：从 销售单位接口人 切换到 组长', 'null', '127.0.0.1', 'Mozilla/5.0 (Windows NT 10.0; Win64; x64) AppleWebKit/537.36 (KHTML, like Gecko) Chrome/147.0.0.0 Safari/537.36', '2026-04-28 15:04:34');
INSERT INTO `audit_logs` VALUES (1135, 51, 'update', 'user', 51, '切换角色：从 组长 切换到 成员', 'null', '127.0.0.1', 'Mozilla/5.0 (Windows NT 10.0; Win64; x64) AppleWebKit/537.36 (KHTML, like Gecko) Chrome/147.0.0.0 Safari/537.36', '2026-04-28 15:04:37');
INSERT INTO `audit_logs` VALUES (1136, 51, 'update', 'user', 51, '切换角色：从 成员 切换到 组长', 'null', '127.0.0.1', 'Mozilla/5.0 (Windows NT 10.0; Win64; x64) AppleWebKit/537.36 (KHTML, like Gecko) Chrome/147.0.0.0 Safari/537.36', '2026-04-28 15:05:33');
INSERT INTO `audit_logs` VALUES (1137, 53, 'update', 'user', 53, '切换角色：从 销售单位接口人 切换到 专项任务发起人', 'null', '127.0.0.1', 'Mozilla/5.0 (Windows NT 10.0; Win64; x64) AppleWebKit/537.36 (KHTML, like Gecko) Chrome/147.0.0.0 Safari/537.36 Edg/147.0.0.0', '2026-04-28 15:11:34');
INSERT INTO `audit_logs` VALUES (1138, 53, 'update', 'user', 53, '切换角色：从 专项任务发起人 切换到 销售单位接口人', 'null', '127.0.0.1', 'Mozilla/5.0 (Windows NT 10.0; Win64; x64) AppleWebKit/537.36 (KHTML, like Gecko) Chrome/147.0.0.0 Safari/537.36 Edg/147.0.0.0', '2026-04-28 15:11:37');
INSERT INTO `audit_logs` VALUES (1139, 51, 'update', 'user', 51, '切换角色：从 组长 切换到 成员', 'null', '127.0.0.1', 'Mozilla/5.0 (Windows NT 10.0; Win64; x64) AppleWebKit/537.36 (KHTML, like Gecko) Chrome/147.0.0.0 Safari/537.36', '2026-04-28 15:15:55');
INSERT INTO `audit_logs` VALUES (1140, 51, 'accept', 'work_order', 105, '接单：WO82-R93-L51-1777330264', '{\"task_name\": \"测试测试\", \"work_order_no\": \"WO82-R93-L51-1777330264\"}', '127.0.0.1', 'Mozilla/5.0 (Windows NT 10.0; Win64; x64) AppleWebKit/537.36 (KHTML, like Gecko) Chrome/147.0.0.0 Safari/537.36', '2026-04-28 15:16:00');
INSERT INTO `audit_logs` VALUES (1141, 51, 'create', 'visit_log', 67, '添加拜访日志：工单 WO82-R93-L51-1777330264', '{\"task_name\": \"测试测试\", \"visit_date\": \"2026-04-28\", \"work_order_id\": 105, \"work_order_no\": \"WO82-R93-L51-1777330264\", \"opportunity_no\": null}', '127.0.0.1', 'Mozilla/5.0 (Windows NT 10.0; Win64; x64) AppleWebKit/537.36 (KHTML, like Gecko) Chrome/147.0.0.0 Safari/537.36', '2026-04-28 15:16:36');
INSERT INTO `audit_logs` VALUES (1142, 51, 'update', 'work_order', 105, '创建拜访日志并标记工单已拜访：WO82-R93-L51-1777330264（已接单→已拜访）', '{\"trigger\": \"visit_log_created\", \"task_name\": \"测试测试\", \"new_status\": \"completed\", \"old_status\": \"accepted\"}', '127.0.0.1', 'Mozilla/5.0 (Windows NT 10.0; Win64; x64) AppleWebKit/537.36 (KHTML, like Gecko) Chrome/147.0.0.0 Safari/537.36', '2026-04-28 15:16:36');
INSERT INTO `audit_logs` VALUES (1143, 51, 'update', 'user', 51, '切换角色：从 成员 切换到 销售单位接口人', 'null', '127.0.0.1', 'Mozilla/5.0 (Windows NT 10.0; Win64; x64) AppleWebKit/537.36 (KHTML, like Gecko) Chrome/147.0.0.0 Safari/537.36', '2026-04-28 15:19:01');
INSERT INTO `audit_logs` VALUES (1144, 51, 'update', 'user', 51, '切换角色：从 销售单位接口人 切换到 组长', 'null', '127.0.0.1', 'Mozilla/5.0 (Windows NT 10.0; Win64; x64) AppleWebKit/537.36 (KHTML, like Gecko) Chrome/147.0.0.0 Safari/537.36', '2026-04-28 15:19:03');
INSERT INTO `audit_logs` VALUES (1145, 55, 'update', 'user', 55, '切换角色：从 成员 切换到 组长', 'null', '127.0.0.1', 'Mozilla/5.0 (Windows NT 10.0; Win64; x64) AppleWebKit/537.36 (KHTML, like Gecko) Chrome/147.0.0.0 Safari/537.36', '2026-04-28 15:30:12');
INSERT INTO `audit_logs` VALUES (1146, 51, 'update', 'user', 51, '切换角色：从 组长 切换到 成员', 'null', '127.0.0.1', 'Mozilla/5.0 (Windows NT 10.0; Win64; x64) AppleWebKit/537.36 (KHTML, like Gecko) Chrome/147.0.0.0 Safari/537.36', '2026-04-28 15:30:44');
INSERT INTO `audit_logs` VALUES (1147, 53, 'dispatch', 'task', 82, '自动派单详细需求：建桥（测试测试），组长：test1, 测试组长，匹配规则：group_A', '{\"auto_dispatch\": true, \"customer_unit\": \"建桥\", \"work_order_ids\": [107, 108], \"team_leader_ids\": [51, 55], \"auto_dispatch_reason\": \"group_A\", \"detail_requirement_id\": 94}', '127.0.0.1', 'Mozilla/5.0 (Windows NT 10.0; Win64; x64) AppleWebKit/537.36 (KHTML, like Gecko) Chrome/147.0.0.0 Safari/537.36 Edg/147.0.0.0', '2026-04-28 15:31:14');
INSERT INTO `audit_logs` VALUES (1148, 53, 'submit', 'task', 82, '提交详细需求单：测试测试，客户：建桥（已自动派单）', '{\"customer_source\": \"销售单位 - 战略BD\", \"auto_dispatch_reason\": \"auto_dispatched_group_A_leaders_2\", \"auto_dispatch_success\": true, \"detail_requirement_id\": 94}', '127.0.0.1', 'Mozilla/5.0 (Windows NT 10.0; Win64; x64) AppleWebKit/537.36 (KHTML, like Gecko) Chrome/147.0.0.0 Safari/537.36 Edg/147.0.0.0', '2026-04-28 15:31:14');
INSERT INTO `audit_logs` VALUES (1149, 51, 'update', 'user', 51, '切换角色：从 成员 切换到 组长', 'null', '127.0.0.1', 'Mozilla/5.0 (Windows NT 10.0; Win64; x64) AppleWebKit/537.36 (KHTML, like Gecko) Chrome/147.0.0.0 Safari/537.36', '2026-04-28 15:31:27');
INSERT INTO `audit_logs` VALUES (1150, 55, 'assign', 'work_order', 108, '转派工单：WO82-R94-L55-1777332674，成员：测试组长', '{\"member_id\": 55, \"task_name\": \"测试测试\"}', '127.0.0.1', 'Mozilla/5.0 (Windows NT 10.0; Win64; x64) AppleWebKit/537.36 (KHTML, like Gecko) Chrome/147.0.0.0 Safari/537.36', '2026-04-28 15:32:05');
INSERT INTO `audit_logs` VALUES (1151, 55, 'update', 'user', 55, '切换角色：从 组长 切换到 成员', 'null', '127.0.0.1', 'Mozilla/5.0 (Windows NT 10.0; Win64; x64) AppleWebKit/537.36 (KHTML, like Gecko) Chrome/147.0.0.0 Safari/537.36', '2026-04-28 15:32:10');
INSERT INTO `audit_logs` VALUES (1152, 55, 'accept', 'work_order', 108, '接单：WO82-R94-L55-1777332674', '{\"task_name\": \"测试测试\", \"work_order_no\": \"WO82-R94-L55-1777332674\"}', '127.0.0.1', 'Mozilla/5.0 (Windows NT 10.0; Win64; x64) AppleWebKit/537.36 (KHTML, like Gecko) Chrome/147.0.0.0 Safari/537.36', '2026-04-28 15:32:41');
INSERT INTO `audit_logs` VALUES (1153, 55, 'update', 'work_order', 108, '成员转单：WO82-R94-L55-1777332674，转给组内成员「test1」', '{\"reason\": null, \"new_status\": \"pending_accept\", \"old_status\": \"accepted\", \"target_mode\": \"member\", \"new_member_id\": 51, \"old_member_id\": 55, \"target_user_id\": 51, \"old_member_name\": \"测试组长\", \"target_user_name\": \"test1\", \"new_team_leader_id\": 55, \"old_team_leader_id\": 55, \"old_team_leader_name\": \"测试组长\"}', '127.0.0.1', 'Mozilla/5.0 (Windows NT 10.0; Win64; x64) AppleWebKit/537.36 (KHTML, like Gecko) Chrome/147.0.0.0 Safari/537.36', '2026-04-28 15:33:39');
INSERT INTO `audit_logs` VALUES (1154, 55, 'update', 'user', 55, '切换角色：从 成员 切换到 组长', 'null', '127.0.0.1', 'Mozilla/5.0 (Windows NT 10.0; Win64; x64) AppleWebKit/537.36 (KHTML, like Gecko) Chrome/147.0.0.0 Safari/537.36', '2026-04-28 15:34:17');
INSERT INTO `audit_logs` VALUES (1155, 51, 'update', 'user', 51, '切换角色：从 组长 切换到 成员', 'null', '127.0.0.1', 'Mozilla/5.0 (Windows NT 10.0; Win64; x64) AppleWebKit/537.36 (KHTML, like Gecko) Chrome/147.0.0.0 Safari/537.36', '2026-04-28 15:43:07');
INSERT INTO `audit_logs` VALUES (1156, 53, 'update', 'user', 53, '切换角色：从 销售单位接口人 切换到 专项任务发起人', 'null', '127.0.0.1', 'Mozilla/5.0 (Windows NT 10.0; Win64; x64) AppleWebKit/537.36 (KHTML, like Gecko) Chrome/147.0.0.0 Safari/537.36 Edg/147.0.0.0', '2026-04-28 15:51:01');
INSERT INTO `audit_logs` VALUES (1157, 53, 'create', 'task', 83, '创建任务：测试测试（发起人类型：专项任务发起人）', 'null', '127.0.0.1', 'Mozilla/5.0 (Windows NT 10.0; Win64; x64) AppleWebKit/537.36 (KHTML, like Gecko) Chrome/147.0.0.0 Safari/537.36 Edg/147.0.0.0', '2026-04-28 15:51:20');
INSERT INTO `audit_logs` VALUES (1158, 51, 'update', 'user', 51, '切换角色：从 成员 切换到 销售单位接口人', 'null', '127.0.0.1', 'Mozilla/5.0 (Windows NT 10.0; Win64; x64) AppleWebKit/537.36 (KHTML, like Gecko) Chrome/147.0.0.0 Safari/537.36', '2026-04-28 16:15:09');
INSERT INTO `audit_logs` VALUES (1159, 51, 'update', 'user', 51, '切换角色：从 销售单位接口人 切换到 组长', 'null', '127.0.0.1', 'Mozilla/5.0 (Windows NT 10.0; Win64; x64) AppleWebKit/537.36 (KHTML, like Gecko) Chrome/147.0.0.0 Safari/537.36', '2026-04-28 16:15:13');
INSERT INTO `audit_logs` VALUES (1160, 51, 'update', 'user', 51, '切换角色：从 组长 切换到 成员', 'null', '127.0.0.1', 'Mozilla/5.0 (Windows NT 10.0; Win64; x64) AppleWebKit/537.36 (KHTML, like Gecko) Chrome/147.0.0.0 Safari/537.36', '2026-04-28 16:15:16');
INSERT INTO `audit_logs` VALUES (1161, 51, 'update', 'user', 51, '切换角色：从 成员 切换到 组长', 'null', '127.0.0.1', 'Mozilla/5.0 (Windows NT 10.0; Win64; x64) AppleWebKit/537.36 (KHTML, like Gecko) Chrome/147.0.0.0 Safari/537.36', '2026-04-28 16:18:43');
INSERT INTO `audit_logs` VALUES (1162, 51, 'update', 'user', 51, '切换角色：从 组长 切换到 成员', 'null', '127.0.0.1', 'Mozilla/5.0 (Windows NT 10.0; Win64; x64) AppleWebKit/537.36 (KHTML, like Gecko) Chrome/147.0.0.0 Safari/537.36', '2026-04-28 16:18:50');
INSERT INTO `audit_logs` VALUES (1163, 51, 'update', 'user', 51, '切换角色：从 成员 切换到 销售单位接口人', 'null', '127.0.0.1', 'Mozilla/5.0 (Windows NT 10.0; Win64; x64) AppleWebKit/537.36 (KHTML, like Gecko) Chrome/147.0.0.0 Safari/537.36', '2026-04-28 16:18:55');
INSERT INTO `audit_logs` VALUES (1164, 51, 'update', 'user', 51, '切换角色：从 销售单位接口人 切换到 组长', 'null', '127.0.0.1', 'Mozilla/5.0 (Windows NT 10.0; Win64; x64) AppleWebKit/537.36 (KHTML, like Gecko) Chrome/147.0.0.0 Safari/537.36', '2026-04-28 16:20:32');
INSERT INTO `audit_logs` VALUES (1168, 36, 'update', 'user', 36, '切换角色：从 专项任务发起人 切换到 成员', 'null', '127.0.0.1', 'Mozilla/5.0 (Windows NT 10.0; Win64; x64) AppleWebKit/537.36 (KHTML, like Gecko) Chrome/147.0.0.0 Safari/537.36', '2026-05-06 11:00:13');
INSERT INTO `audit_logs` VALUES (1171, 36, 'update', 'user', 36, '切换角色：从 成员 切换到 组长', 'null', '127.0.0.1', 'Mozilla/5.0 (Windows NT 10.0; Win64; x64) AppleWebKit/537.36 (KHTML, like Gecko) Chrome/147.0.0.0 Safari/537.36', '2026-05-06 11:13:45');
INSERT INTO `audit_logs` VALUES (1172, 36, 'update', 'user', 36, '切换角色：从 组长 切换到 成员', 'null', '127.0.0.1', 'Mozilla/5.0 (Windows NT 10.0; Win64; x64) AppleWebKit/537.36 (KHTML, like Gecko) Chrome/147.0.0.0 Safari/537.36', '2026-05-06 11:13:51');
INSERT INTO `audit_logs` VALUES (1173, 36, 'update', 'user', 36, '切换角色：从 成员 切换到 专项任务发起人', 'null', '127.0.0.1', 'Mozilla/5.0 (Windows NT 10.0; Win64; x64) AppleWebKit/537.36 (KHTML, like Gecko) Chrome/147.0.0.0 Safari/537.36 Edg/147.0.0.0', '2026-05-06 13:56:37');
INSERT INTO `audit_logs` VALUES (1174, 36, 'create', 'task', 84, '创建任务：测试数据（发起人类型：专项任务发起人）', 'null', '127.0.0.1', 'Mozilla/5.0 (Windows NT 10.0; Win64; x64) AppleWebKit/537.36 (KHTML, like Gecko) Chrome/147.0.0.0 Safari/537.36 Edg/147.0.0.0', '2026-05-06 13:57:25');
INSERT INTO `audit_logs` VALUES (1175, 36, 'update', 'task', 84, '发起任务：测试数据（发起人类型：专项任务发起人）', 'null', '127.0.0.1', 'Mozilla/5.0 (Windows NT 10.0; Win64; x64) AppleWebKit/537.36 (KHTML, like Gecko) Chrome/147.0.0.0 Safari/537.36 Edg/147.0.0.0', '2026-05-06 13:57:30');
INSERT INTO `audit_logs` VALUES (1176, 1, 'confirm', 'task', 84, '确认任务：测试数据，已自动派发给 13 个销售单位接口人', 'null', '127.0.0.1', 'Mozilla/5.0 (Windows NT 10.0; Win64; x64) AppleWebKit/537.36 (KHTML, like Gecko) Chrome/147.0.0.0 Safari/537.36', '2026-05-06 13:57:43');
INSERT INTO `audit_logs` VALUES (1177, 36, 'update', 'user', 36, '切换角色：从 专项任务发起人 切换到 销售单位接口人', 'null', '127.0.0.1', 'Mozilla/5.0 (Windows NT 10.0; Win64; x64) AppleWebKit/537.36 (KHTML, like Gecko) Chrome/147.0.0.0 Safari/537.36 Edg/147.0.0.0', '2026-05-06 13:57:59');
INSERT INTO `audit_logs` VALUES (1178, 36, 'submit', 'task', 84, '提交详细需求单：测试数据，客户：建桥（未自动派单，待总管处理）', '{\"customer_source\": \"销售单位 - 宝山\", \"auto_dispatch_reason\": \"auto_dispatch_error:(pymysql.err.DataError) (1265, \\\"Data truncated for column \'status\' at row 1\\\")\\n[SQL: INSERT INTO work_orders (work_order_no, task_id, detail_requirement_id, dispatch_group_id, team_leader_id, member_id, status, accepted_at, completed_at, cancelled_at, cancellation_reason) VALUES (%(work_order_no)s, %(task_id)s, %(detail_requirement_id)s, %(dispatch_group_id)s, %(team_leader_id)s, %(member_id)s, %(status)s, %(accepted_at)s, %(completed_at)s, %(cancelled_at)s, %(cancellation_reason)s)]\\n[parameters: {\'work_order_no\': \'WO84-R95-G21-1778018314\', \'task_id\': 84, \'detail_requirement_id\': 95, \'dispatch_group_id\': 21, \'team_leader_id\': None, \'member_id\': None, \'status\': \'pending_group_claim\', \'accepted_at\': None, \'completed_at\': None, \'cancelled_at\': None, \'cancellation_reason\': None}]\\n(Background on this error at: https://sqlalche.me/e/20/9h9h)\", \"auto_dispatch_success\": false, \"detail_requirement_id\": 95}', '127.0.0.1', 'Mozilla/5.0 (Windows NT 10.0; Win64; x64) AppleWebKit/537.36 (KHTML, like Gecko) Chrome/147.0.0.0 Safari/537.36 Edg/147.0.0.0', '2026-05-06 13:58:34');
INSERT INTO `audit_logs` VALUES (1179, 36, 'update', 'user', 36, '切换角色：从 销售单位接口人 切换到 组长', 'null', '127.0.0.1', 'Mozilla/5.0 (Windows NT 10.0; Win64; x64) AppleWebKit/537.36 (KHTML, like Gecko) Chrome/147.0.0.0 Safari/537.36 Edg/147.0.0.0', '2026-05-06 13:58:46');
INSERT INTO `audit_logs` VALUES (1180, 36, 'update', 'user', 36, '切换角色：从 组长 切换到 销售单位接口人', 'null', '127.0.0.1', 'Mozilla/5.0 (Windows NT 10.0; Win64; x64) AppleWebKit/537.36 (KHTML, like Gecko) Chrome/147.0.0.0 Safari/537.36 Edg/147.0.0.0', '2026-05-06 13:58:55');
INSERT INTO `audit_logs` VALUES (1181, 36, 'update', 'user', 36, '切换角色：从 销售单位接口人 切换到 组长', 'null', '127.0.0.1', 'Mozilla/5.0 (Windows NT 10.0; Win64; x64) AppleWebKit/537.36 (KHTML, like Gecko) Chrome/147.0.0.0 Safari/537.36 Edg/147.0.0.0', '2026-05-06 13:59:22');
INSERT INTO `audit_logs` VALUES (1182, 51, 'update', 'user', 51, '切换角色：从 组长 切换到 销售单位接口人', 'null', '127.0.0.1', 'Mozilla/5.0 (Windows NT 10.0; Win64; x64) AppleWebKit/537.36 (KHTML, like Gecko) Chrome/147.0.0.0 Safari/537.36', '2026-05-06 14:00:55');
INSERT INTO `audit_logs` VALUES (1183, 51, 'submit', 'task', 84, '提交详细需求单：测试数据，客户：测试（未自动派单，待总管处理）', '{\"customer_source\": \"海卓\", \"auto_dispatch_reason\": \"unmatched_customer_source\", \"auto_dispatch_success\": false, \"detail_requirement_id\": 96}', '127.0.0.1', 'Mozilla/5.0 (Windows NT 10.0; Win64; x64) AppleWebKit/537.36 (KHTML, like Gecko) Chrome/147.0.0.0 Safari/537.36', '2026-05-06 14:01:39');
INSERT INTO `audit_logs` VALUES (1184, 51, 'update', 'user', 51, '切换角色：从 销售单位接口人 切换到 组长', 'null', '127.0.0.1', 'Mozilla/5.0 (Windows NT 10.0; Win64; x64) AppleWebKit/537.36 (KHTML, like Gecko) Chrome/147.0.0.0 Safari/537.36', '2026-05-06 14:01:47');
INSERT INTO `audit_logs` VALUES (1185, 51, 'update', 'user', 51, '切换角色：从 组长 切换到 成员', 'null', '127.0.0.1', 'Mozilla/5.0 (Windows NT 10.0; Win64; x64) AppleWebKit/537.36 (KHTML, like Gecko) Chrome/147.0.0.0 Safari/537.36', '2026-05-06 14:02:04');
INSERT INTO `audit_logs` VALUES (1186, 51, 'update', 'user', 51, '切换角色：从 成员 切换到 销售单位接口人', 'null', '127.0.0.1', 'Mozilla/5.0 (Windows NT 10.0; Win64; x64) AppleWebKit/537.36 (KHTML, like Gecko) Chrome/147.0.0.0 Safari/537.36', '2026-05-06 14:02:10');
INSERT INTO `audit_logs` VALUES (1187, 36, 'update', 'user', 36, '切换角色：从 组长 切换到 专项任务发起人', 'null', '127.0.0.1', 'Mozilla/5.0 (Windows NT 10.0; Win64; x64) AppleWebKit/537.36 (KHTML, like Gecko) Chrome/147.0.0.0 Safari/537.36 Edg/147.0.0.0', '2026-05-06 14:02:48');
INSERT INTO `audit_logs` VALUES (1188, 36, 'create', 'task', 85, '创建任务：测试（发起人类型：专项任务发起人）', 'null', '127.0.0.1', 'Mozilla/5.0 (Windows NT 10.0; Win64; x64) AppleWebKit/537.36 (KHTML, like Gecko) Chrome/147.0.0.0 Safari/537.36 Edg/147.0.0.0', '2026-05-06 14:03:11');
INSERT INTO `audit_logs` VALUES (1189, 36, 'update', 'task', 85, '发起任务：测试（发起人类型：专项任务发起人）', 'null', '127.0.0.1', 'Mozilla/5.0 (Windows NT 10.0; Win64; x64) AppleWebKit/537.36 (KHTML, like Gecko) Chrome/147.0.0.0 Safari/537.36 Edg/147.0.0.0', '2026-05-06 14:04:28');
INSERT INTO `audit_logs` VALUES (1190, 1, 'confirm', 'task', 85, '确认任务：测试，已自动派发给 2 个销售单位接口人', 'null', '127.0.0.1', 'Mozilla/5.0 (Windows NT 10.0; Win64; x64; rv:150.0) Gecko/20100101 Firefox/150.0', '2026-05-06 14:04:45');
INSERT INTO `audit_logs` VALUES (1191, 36, 'update', 'user', 36, '切换角色：从 专项任务发起人 切换到 销售单位接口人', 'null', '127.0.0.1', 'Mozilla/5.0 (Windows NT 10.0; Win64; x64) AppleWebKit/537.36 (KHTML, like Gecko) Chrome/147.0.0.0 Safari/537.36 Edg/147.0.0.0', '2026-05-06 14:05:14');
INSERT INTO `audit_logs` VALUES (1192, 36, 'update', 'user', 36, '切换角色：从 销售单位接口人 切换到 专项任务发起人', 'null', '127.0.0.1', 'Mozilla/5.0 (Windows NT 10.0; Win64; x64) AppleWebKit/537.36 (KHTML, like Gecko) Chrome/147.0.0.0 Safari/537.36 Edg/147.0.0.0', '2026-05-06 14:05:23');
INSERT INTO `audit_logs` VALUES (1193, 36, 'update', 'user', 36, '切换角色：从 专项任务发起人 切换到 销售单位接口人', 'null', '127.0.0.1', 'Mozilla/5.0 (Windows NT 10.0; Win64; x64) AppleWebKit/537.36 (KHTML, like Gecko) Chrome/147.0.0.0 Safari/537.36 Edg/147.0.0.0', '2026-05-06 14:05:44');
INSERT INTO `audit_logs` VALUES (1194, 36, 'update', 'user', 36, '切换角色：从 销售单位接口人 切换到 专项任务发起人', 'null', '127.0.0.1', 'Mozilla/5.0 (Windows NT 10.0; Win64; x64) AppleWebKit/537.36 (KHTML, like Gecko) Chrome/147.0.0.0 Safari/537.36 Edg/147.0.0.0', '2026-05-06 14:08:13');
INSERT INTO `audit_logs` VALUES (1195, 36, 'update', 'user', 36, '切换角色：从 专项任务发起人 切换到 销售单位接口人', 'null', '127.0.0.1', 'Mozilla/5.0 (Windows NT 10.0; Win64; x64) AppleWebKit/537.36 (KHTML, like Gecko) Chrome/147.0.0.0 Safari/537.36 Edg/147.0.0.0', '2026-05-06 14:09:16');
INSERT INTO `audit_logs` VALUES (1196, 49, 'assign', 'work_order', 104, '转派工单：WO82-R92-L49-1777330030，成员：hnlnw', '{\"member_id\": 49, \"task_name\": \"测试测试\"}', '127.0.0.1', 'Mozilla/5.0 (Windows NT 10.0; Win64; x64) AppleWebKit/537.36 (KHTML, like Gecko) Chrome/147.0.0.0 Safari/537.36', '2026-05-06 14:12:54');
INSERT INTO `audit_logs` VALUES (1197, 49, 'update', 'user', 49, '切换角色：从 组长 切换到 成员', 'null', '127.0.0.1', 'Mozilla/5.0 (Windows NT 10.0; Win64; x64) AppleWebKit/537.36 (KHTML, like Gecko) Chrome/147.0.0.0 Safari/537.36', '2026-05-06 14:13:03');
INSERT INTO `audit_logs` VALUES (1198, 49, 'update', 'user', 49, '切换角色：从 成员 切换到 组长', 'null', '127.0.0.1', 'Mozilla/5.0 (Windows NT 10.0; Win64; x64) AppleWebKit/537.36 (KHTML, like Gecko) Chrome/147.0.0.0 Safari/537.36', '2026-05-06 14:13:13');
INSERT INTO `audit_logs` VALUES (1199, 49, 'update', 'user', 49, '切换角色：从 组长 切换到 成员', 'null', '127.0.0.1', 'Mozilla/5.0 (Windows NT 10.0; Win64; x64) AppleWebKit/537.36 (KHTML, like Gecko) Chrome/147.0.0.0 Safari/537.36', '2026-05-06 14:13:30');
INSERT INTO `audit_logs` VALUES (1200, 49, 'update', 'user', 49, '切换角色：从 成员 切换到 组长', 'null', '127.0.0.1', 'Mozilla/5.0 (Windows NT 10.0; Win64; x64) AppleWebKit/537.36 (KHTML, like Gecko) Chrome/147.0.0.0 Safari/537.36', '2026-05-06 14:13:48');
INSERT INTO `audit_logs` VALUES (1201, 36, 'update', 'user', 36, '切换角色：从 销售单位接口人 切换到 专项任务发起人', 'null', '127.0.0.1', 'Mozilla/5.0 (Windows NT 10.0; Win64; x64) AppleWebKit/537.36 (KHTML, like Gecko) Chrome/147.0.0.0 Safari/537.36 Edg/147.0.0.0', '2026-05-06 14:14:09');
INSERT INTO `audit_logs` VALUES (1202, 36, 'update', 'user', 36, '切换角色：从 专项任务发起人 切换到 销售单位接口人', 'null', '127.0.0.1', 'Mozilla/5.0 (Windows NT 10.0; Win64; x64) AppleWebKit/537.36 (KHTML, like Gecko) Chrome/147.0.0.0 Safari/537.36 Edg/147.0.0.0', '2026-05-06 14:14:22');
INSERT INTO `audit_logs` VALUES (1203, 36, 'submit', 'task', 84, '提交详细需求单：测试数据，客户：hhhh（未自动派单，待总管处理）', '{\"customer_source\": \"销售单位 - 宝山\", \"auto_dispatch_reason\": \"auto_dispatch_error:(pymysql.err.DataError) (1265, \\\"Data truncated for column \'status\' at row 1\\\")\\n[SQL: INSERT INTO work_orders (work_order_no, task_id, detail_requirement_id, dispatch_group_id, team_leader_id, member_id, status, accepted_at, completed_at, cancelled_at, cancellation_reason) VALUES (%(work_order_no)s, %(task_id)s, %(detail_requirement_id)s, %(dispatch_group_id)s, %(team_leader_id)s, %(member_id)s, %(status)s, %(accepted_at)s, %(completed_at)s, %(cancelled_at)s, %(cancellation_reason)s)]\\n[parameters: {\'work_order_no\': \'WO84-R97-G21-1778019300\', \'task_id\': 84, \'detail_requirement_id\': 97, \'dispatch_group_id\': 21, \'team_leader_id\': None, \'member_id\': None, \'status\': \'pending_group_claim\', \'accepted_at\': None, \'completed_at\': None, \'cancelled_at\': None, \'cancellation_reason\': None}]\\n(Background on this error at: https://sqlalche.me/e/20/9h9h)\", \"auto_dispatch_success\": false, \"detail_requirement_id\": 97}', '127.0.0.1', 'Mozilla/5.0 (Windows NT 10.0; Win64; x64) AppleWebKit/537.36 (KHTML, like Gecko) Chrome/147.0.0.0 Safari/537.36 Edg/147.0.0.0', '2026-05-06 14:15:00');
INSERT INTO `audit_logs` VALUES (1204, 53, 'update', 'user', 53, '切换角色：从 专项任务发起人 切换到 销售单位接口人', 'null', '127.0.0.1', 'Mozilla/5.0 (Windows NT 10.0; Win64; x64) AppleWebKit/537.36 (KHTML, like Gecko) Chrome/147.0.0.0 Safari/537.36 Edg/147.0.0.0', '2026-05-06 14:20:16');
INSERT INTO `audit_logs` VALUES (1205, 53, 'submit', 'task', 84, '提交详细需求单：测试数据，客户：天翼云（未自动派单，待总管处理）', '{\"customer_source\": \"销售单位 - 战略BD\", \"auto_dispatch_reason\": \"auto_dispatch_error:(pymysql.err.DataError) (1265, \\\"Data truncated for column \'status\' at row 1\\\")\\n[SQL: INSERT INTO work_orders (work_order_no, task_id, detail_requirement_id, dispatch_group_id, team_leader_id, member_id, status, accepted_at, completed_at, cancelled_at, cancellation_reason) VALUES (%(work_order_no)s, %(task_id)s, %(detail_requirement_id)s, %(dispatch_group_id)s, %(team_leader_id)s, %(member_id)s, %(status)s, %(accepted_at)s, %(completed_at)s, %(cancelled_at)s, %(cancellation_reason)s)]\\n[parameters: {\'work_order_no\': \'WO84-R98-G19-1778019652\', \'task_id\': 84, \'detail_requirement_id\': 98, \'dispatch_group_id\': 19, \'team_leader_id\': None, \'member_id\': None, \'status\': \'pending_group_claim\', \'accepted_at\': None, \'completed_at\': None, \'cancelled_at\': None, \'cancellation_reason\': None}]\\n(Background on this error at: https://sqlalche.me/e/20/9h9h)\", \"auto_dispatch_success\": false, \"detail_requirement_id\": 98}', '127.0.0.1', 'Mozilla/5.0 (Windows NT 10.0; Win64; x64) AppleWebKit/537.36 (KHTML, like Gecko) Chrome/147.0.0.0 Safari/537.36 Edg/147.0.0.0', '2026-05-06 14:20:52');
INSERT INTO `audit_logs` VALUES (1206, 51, 'update', 'user', 51, '切换角色：从 销售单位接口人 切换到 组长', 'null', '127.0.0.1', 'Mozilla/5.0 (Windows NT 10.0; Win64; x64) AppleWebKit/537.36 (KHTML, like Gecko) Chrome/147.0.0.0 Safari/537.36', '2026-05-06 14:21:14');
INSERT INTO `audit_logs` VALUES (1207, 51, 'update', 'user', 51, '切换角色：从 组长 切换到 销售单位接口人', 'null', '127.0.0.1', 'Mozilla/5.0 (Windows NT 10.0; Win64; x64) AppleWebKit/537.36 (KHTML, like Gecko) Chrome/147.0.0.0 Safari/537.36', '2026-05-06 14:22:19');
INSERT INTO `audit_logs` VALUES (1208, 51, 'update', 'user', 51, '切换角色：从 销售单位接口人 切换到 组长', 'null', '127.0.0.1', 'Mozilla/5.0 (Windows NT 10.0; Win64; x64) AppleWebKit/537.36 (KHTML, like Gecko) Chrome/147.0.0.0 Safari/537.36', '2026-05-06 14:22:21');
INSERT INTO `audit_logs` VALUES (1209, 53, 'dispatch', 'task', 84, '自动派单详细需求：云能力（测试数据），组长：test1, 测试组长，匹配规则：group_A', '{\"auto_dispatch\": true, \"customer_unit\": \"云能力\", \"work_order_ids\": [109], \"team_leader_ids\": [51, 55], \"auto_dispatch_reason\": \"group_A\", \"detail_requirement_id\": 99}', '127.0.0.1', 'Mozilla/5.0 (Windows NT 10.0; Win64; x64) AppleWebKit/537.36 (KHTML, like Gecko) Chrome/147.0.0.0 Safari/537.36 Edg/147.0.0.0', '2026-05-06 14:36:56');
INSERT INTO `audit_logs` VALUES (1210, 53, 'submit', 'task', 84, '提交详细需求单：测试数据，客户：云能力（已自动派单）', '{\"customer_source\": \"销售单位 - 工商BD\", \"auto_dispatch_reason\": \"auto_dispatched_group_A_leaders_2\", \"auto_dispatch_success\": true, \"detail_requirement_id\": 99}', '127.0.0.1', 'Mozilla/5.0 (Windows NT 10.0; Win64; x64) AppleWebKit/537.36 (KHTML, like Gecko) Chrome/147.0.0.0 Safari/537.36 Edg/147.0.0.0', '2026-05-06 14:36:56');
INSERT INTO `audit_logs` VALUES (1211, 51, 'update', 'work_order', 109, '认领工单：WO84-R99-G19-1778020616', '{\"task_id\": 84}', '127.0.0.1', 'Mozilla/5.0 (Windows NT 10.0; Win64; x64) AppleWebKit/537.36 (KHTML, like Gecko) Chrome/147.0.0.0 Safari/537.36', '2026-05-06 14:37:18');
INSERT INTO `audit_logs` VALUES (1212, 51, 'assign', 'work_order', 109, '转派工单：WO84-R99-G19-1778020616，成员：test1', '{\"member_id\": 51, \"task_name\": \"测试数据\"}', '127.0.0.1', 'Mozilla/5.0 (Windows NT 10.0; Win64; x64) AppleWebKit/537.36 (KHTML, like Gecko) Chrome/147.0.0.0 Safari/537.36', '2026-05-06 14:38:04');
INSERT INTO `audit_logs` VALUES (1213, 51, 'update', 'user', 51, '切换角色：从 组长 切换到 成员', 'null', '127.0.0.1', 'Mozilla/5.0 (Windows NT 10.0; Win64; x64) AppleWebKit/537.36 (KHTML, like Gecko) Chrome/147.0.0.0 Safari/537.36', '2026-05-06 14:38:07');
INSERT INTO `audit_logs` VALUES (1214, 51, 'accept', 'work_order', 109, '接单：WO84-R99-G19-1778020616', '{\"task_name\": \"测试数据\", \"work_order_no\": \"WO84-R99-G19-1778020616\"}', '127.0.0.1', 'Mozilla/5.0 (Windows NT 10.0; Win64; x64) AppleWebKit/537.36 (KHTML, like Gecko) Chrome/147.0.0.0 Safari/537.36', '2026-05-06 14:38:17');
INSERT INTO `audit_logs` VALUES (1215, 1, 'dispatch', 'task', 84, '派单详细需求：天翼云（测试数据），组长：test1, 测试组长', '{\"auto_dispatch\": false, \"customer_unit\": \"天翼云\", \"work_order_ids\": [110], \"team_leader_ids\": [51, 55], \"auto_dispatch_reason\": null, \"detail_requirement_id\": 98}', '127.0.0.1', 'Mozilla/5.0 (Windows NT 10.0; Win64; x64; rv:150.0) Gecko/20100101 Firefox/150.0', '2026-05-06 14:43:04');
INSERT INTO `audit_logs` VALUES (1216, 53, 'dispatch', 'task', 84, '自动派单详细需求：认领（测试数据），组长：test1, 测试组长，匹配规则：group_A', '{\"auto_dispatch\": true, \"customer_unit\": \"认领\", \"work_order_ids\": [111], \"team_leader_ids\": [51, 55], \"auto_dispatch_reason\": \"group_A\", \"detail_requirement_id\": 100}', '127.0.0.1', 'Mozilla/5.0 (Windows NT 10.0; Win64; x64) AppleWebKit/537.36 (KHTML, like Gecko) Chrome/147.0.0.0 Safari/537.36 Edg/147.0.0.0', '2026-05-06 14:54:46');
INSERT INTO `audit_logs` VALUES (1217, 53, 'submit', 'task', 84, '提交详细需求单：测试数据，客户：认领（已自动派单）', '{\"customer_source\": \"销售单位 - 政务BD\", \"auto_dispatch_reason\": \"auto_dispatched_group_A_leaders_2\", \"auto_dispatch_success\": true, \"detail_requirement_id\": 100}', '127.0.0.1', 'Mozilla/5.0 (Windows NT 10.0; Win64; x64) AppleWebKit/537.36 (KHTML, like Gecko) Chrome/147.0.0.0 Safari/537.36 Edg/147.0.0.0', '2026-05-06 14:54:46');
INSERT INTO `audit_logs` VALUES (1218, 55, 'update', 'work_order', 111, '认领工单：WO84-R100-G19-1778021686', '{\"task_id\": 84}', '127.0.0.1', 'Mozilla/5.0 (Windows NT 10.0; Win64; x64) AppleWebKit/537.36 (KHTML, like Gecko) Chrome/147.0.0.0 Safari/537.36', '2026-05-06 14:55:29');
INSERT INTO `audit_logs` VALUES (1219, 55, 'update', 'work_order', 110, '认领工单：WO84-R98-G19-1778020984', '{\"task_id\": 84}', '127.0.0.1', 'Mozilla/5.0 (Windows NT 10.0; Win64; x64) AppleWebKit/537.36 (KHTML, like Gecko) Chrome/147.0.0.0 Safari/537.36', '2026-05-06 14:55:52');
INSERT INTO `audit_logs` VALUES (1220, 55, 'assign', 'work_order', 110, '转派工单：WO84-R98-G19-1778020984，成员：测试组长', '{\"member_id\": 55, \"task_name\": \"测试数据\"}', '127.0.0.1', 'Mozilla/5.0 (Windows NT 10.0; Win64; x64) AppleWebKit/537.36 (KHTML, like Gecko) Chrome/147.0.0.0 Safari/537.36', '2026-05-06 14:56:01');
INSERT INTO `audit_logs` VALUES (1221, 55, 'update', 'user', 55, '切换角色：从 组长 切换到 成员', 'null', '127.0.0.1', 'Mozilla/5.0 (Windows NT 10.0; Win64; x64) AppleWebKit/537.36 (KHTML, like Gecko) Chrome/147.0.0.0 Safari/537.36', '2026-05-06 14:56:05');
INSERT INTO `audit_logs` VALUES (1222, 53, 'dispatch', 'task', 84, '自动派单详细需求：认领2（测试数据），组长：test1, 测试组长，匹配规则：group_A', '{\"auto_dispatch\": true, \"customer_unit\": \"认领2\", \"work_order_ids\": [112], \"team_leader_ids\": [51, 55], \"auto_dispatch_reason\": \"group_A\", \"detail_requirement_id\": 101}', '127.0.0.1', 'Mozilla/5.0 (Windows NT 10.0; Win64; x64) AppleWebKit/537.36 (KHTML, like Gecko) Chrome/147.0.0.0 Safari/537.36 Edg/147.0.0.0', '2026-05-06 14:56:34');
INSERT INTO `audit_logs` VALUES (1223, 53, 'submit', 'task', 84, '提交详细需求单：测试数据，客户：认领2（已自动派单）', '{\"customer_source\": \"销售单位 - 政务BD\", \"auto_dispatch_reason\": \"auto_dispatched_group_A_leaders_2\", \"auto_dispatch_success\": true, \"detail_requirement_id\": 101}', '127.0.0.1', 'Mozilla/5.0 (Windows NT 10.0; Win64; x64) AppleWebKit/537.36 (KHTML, like Gecko) Chrome/147.0.0.0 Safari/537.36 Edg/147.0.0.0', '2026-05-06 14:56:34');
INSERT INTO `audit_logs` VALUES (1224, 55, 'update', 'user', 55, '切换角色：从 成员 切换到 组长', 'null', '127.0.0.1', 'Mozilla/5.0 (Windows NT 10.0; Win64; x64) AppleWebKit/537.36 (KHTML, like Gecko) Chrome/147.0.0.0 Safari/537.36', '2026-05-06 14:56:50');
INSERT INTO `audit_logs` VALUES (1225, 51, 'update', 'user', 51, '切换角色：从 成员 切换到 组长', 'null', '127.0.0.1', 'Mozilla/5.0 (Windows NT 10.0; Win64; x64) AppleWebKit/537.36 (KHTML, like Gecko) Chrome/147.0.0.0 Safari/537.36', '2026-05-06 14:57:10');
INSERT INTO `audit_logs` VALUES (1226, 51, 'update', 'work_order', 112, '认领工单：WO84-R101-G19-1778021794', '{\"task_id\": 84}', '127.0.0.1', 'Mozilla/5.0 (Windows NT 10.0; Win64; x64) AppleWebKit/537.36 (KHTML, like Gecko) Chrome/147.0.0.0 Safari/537.36', '2026-05-06 14:57:18');
INSERT INTO `audit_logs` VALUES (1227, 36, 'update', 'user', 36, '切换角色：从 销售单位接口人 切换到 专项任务发起人', 'null', '127.0.0.1', 'Mozilla/5.0 (Windows NT 10.0; Win64; x64) AppleWebKit/537.36 (KHTML, like Gecko) Chrome/147.0.0.0 Safari/537.36', '2026-05-06 15:40:48');
INSERT INTO `audit_logs` VALUES (1228, 36, 'update', 'user', 36, '切换角色：从 专项任务发起人 切换到 组长', 'null', '127.0.0.1', 'Mozilla/5.0 (Windows NT 10.0; Win64; x64) AppleWebKit/537.36 (KHTML, like Gecko) Chrome/147.0.0.0 Safari/537.36', '2026-05-06 15:40:53');
INSERT INTO `audit_logs` VALUES (1229, 36, 'update', 'user', 36, '切换角色：从 组长 切换到 成员', 'null', '127.0.0.1', 'Mozilla/5.0 (Windows NT 10.0; Win64; x64) AppleWebKit/537.36 (KHTML, like Gecko) Chrome/147.0.0.0 Safari/537.36', '2026-05-06 15:40:57');
INSERT INTO `audit_logs` VALUES (1230, 36, 'update', 'user', 36, '切换角色：从 成员 切换到 组长', 'null', '127.0.0.1', 'Mozilla/5.0 (Windows NT 10.0; Win64; x64) AppleWebKit/537.36 (KHTML, like Gecko) Chrome/147.0.0.0 Safari/537.36', '2026-05-08 10:08:21');
INSERT INTO `audit_logs` VALUES (1231, 36, 'update', 'user', 36, '切换角色：从 组长 切换到 销售单位接口人', 'null', '127.0.0.1', 'Mozilla/5.0 (Windows NT 10.0; Win64; x64) AppleWebKit/537.36 (KHTML, like Gecko) Chrome/147.0.0.0 Safari/537.36', '2026-05-08 10:08:43');
INSERT INTO `audit_logs` VALUES (1232, 36, 'dispatch', 'task', 84, '自动派单详细需求：百事应（测试数据），组长：asdad, hnlnw，匹配规则：group_C', '{\"auto_dispatch\": true, \"customer_unit\": \"百事应\", \"work_order_ids\": [113], \"team_leader_ids\": [37, 49], \"auto_dispatch_reason\": \"group_C\", \"detail_requirement_id\": 102}', '127.0.0.1', 'Mozilla/5.0 (Windows NT 10.0; Win64; x64) AppleWebKit/537.36 (KHTML, like Gecko) Chrome/147.0.0.0 Safari/537.36', '2026-05-08 10:10:18');
INSERT INTO `audit_logs` VALUES (1233, 36, 'submit', 'task', 84, '提交详细需求单：测试数据，客户：百事应（已自动派单）', '{\"customer_source\": \"销售单位 - 宝山\", \"auto_dispatch_reason\": \"auto_dispatched_group_C_leaders_2\", \"auto_dispatch_success\": true, \"detail_requirement_id\": 102}', '127.0.0.1', 'Mozilla/5.0 (Windows NT 10.0; Win64; x64) AppleWebKit/537.36 (KHTML, like Gecko) Chrome/147.0.0.0 Safari/537.36', '2026-05-08 10:10:18');
INSERT INTO `audit_logs` VALUES (1234, 37, 'update', 'work_order', 113, '认领工单：WO84-R102-G21-1778177418', '{\"task_id\": 84}', '127.0.0.1', 'Mozilla/5.0 (Windows NT 10.0; Win64; x64) AppleWebKit/537.36 (KHTML, like Gecko) Chrome/147.0.0.0 Safari/537.36', '2026-05-08 10:12:56');
INSERT INTO `audit_logs` VALUES (1235, 37, 'assign', 'work_order', 113, '转派工单：WO84-R102-G21-1778177418，成员：asdad', '{\"member_id\": 37, \"task_name\": \"测试数据\"}', '127.0.0.1', 'Mozilla/5.0 (Windows NT 10.0; Win64; x64) AppleWebKit/537.36 (KHTML, like Gecko) Chrome/147.0.0.0 Safari/537.36', '2026-05-08 10:13:00');
INSERT INTO `audit_logs` VALUES (1236, 37, 'update', 'user', 37, '切换角色：从 组长 切换到 成员', 'null', '127.0.0.1', 'Mozilla/5.0 (Windows NT 10.0; Win64; x64) AppleWebKit/537.36 (KHTML, like Gecko) Chrome/147.0.0.0 Safari/537.36', '2026-05-08 10:13:03');
INSERT INTO `audit_logs` VALUES (1237, 37, 'accept', 'work_order', 113, '接单：WO84-R102-G21-1778177418', '{\"task_name\": \"测试数据\", \"work_order_no\": \"WO84-R102-G21-1778177418\"}', '127.0.0.1', 'Mozilla/5.0 (Windows NT 10.0; Win64; x64) AppleWebKit/537.36 (KHTML, like Gecko) Chrome/147.0.0.0 Safari/537.36', '2026-05-08 10:13:07');
INSERT INTO `audit_logs` VALUES (1238, 37, 'create', 'visit_log', 68, '添加拜访日志：工单 WO84-R102-G21-1778177418', '{\"task_name\": \"测试数据\", \"visit_date\": \"2026-05-08\", \"work_order_id\": 113, \"work_order_no\": \"WO84-R102-G21-1778177418\", \"opportunity_no\": null}', '127.0.0.1', 'Mozilla/5.0 (Windows NT 10.0; Win64; x64) AppleWebKit/537.36 (KHTML, like Gecko) Chrome/147.0.0.0 Safari/537.36', '2026-05-08 10:14:59');
INSERT INTO `audit_logs` VALUES (1239, 37, 'update', 'work_order', 113, '创建拜访日志并标记工单已拜访：WO84-R102-G21-1778177418（已接单→已拜访）', '{\"trigger\": \"visit_log_created\", \"task_name\": \"测试数据\", \"new_status\": \"completed\", \"old_status\": \"accepted\"}', '127.0.0.1', 'Mozilla/5.0 (Windows NT 10.0; Win64; x64) AppleWebKit/537.36 (KHTML, like Gecko) Chrome/147.0.0.0 Safari/537.36', '2026-05-08 10:14:59');
INSERT INTO `audit_logs` VALUES (1240, 36, 'dispatch', 'task', 84, '自动派单详细需求：ADADSADAS（测试数据），组长：asdad, hnlnw，匹配规则：group_C', '{\"auto_dispatch\": true, \"customer_unit\": \"ADADSADAS\", \"work_order_ids\": [114], \"team_leader_ids\": [37, 49], \"auto_dispatch_reason\": \"group_C\", \"detail_requirement_id\": 103}', '127.0.0.1', 'Mozilla/5.0 (Windows NT 10.0; Win64; x64) AppleWebKit/537.36 (KHTML, like Gecko) Chrome/147.0.0.0 Safari/537.36', '2026-05-08 14:21:52');
INSERT INTO `audit_logs` VALUES (1241, 36, 'submit', 'task', 84, '提交详细需求单：测试数据，客户：ADADSADAS（已自动派单）', '{\"customer_source\": \"销售单位 - 宝山\", \"auto_dispatch_reason\": \"auto_dispatched_group_C_leaders_2\", \"auto_dispatch_success\": true, \"detail_requirement_id\": 103}', '127.0.0.1', 'Mozilla/5.0 (Windows NT 10.0; Win64; x64) AppleWebKit/537.36 (KHTML, like Gecko) Chrome/147.0.0.0 Safari/537.36', '2026-05-08 14:21:52');
INSERT INTO `audit_logs` VALUES (1242, 37, 'update', 'user', 37, '切换角色：从 成员 切换到 组长', 'null', '127.0.0.1', 'Mozilla/5.0 (Windows NT 10.0; Win64; x64; rv:150.0) Gecko/20100101 Firefox/150.0', '2026-05-08 14:23:40');
INSERT INTO `audit_logs` VALUES (1243, 37, 'update', 'work_order', 114, '认领工单：WO84-R103-G21-1778192512', '{\"task_id\": 84}', '127.0.0.1', 'Mozilla/5.0 (Windows NT 10.0; Win64; x64; rv:150.0) Gecko/20100101 Firefox/150.0', '2026-05-08 14:25:34');
INSERT INTO `audit_logs` VALUES (1244, 37, 'assign', 'work_order', 114, '转派工单：WO84-R103-G21-1778192512，成员：asdad', '{\"member_id\": 37, \"task_name\": \"测试数据\"}', '127.0.0.1', 'Mozilla/5.0 (Windows NT 10.0; Win64; x64; rv:150.0) Gecko/20100101 Firefox/150.0', '2026-05-08 14:25:41');
INSERT INTO `audit_logs` VALUES (1245, 37, 'update', 'user', 37, '切换角色：从 组长 切换到 成员', 'null', '127.0.0.1', 'Mozilla/5.0 (Windows NT 10.0; Win64; x64; rv:150.0) Gecko/20100101 Firefox/150.0', '2026-05-08 14:25:44');
INSERT INTO `audit_logs` VALUES (1246, 37, 'accept', 'work_order', 114, '接单：WO84-R103-G21-1778192512', '{\"task_name\": \"测试数据\", \"work_order_no\": \"WO84-R103-G21-1778192512\"}', '127.0.0.1', 'Mozilla/5.0 (Windows NT 10.0; Win64; x64; rv:150.0) Gecko/20100101 Firefox/150.0', '2026-05-08 14:27:04');
INSERT INTO `audit_logs` VALUES (1247, 37, 'create', 'visit_log', 69, '添加拜访日志：工单 WO84-R103-G21-1778192512', '{\"task_name\": \"测试数据\", \"visit_date\": \"2026-05-08\", \"work_order_id\": 114, \"work_order_no\": \"WO84-R103-G21-1778192512\", \"opportunity_no\": null}', '127.0.0.1', 'Mozilla/5.0 (Windows NT 10.0; Win64; x64; rv:150.0) Gecko/20100101 Firefox/150.0', '2026-05-08 14:28:09');
INSERT INTO `audit_logs` VALUES (1248, 37, 'update', 'work_order', 114, '创建拜访日志并标记工单已拜访：WO84-R103-G21-1778192512（已接单→已拜访）', '{\"trigger\": \"visit_log_created\", \"task_name\": \"测试数据\", \"new_status\": \"completed\", \"old_status\": \"accepted\"}', '127.0.0.1', 'Mozilla/5.0 (Windows NT 10.0; Win64; x64; rv:150.0) Gecko/20100101 Firefox/150.0', '2026-05-08 14:28:09');
INSERT INTO `audit_logs` VALUES (1249, 36, 'dispatch', 'task', 84, '自动派单详细需求：wdwqd（测试数据），组长：asdad, hnlnw，匹配规则：group_C', '{\"auto_dispatch\": true, \"customer_unit\": \"wdwqd\", \"work_order_ids\": [115], \"team_leader_ids\": [37, 49], \"auto_dispatch_reason\": \"group_C\", \"detail_requirement_id\": 104}', '127.0.0.1', 'Mozilla/5.0 (Windows NT 10.0; Win64; x64) AppleWebKit/537.36 (KHTML, like Gecko) Chrome/147.0.0.0 Safari/537.36', '2026-05-08 14:37:53');
INSERT INTO `audit_logs` VALUES (1250, 36, 'submit', 'task', 84, '提交详细需求单：测试数据，客户：wdwqd（已自动派单）', '{\"customer_source\": \"销售单位 - 宝山\", \"auto_dispatch_reason\": \"auto_dispatched_group_C_leaders_2\", \"auto_dispatch_success\": true, \"detail_requirement_id\": 104}', '127.0.0.1', 'Mozilla/5.0 (Windows NT 10.0; Win64; x64) AppleWebKit/537.36 (KHTML, like Gecko) Chrome/147.0.0.0 Safari/537.36', '2026-05-08 14:37:53');
INSERT INTO `audit_logs` VALUES (1251, 37, 'update', 'user', 37, '切换角色：从 成员 切换到 组长', 'null', '127.0.0.1', 'Mozilla/5.0 (Windows NT 10.0; Win64; x64; rv:150.0) Gecko/20100101 Firefox/150.0', '2026-05-08 14:38:18');
INSERT INTO `audit_logs` VALUES (1252, 37, 'update', 'work_order', 115, '认领工单：WO84-R104-G21-1778193473', '{\"task_id\": 84}', '127.0.0.1', 'Mozilla/5.0 (Windows NT 10.0; Win64; x64; rv:150.0) Gecko/20100101 Firefox/150.0', '2026-05-08 14:39:18');
INSERT INTO `audit_logs` VALUES (1253, 37, 'assign', 'work_order', 115, '转派工单：WO84-R104-G21-1778193473，成员：asdad', '{\"member_id\": 37, \"task_name\": \"测试数据\"}', '127.0.0.1', 'Mozilla/5.0 (Windows NT 10.0; Win64; x64; rv:150.0) Gecko/20100101 Firefox/150.0', '2026-05-08 15:01:14');
INSERT INTO `audit_logs` VALUES (1254, 37, 'update', 'user', 37, '切换角色：从 组长 切换到 成员', 'null', '127.0.0.1', 'Mozilla/5.0 (Windows NT 10.0; Win64; x64; rv:150.0) Gecko/20100101 Firefox/150.0', '2026-05-08 15:01:19');
INSERT INTO `audit_logs` VALUES (1255, 37, 'accept', 'work_order', 115, '接单：WO84-R104-G21-1778193473', '{\"task_name\": \"测试数据\", \"work_order_no\": \"WO84-R104-G21-1778193473\"}', '127.0.0.1', 'Mozilla/5.0 (Windows NT 10.0; Win64; x64; rv:150.0) Gecko/20100101 Firefox/150.0', '2026-05-08 15:01:30');

-- ----------------------------
-- Table structure for collaborative_members
-- ----------------------------
DROP TABLE IF EXISTS `collaborative_members`;
CREATE TABLE `collaborative_members`  (
  `id` int(11) NOT NULL AUTO_INCREMENT,
  `opportunity_id` int(11) NOT NULL COMMENT '商机ID',
  `member_id` int(11) NOT NULL COMMENT '成员ID',
  `role` varchar(100) CHARACTER SET utf8mb4 COLLATE utf8mb4_unicode_ci NULL DEFAULT NULL COMMENT '协同角色',
  `description` text CHARACTER SET utf8mb4 COLLATE utf8mb4_unicode_ci NULL COMMENT '协同说明',
  `created_at` datetime NULL DEFAULT CURRENT_TIMESTAMP COMMENT '创建时间',
  PRIMARY KEY (`id`) USING BTREE,
  INDEX `opportunity_id`(`opportunity_id`) USING BTREE,
  INDEX `member_id`(`member_id`) USING BTREE,
  INDEX `ix_collaborative_members_id`(`id`) USING BTREE,
  CONSTRAINT `collaborative_members_ibfk_1` FOREIGN KEY (`opportunity_id`) REFERENCES `opportunities` (`id`) ON DELETE RESTRICT ON UPDATE RESTRICT,
  CONSTRAINT `collaborative_members_ibfk_2` FOREIGN KEY (`member_id`) REFERENCES `users` (`id`) ON DELETE RESTRICT ON UPDATE RESTRICT
) ENGINE = InnoDB AUTO_INCREMENT = 2 CHARACTER SET = utf8mb4 COLLATE = utf8mb4_unicode_ci ROW_FORMAT = Dynamic;

-- ----------------------------
-- Records of collaborative_members
-- ----------------------------
INSERT INTO `collaborative_members` VALUES (1, 3, 5, 'asda', 'ada', '2026-01-15 10:31:26');

-- ----------------------------
-- Table structure for group_leaders
-- ----------------------------
DROP TABLE IF EXISTS `group_leaders`;
CREATE TABLE `group_leaders`  (
  `group_id` int(11) NOT NULL COMMENT '组ID',
  `user_id` int(11) NOT NULL COMMENT '组长ID',
  `created_at` datetime(6) NOT NULL DEFAULT CURRENT_TIMESTAMP(6) COMMENT '成为组长时间',
  PRIMARY KEY (`group_id`, `user_id`) USING BTREE,
  UNIQUE INDEX `idx_group_leader`(`group_id`, `user_id`) USING BTREE,
  UNIQUE INDEX `idx_group_leaders_user_id_unique`(`user_id`) USING BTREE,
  INDEX `idx_group_leaders_group_id`(`group_id`) USING BTREE,
  INDEX `idx_group_leaders_user_id`(`user_id`) USING BTREE,
  CONSTRAINT `fk_group_leaders_group_id` FOREIGN KEY (`group_id`) REFERENCES `groups` (`id`) ON DELETE CASCADE ON UPDATE RESTRICT,
  CONSTRAINT `fk_group_leaders_user_id` FOREIGN KEY (`user_id`) REFERENCES `users` (`id`) ON DELETE CASCADE ON UPDATE RESTRICT
) ENGINE = InnoDB CHARACTER SET = utf8mb4 COLLATE = utf8mb4_unicode_ci COMMENT = '组组长关联表（支持多个组长）' ROW_FORMAT = Dynamic;

-- ----------------------------
-- Records of group_leaders
-- ----------------------------
INSERT INTO `group_leaders` VALUES (14, 4, '2026-01-14 13:21:06.000000');
INSERT INTO `group_leaders` VALUES (15, 9, '2026-01-14 13:26:27.000000');
INSERT INTO `group_leaders` VALUES (16, 53, '2026-04-28 10:37:12.830632');
INSERT INTO `group_leaders` VALUES (17, 35, '2026-01-15 14:08:15.000000');
INSERT INTO `group_leaders` VALUES (18, 6, '2026-01-20 09:42:46.485527');
INSERT INTO `group_leaders` VALUES (19, 51, '2026-04-28 09:51:34.543485');
INSERT INTO `group_leaders` VALUES (19, 55, '2026-04-28 14:10:27.371670');
INSERT INTO `group_leaders` VALUES (20, 50, '2026-04-27 14:53:19.668697');
INSERT INTO `group_leaders` VALUES (21, 37, '2026-04-22 15:01:01.136489');
INSERT INTO `group_leaders` VALUES (21, 49, '2026-04-24 14:46:45.146805');

-- ----------------------------
-- Table structure for group_members
-- ----------------------------
DROP TABLE IF EXISTS `group_members`;
CREATE TABLE `group_members`  (
  `group_id` int(11) NOT NULL,
  `user_id` int(11) NOT NULL,
  `created_at` datetime NULL DEFAULT CURRENT_TIMESTAMP,
  PRIMARY KEY (`group_id`, `user_id`) USING BTREE,
  INDEX `user_id`(`user_id`) USING BTREE,
  INDEX `idx_group_member`(`group_id`, `user_id`) USING BTREE,
  CONSTRAINT `group_members_ibfk_1` FOREIGN KEY (`group_id`) REFERENCES `groups` (`id`) ON DELETE CASCADE ON UPDATE RESTRICT,
  CONSTRAINT `group_members_ibfk_2` FOREIGN KEY (`user_id`) REFERENCES `users` (`id`) ON DELETE CASCADE ON UPDATE RESTRICT
) ENGINE = InnoDB CHARACTER SET = utf8mb4 COLLATE = utf8mb4_unicode_ci ROW_FORMAT = Dynamic;

-- ----------------------------
-- Records of group_members
-- ----------------------------
INSERT INTO `group_members` VALUES (14, 7, '2026-01-18 10:14:39');
INSERT INTO `group_members` VALUES (15, 5, '2026-01-21 10:04:15');
INSERT INTO `group_members` VALUES (15, 7, '2026-01-21 10:04:15');
INSERT INTO `group_members` VALUES (15, 35, '2026-01-14 13:26:27');
INSERT INTO `group_members` VALUES (16, 47, '2026-04-09 17:06:47');
INSERT INTO `group_members` VALUES (16, 53, '2026-04-28 10:37:21');
INSERT INTO `group_members` VALUES (17, 8, '2026-01-15 14:08:15');
INSERT INTO `group_members` VALUES (17, 35, '2026-04-22 14:16:23');
INSERT INTO `group_members` VALUES (17, 37, '2026-01-15 14:08:15');
INSERT INTO `group_members` VALUES (18, 5, '2026-01-20 09:42:59');
INSERT INTO `group_members` VALUES (18, 7, '2026-01-21 10:04:09');
INSERT INTO `group_members` VALUES (18, 8, '2026-01-21 10:04:09');
INSERT INTO `group_members` VALUES (19, 36, '2026-05-06 11:00:01');
INSERT INTO `group_members` VALUES (19, 37, '2026-04-22 14:59:57');
INSERT INTO `group_members` VALUES (19, 51, '2026-04-28 10:11:42');
INSERT INTO `group_members` VALUES (19, 55, '2026-04-28 14:15:21');
INSERT INTO `group_members` VALUES (20, 46, '2026-04-22 15:00:37');
INSERT INTO `group_members` VALUES (21, 37, '2026-04-22 15:04:32');
INSERT INTO `group_members` VALUES (21, 47, '2026-04-22 15:01:01');
INSERT INTO `group_members` VALUES (21, 49, '2026-04-24 15:27:31');

-- ----------------------------
-- Table structure for groups
-- ----------------------------
DROP TABLE IF EXISTS `groups`;
CREATE TABLE `groups`  (
  `id` int(11) NOT NULL AUTO_INCREMENT,
  `name` varchar(100) CHARACTER SET utf8mb4 COLLATE utf8mb4_unicode_ci NOT NULL,
  `leader_id` int(11) NULL DEFAULT NULL,
  `description` varchar(500) CHARACTER SET utf8mb4 COLLATE utf8mb4_unicode_ci NULL DEFAULT NULL,
  `created_at` datetime NULL DEFAULT CURRENT_TIMESTAMP,
  `updated_at` datetime NULL DEFAULT CURRENT_TIMESTAMP ON UPDATE CURRENT_TIMESTAMP,
  PRIMARY KEY (`id`) USING BTREE,
  INDEX `leader_id`(`leader_id`) USING BTREE,
  CONSTRAINT `groups_ibfk_1` FOREIGN KEY (`leader_id`) REFERENCES `users` (`id`) ON DELETE SET NULL ON UPDATE RESTRICT
) ENGINE = InnoDB AUTO_INCREMENT = 22 CHARACTER SET = utf8mb4 COLLATE = utf8mb4_unicode_ci ROW_FORMAT = Dynamic;

-- ----------------------------
-- Records of groups
-- ----------------------------
INSERT INTO `groups` VALUES (14, '海卓组', 4, '公司描述', '2026-01-14 13:21:06', '2026-01-16 15:19:21');
INSERT INTO `groups` VALUES (15, '阿网组', 9, '测试', '2026-01-14 13:26:27', '2026-01-16 15:19:27');
INSERT INTO `groups` VALUES (16, '云能力中心组', 53, 'test12', '2026-01-14 15:03:12', '2026-05-06 11:00:52');
INSERT INTO `groups` VALUES (17, '区局组', 35, 'qdwqaxcasc', '2026-01-15 14:08:15', '2026-01-18 10:14:56');
INSERT INTO `groups` VALUES (18, '恒联组', 6, '恒联组', '2026-01-20 09:42:46', '2026-01-20 09:42:46');
INSERT INTO `groups` VALUES (19, 'A组', 51, '海卓', '2026-04-22 14:59:57', '2026-04-28 09:51:34');
INSERT INTO `groups` VALUES (20, 'B组', 50, '阿网', '2026-04-22 15:00:37', '2026-04-27 14:53:19');
INSERT INTO `groups` VALUES (21, 'C组', 37, '恒联', '2026-04-22 15:01:01', '2026-04-22 15:01:01');

-- ----------------------------
-- Table structure for leads
-- ----------------------------
DROP TABLE IF EXISTS `leads`;
CREATE TABLE `leads`  (
  `id` int(11) NOT NULL AUTO_INCREMENT,
  `visit_log_id` int(11) NOT NULL COMMENT '拜访日志ID',
  `task_id` int(11) NOT NULL COMMENT '所属任务ID',
  `member_id` int(11) NOT NULL COMMENT '成员ID',
  `customer_name` varchar(200) CHARACTER SET utf8mb4 COLLATE utf8mb4_unicode_ci NOT NULL COMMENT '客户名称',
  `requirement_direction` text CHARACTER SET utf8mb4 COLLATE utf8mb4_unicode_ci NOT NULL COMMENT '客户需求方向（JSON数组格式，支持多选）',
  `detail_description` text CHARACTER SET utf8mb4 COLLATE utf8mb4_unicode_ci NOT NULL COMMENT '详细需求描述',
  `created_at` datetime NULL DEFAULT CURRENT_TIMESTAMP COMMENT '创建时间',
  `updated_at` datetime NULL DEFAULT CURRENT_TIMESTAMP COMMENT '更新时间',
  PRIMARY KEY (`id`) USING BTREE,
  INDEX `task_id`(`task_id`) USING BTREE,
  INDEX `member_id`(`member_id`) USING BTREE,
  INDEX `ix_leads_id`(`id`) USING BTREE,
  INDEX `idx_visit_log_id`(`visit_log_id`) USING BTREE,
  CONSTRAINT `fk_leads_visit_log_id` FOREIGN KEY (`visit_log_id`) REFERENCES `visit_logs` (`id`) ON DELETE CASCADE ON UPDATE CASCADE,
  CONSTRAINT `leads_ibfk_1` FOREIGN KEY (`task_id`) REFERENCES `tasks` (`id`) ON DELETE RESTRICT ON UPDATE RESTRICT,
  CONSTRAINT `leads_ibfk_2` FOREIGN KEY (`member_id`) REFERENCES `users` (`id`) ON DELETE RESTRICT ON UPDATE RESTRICT
) ENGINE = InnoDB AUTO_INCREMENT = 19 CHARACTER SET = utf8mb4 COLLATE = utf8mb4_unicode_ci ROW_FORMAT = Dynamic;

-- ----------------------------
-- Records of leads
-- ----------------------------
INSERT INTO `leads` VALUES (2, 7, 29, 5, 'wdasd', '算力 - 国产算力', 'qweqeq', '2026-01-15 09:45:55', '2026-01-15 09:45:55');
INSERT INTO `leads` VALUES (3, 8, 29, 5, 'qweqe', '模型 - 通用大模型', 'wwdasf', '2026-01-15 09:57:54', '2026-01-15 09:57:54');
INSERT INTO `leads` VALUES (4, 9, 11, 5, 'asdsada', '模型 - 编程大模型', 'asdas', '2026-01-15 10:05:59', '2026-01-15 10:05:59');
INSERT INTO `leads` VALUES (5, 9, 11, 5, 'asdsada', '算力 - 国产算力', 'wdqw', '2026-01-15 10:12:27', '2026-01-15 10:12:27');
INSERT INTO `leads` VALUES (6, 10, 4, 5, 'asdas', '算力 - 国产算力', 'dqwd', '2026-01-15 11:21:08', '2026-01-15 11:21:08');
INSERT INTO `leads` VALUES (7, 3, 11, 5, 'qwdqd', '算力 - 英伟达算力', 'qwdq', '2026-01-15 14:26:06', '2026-01-15 14:26:06');
INSERT INTO `leads` VALUES (8, 11, 9, 5, 'adqd', '模型 - 编程大模型', 'qwdqwd', '2026-01-16 09:38:24', '2026-01-16 09:38:24');
INSERT INTO `leads` VALUES (9, 12, 37, 5, 'asdas', '定制化AI应用服务', 'asd', '2026-01-16 11:17:29', '2026-01-16 11:17:29');
INSERT INTO `leads` VALUES (10, 16, 39, 5, 'qdqwd', '模型 - 编程大模型', 'qwdq', '2026-01-16 14:21:13', '2026-01-16 14:21:13');
INSERT INTO `leads` VALUES (11, 15, 20, 5, 'qwdqdq', '模型 - 编程大模型', 'wqdq', '2026-01-16 14:22:47', '2026-01-16 14:22:47');
INSERT INTO `leads` VALUES (12, 13, 29, 5, 'asdsa', '模型 - 编程大模型', 'asdas', '2026-01-16 14:30:27', '2026-01-16 14:30:27');
INSERT INTO `leads` VALUES (13, 9, 11, 5, 'asdada', '应用 - AI编程', 'ewfwe', '2026-01-16 14:51:45', '2026-01-16 14:51:45');
INSERT INTO `leads` VALUES (14, 17, 39, 5, 'qwqd', '模型 - 编程大模型', 'wqdq', '2026-01-16 15:03:33', '2026-01-16 15:03:33');
INSERT INTO `leads` VALUES (15, 17, 39, 5, 'fewfaf', '算力 - 英伟达算力', 'qwdq', '2026-01-17 23:14:01', '2026-01-17 23:14:01');
INSERT INTO `leads` VALUES (16, 17, 39, 5, 'asda', '[\"模型 - 编程大模型\",\"模型 - 多模态大模型\",\"算力 - 英伟达算力\",\"应用 - AI文宣\",\"应用 - AI招聘\",\"应用 - AI编程\",\"test6\",\"ddadfq\",\"xasx\",\"adasd\"]', 'wdqw', '2026-01-20 09:10:17', '2026-01-20 09:10:17');
INSERT INTO `leads` VALUES (17, 15, 20, 5, 'qwdwqdq', '[\"算力 - 英伟达算力\",\"模型 - 多模态大模型\",\"应用 - AI编程\",\"应用 - AI招聘\",\"定制化AI应用服务\",\"test2\",\"test6\",\"ddadfq\"]', 'qwdqw', '2026-01-20 09:11:20', '2026-01-20 09:11:20');
INSERT INTO `leads` VALUES (18, 25, 72, 36, '测距', '[\"算力 - 国产算力\"]', '我', '2026-04-07 16:12:55', '2026-04-07 16:12:55');

-- ----------------------------
-- Table structure for notifications
-- ----------------------------
DROP TABLE IF EXISTS `notifications`;
CREATE TABLE `notifications`  (
  `id` int(11) NOT NULL AUTO_INCREMENT,
  `user_id` int(11) NOT NULL COMMENT '接收用户ID',
  `notification_type` varchar(50) CHARACTER SET utf8mb4 COLLATE utf8mb4_unicode_ci NOT NULL COMMENT '通知类型',
  `title` varchar(200) CHARACTER SET utf8mb4 COLLATE utf8mb4_unicode_ci NOT NULL COMMENT '通知标题',
  `content` text CHARACTER SET utf8mb4 COLLATE utf8mb4_unicode_ci NULL COMMENT '通知内容',
  `resource_type` varchar(50) CHARACTER SET utf8mb4 COLLATE utf8mb4_unicode_ci NULL DEFAULT NULL COMMENT '关联资源类型（task/work_order/opportunity等）',
  `resource_id` int(11) NULL DEFAULT NULL COMMENT '关联资源ID',
  `is_read` tinyint(1) NULL DEFAULT NULL COMMENT '是否已读',
  `created_at` datetime NULL DEFAULT CURRENT_TIMESTAMP COMMENT '创建时间',
  `read_at` datetime NULL DEFAULT NULL COMMENT '已读时间',
  PRIMARY KEY (`id`) USING BTREE,
  INDEX `ix_notifications_is_read`(`is_read`) USING BTREE,
  INDEX `ix_notifications_created_at`(`created_at`) USING BTREE,
  INDEX `ix_notifications_id`(`id`) USING BTREE,
  INDEX `ix_notifications_resource_id`(`resource_id`) USING BTREE,
  INDEX `ix_notifications_user_id`(`user_id`) USING BTREE,
  CONSTRAINT `notifications_ibfk_1` FOREIGN KEY (`user_id`) REFERENCES `users` (`id`) ON DELETE RESTRICT ON UPDATE RESTRICT
) ENGINE = InnoDB AUTO_INCREMENT = 928 CHARACTER SET = utf8mb4 COLLATE = utf8mb4_unicode_ci ROW_FORMAT = Dynamic;

-- ----------------------------
-- Records of notifications
-- ----------------------------
INSERT INTO `notifications` VALUES (1, 10, 'task_confirmed', '任务已确认：asda', '任务「asda」已被总管确认，请填写详细需求单。', 'task', 9, 1, '2026-01-06 11:31:37', '2026-01-12 02:02:40');
INSERT INTO `notifications` VALUES (2, 10, 'task_confirmed', '任务已确认：asdas', '任务「asdas」已被总管确认，请填写详细需求单。', 'task', 10, 1, '2026-01-06 11:38:01', '2026-01-06 03:38:47');
INSERT INTO `notifications` VALUES (3, 1, 'task_detail_submitted', '详细需求已提交：asdas', '任务「asdas」的详细需求单已提交，请进行派单。', 'task', 10, 1, '2026-01-06 11:38:53', '2026-01-06 05:27:28');
INSERT INTO `notifications` VALUES (4, 6, 'task_dispatched', '任务已派单：asdas', '任务「asdas」已派单给您，请转派给具体成员。', 'task', 10, 1, '2026-01-06 11:39:13', '2026-01-12 02:09:14');
INSERT INTO `notifications` VALUES (5, 7, 'work_order_assigned', '工单已分配：WO10-1767641953', '工单「WO10-1767641953」已分配给您，请及时接单。', 'work_order', 5, 1, '2026-01-06 11:39:26', '2026-01-06 03:40:14');
INSERT INTO `notifications` VALUES (6, 6, 'work_order_accepted', '工单已接单：WO10-1767641953', '工单「WO10-1767641953」已被成员接单。', 'work_order', 5, 1, '2026-01-06 11:40:00', '2026-01-12 02:09:23');
INSERT INTO `notifications` VALUES (7, 1, 'user_registration_pending', '新用户注册待审核：杨振很难', '用户「杨振很难」（qwertyui）已提交注册申请，请及时审核。', 'user', 24, 1, '2026-01-07 14:26:16', '2026-01-07 06:50:08');
INSERT INTO `notifications` VALUES (9, 1, 'user_registration_pending', '新用户注册待审核：yangzhe顺利', '用户「yangzhe顺利」（asdfghjk）已提交注册申请，请及时审核。', 'user', 25, 1, '2026-01-07 14:38:26', '2026-01-07 06:50:09');
INSERT INTO `notifications` VALUES (11, 1, 'user_registration_pending', '新用户注册待审核：杨振楠', '用户「杨振楠」（tetyeyyey）已提交注册申请，请及时审核。', 'user', 26, 1, '2026-01-07 14:52:22', '2026-01-07 06:56:09');
INSERT INTO `notifications` VALUES (12, 1, 'user_registration_pending', '新用户注册待审核：ada', '用户「ada」（adas）已提交注册申请，请及时审核。', 'user', 27, 1, '2026-01-07 14:55:56', '2026-01-07 06:56:10');
INSERT INTO `notifications` VALUES (15, 1, 'user_registration_pending', '新用户注册待审核：uyjin', '用户「uyjin」（fewgreger）已提交注册申请，请及时审核。', 'user', 28, 1, '2026-01-07 15:13:11', '2026-01-07 07:13:28');
INSERT INTO `notifications` VALUES (16, 1, 'user_registration_pending', '新用户注册待审核：asdasdasda', '用户「asdasdasda」（ada）已提交注册申请，请及时审核。', 'user', 29, 1, '2026-01-07 16:48:32', '2026-01-08 00:45:16');
INSERT INTO `notifications` VALUES (19, 1, 'user_registration_pending', '新用户注册待审核：asdasdasdfa', '用户「asdasdasdfa」（asdasfdas）已提交注册申请，请及时审核。', 'user', 30, 1, '2026-01-08 09:09:00', '2026-01-08 01:09:20');
INSERT INTO `notifications` VALUES (21, 3, 'task_confirmed', '任务已确认：晓助理', '任务「晓助理」已被总管确认，请填写详细需求单。', 'task', 11, 1, '2026-01-09 14:09:31', '2026-01-09 06:11:17');
INSERT INTO `notifications` VALUES (22, 1, 'task_detail_submitted', '详细需求已提交：晓助理', '任务「晓助理」的详细需求单已提交，请进行派单。', 'task', 11, 1, '2026-01-09 14:12:02', '2026-01-09 06:12:15');
INSERT INTO `notifications` VALUES (23, 4, 'task_dispatched', '任务已派单：晓助理', '任务「晓助理」已派单给您，请转派给具体成员。', 'task', 11, 1, '2026-01-09 14:12:22', '2026-01-09 06:12:34');
INSERT INTO `notifications` VALUES (24, 5, 'work_order_assigned', '工单已分配：WO11-1767910342', '工单「WO11-1767910342」已分配给您，请及时接单。', 'work_order', 6, 1, '2026-01-09 14:13:49', '2026-01-09 06:21:11');
INSERT INTO `notifications` VALUES (25, 4, 'work_order_accepted', '工单已接单：WO11-1767910342', '工单「WO11-1767910342」已被成员接单。', 'work_order', 6, 1, '2026-01-09 14:21:08', '2026-01-12 01:59:52');
INSERT INTO `notifications` VALUES (26, 1, 'task_pending', '待确认任务：dwd', '任务「dwd」（销售单位：qwdqw）已创建，等待您的确认。', 'task', 24, 1, '2026-01-12 09:50:27', '2026-01-12 01:56:40');
INSERT INTO `notifications` VALUES (27, 3, 'task_confirmed', '任务已确认：dwd', '任务「dwd」已被总管确认，请填写详细需求单。', 'task', 24, 1, '2026-01-12 09:57:56', '2026-01-12 01:58:12');
INSERT INTO `notifications` VALUES (28, 1, 'task_detail_submitted', '详细需求已提交：dwd', '任务「dwd」的详细需求单已提交，请进行派单。', 'task', 24, 1, '2026-01-12 09:58:17', '2026-01-12 01:58:30');
INSERT INTO `notifications` VALUES (29, 4, 'task_dispatched', '任务已派单：dwd', '任务「dwd」已派单给您，请转派给具体成员。', 'task', 24, 1, '2026-01-12 09:58:34', '2026-01-12 01:59:45');
INSERT INTO `notifications` VALUES (30, 10, 'task_confirmed', '任务已确认：asda', '任务「asda」已被总管确认，请填写详细需求单。', 'task', 23, 1, '2026-01-12 10:01:58', '2026-01-12 02:02:14');
INSERT INTO `notifications` VALUES (31, 1, 'task_detail_submitted', '详细需求已提交：asda', '任务「asda」的详细需求单已提交，请进行派单。', 'task', 9, 1, '2026-01-12 10:02:43', '2026-01-12 02:14:00');
INSERT INTO `notifications` VALUES (32, 1, 'task_detail_submitted', '详细需求已提交：asda', '任务「asda」的详细需求单已提交，请进行派单。', 'task', 23, 1, '2026-01-12 10:02:49', '2026-01-12 02:03:10');
INSERT INTO `notifications` VALUES (33, 6, 'task_dispatched', '任务已派单：asda', '任务「asda」已派单给您，请转派给具体成员。', 'task', 23, 1, '2026-01-12 10:03:14', '2026-01-12 02:04:08');
INSERT INTO `notifications` VALUES (34, 10, 'task_confirmed', '任务已确认：asda', '任务「asda」已被总管确认，请填写详细需求单。', 'task', 22, 1, '2026-01-12 10:10:20', '2026-01-12 02:10:36');
INSERT INTO `notifications` VALUES (35, 1, 'task_detail_submitted', '详细需求已提交：asda', '任务「asda」的详细需求单已提交，请进行派单。', 'task', 22, 1, '2026-01-12 10:10:39', '2026-01-12 02:10:51');
INSERT INTO `notifications` VALUES (36, 4, 'task_dispatched', '任务已派单：asda', '任务「asda」已派单给您，请转派给具体成员。', 'work_order', 9, 1, '2026-01-12 10:10:55', '2026-01-12 02:11:05');
INSERT INTO `notifications` VALUES (37, 8, 'work_order_assigned', '工单已分配：WO22-1768155055', '工单「WO22-1768155055」已分配给您，请及时接单。', 'work_order', 9, 1, '2026-01-12 10:11:21', '2026-01-12 02:11:36');
INSERT INTO `notifications` VALUES (38, 4, 'work_order_accepted', '工单已接单：WO22-1768155055', '工单「WO22-1768155055」已被成员接单。', 'work_order', 9, 1, '2026-01-12 10:11:37', '2026-01-14 01:22:25');
INSERT INTO `notifications` VALUES (39, 9, 'task_dispatched', '任务已派单：asda', '任务「asda」已派单给您，请转派给具体成员。', 'work_order', 10, 1, '2026-01-12 10:14:07', '2026-01-12 02:14:23');
INSERT INTO `notifications` VALUES (40, 5, 'work_order_assigned', '工单已分配：WO9-1768155247', '工单「WO9-1768155247」已分配给您，请及时接单。', 'work_order', 10, 1, '2026-01-12 10:14:26', '2026-01-12 03:09:40');
INSERT INTO `notifications` VALUES (41, 8, 'work_order_assigned', '工单已分配：WO9-1768155247', '工单「WO9-1768155247」已分配给您，请及时接单。', 'work_order', 10, 0, '2026-01-12 10:14:30', NULL);
INSERT INTO `notifications` VALUES (42, 5, 'work_order_assigned', '工单已分配：WO9-1768155247', '工单「WO9-1768155247」已分配给您，请及时接单。', 'work_order', 10, 1, '2026-01-12 10:14:38', '2026-01-12 03:09:36');
INSERT INTO `notifications` VALUES (43, 10, 'task_confirmed', '任务已确认：asda', '任务「asda」已被总管确认，请填写详细需求单。', 'task', 21, 0, '2026-01-12 10:49:32', NULL);
INSERT INTO `notifications` VALUES (44, 10, 'task_confirmed', '任务已确认：asdas', '任务「asdas」已被总管确认，请填写详细需求单。', 'task', 18, 0, '2026-01-12 10:50:12', NULL);
INSERT INTO `notifications` VALUES (45, 3, 'task_confirmed', '任务已确认：asda', '任务「asda」已被总管确认，请填写详细需求单。', 'task', 20, 1, '2026-01-12 11:07:01', '2026-01-12 03:07:14');
INSERT INTO `notifications` VALUES (46, 1, 'task_detail_submitted', '详细需求已提交：asda', '任务「asda」的详细需求单已提交，请进行派单。', 'task', 20, 1, '2026-01-12 11:07:22', '2026-01-12 05:14:29');
INSERT INTO `notifications` VALUES (47, 9, 'work_order_accepted', '工单已接单：WO9-1768155247', '工单「WO9-1768155247」已被成员接单。', 'work_order', 10, 0, '2026-01-12 11:09:37', NULL);
INSERT INTO `notifications` VALUES (48, 4, 'visit_log_created', '新的拜访日志：WO11-1767910342', '成员已提交新的拜访日志，请进行复盘。', 'visit_log', 3, 1, '2026-01-12 11:17:45', '2026-01-14 01:22:24');
INSERT INTO `notifications` VALUES (49, 1, 'task_pending', '待确认任务：asdad', '任务「asdad」（销售单位：互联网BD/信网部,战略BD）已创建，等待您的确认。', 'task', 25, 1, '2026-01-12 11:25:09', '2026-01-12 03:25:23');
INSERT INTO `notifications` VALUES (50, 6, 'task_dispatched', '任务已派单：asda', '任务「asda」已派单给您，请转派给具体成员。', 'work_order', 11, 1, '2026-01-12 13:14:34', '2026-01-12 08:36:17');
INSERT INTO `notifications` VALUES (51, 1, 'user_registration_pending', '新用户注册待审核：杨振楠', '用户「杨振楠」（test8）已提交注册申请，请及时审核。', 'user', 31, 1, '2026-01-12 13:27:03', '2026-01-12 05:46:00');
INSERT INTO `notifications` VALUES (52, 1, 'user_registration_pending', '新用户注册待审核：afasfas', '用户「afasfas」（asdsfasfa）已提交注册申请，请及时审核。', 'user', 32, 1, '2026-01-12 13:27:52', '2026-01-12 05:28:06');
INSERT INTO `notifications` VALUES (54, 31, 'user_approved', '注册审核已通过', '您的注册申请已通过审核，现在可以登录系统了。', 'user', 31, 1, '2026-01-12 13:28:23', '2026-01-14 05:14:49');
INSERT INTO `notifications` VALUES (55, 1, 'user_registration_pending', '新用户注册待审核：asgdhgkhhjhgf', '用户「asgdhgkhhjhgf」（asdfgnhj）已提交注册申请，请及时审核。', 'user', 33, 1, '2026-01-12 13:45:05', '2026-01-12 05:45:23');
INSERT INTO `notifications` VALUES (56, 33, 'user_approved', '注册审核已通过', '您的注册申请已通过审核，现在可以登录系统了。', 'user', 33, 1, '2026-01-12 13:45:27', '2026-01-12 05:53:01');
INSERT INTO `notifications` VALUES (57, 1, 'task_pending', '待确认任务：asda', '任务「asda」（销售单位：理想公司）已创建，等待您的确认。', 'task', 26, 1, '2026-01-12 13:46:35', '2026-01-12 05:47:02');
INSERT INTO `notifications` VALUES (58, 31, 'task_confirmed', '任务已确认：asda', '任务「asda」已被总管确认，请填写详细需求单。', 'task', 26, 1, '2026-01-12 13:52:41', '2026-01-14 05:14:48');
INSERT INTO `notifications` VALUES (59, 33, 'task_confirmed', '任务已确认：asda', '任务「asda」已被总管确认，请填写详细需求单。', 'task', 26, 1, '2026-01-12 13:52:41', '2026-01-12 05:53:00');
INSERT INTO `notifications` VALUES (60, 1, 'task_pending', '待确认任务：测试', '任务「测试」（销售单位：理想公司）已创建，等待您的确认。', 'task', 27, 1, '2026-01-12 14:10:47', '2026-01-12 06:11:05');
INSERT INTO `notifications` VALUES (61, 31, 'task_confirmed', '任务已确认：测试', '任务「测试」已被总管确认，请填写详细需求单。', 'task', 27, 1, '2026-01-12 14:11:08', '2026-01-14 05:14:46');
INSERT INTO `notifications` VALUES (62, 33, 'task_confirmed', '任务已确认：测试', '任务「测试」已被总管确认，请填写详细需求单。', 'task', 27, 1, '2026-01-12 14:11:08', '2026-01-12 06:11:51');
INSERT INTO `notifications` VALUES (63, 1, 'task_detail_submitted', '详细需求已提交：测试', '任务「测试」的详细需求单已提交，请进行派单。', 'task', 27, 1, '2026-01-12 14:12:09', '2026-01-12 06:20:37');
INSERT INTO `notifications` VALUES (64, 1, 'task_detail_submitted', '详细需求已提交：asda', '任务「asda」的详细需求单已提交，请进行派单。', 'task', 26, 1, '2026-01-12 14:20:07', '2026-01-12 06:20:34');
INSERT INTO `notifications` VALUES (65, 9, 'task_dispatched', '任务已派单：测试', '任务「测试」已派单给您，请转派给具体成员。', 'work_order', 12, 0, '2026-01-12 14:20:51', NULL);
INSERT INTO `notifications` VALUES (66, 9, 'task_dispatched', '任务已派单：asda', '任务「asda」已派单给您，请转派给具体成员。', 'work_order', 13, 0, '2026-01-12 14:20:56', NULL);
INSERT INTO `notifications` VALUES (67, 1, 'user_registration_pending', '新用户注册待审核：李四', '用户「李四」（test7）已提交注册申请，请及时审核。', 'user', 34, 1, '2026-01-12 14:36:07', '2026-01-12 06:38:10');
INSERT INTO `notifications` VALUES (68, 34, 'user_approved', '注册审核已通过', '您的注册申请已通过审核，现在可以登录系统了。', 'user', 34, 1, '2026-01-12 14:36:34', '2026-01-12 06:37:21');
INSERT INTO `notifications` VALUES (69, 1, 'task_pending', '待确认任务：sdfgh', '任务「sdfgh」（销售单位：理想公司,宝山）已创建，等待您的确认。', 'task', 28, 1, '2026-01-12 14:39:19', '2026-01-12 06:40:13');
INSERT INTO `notifications` VALUES (70, 31, 'task_confirmed', '任务已确认：sdfgh', '任务「sdfgh」已被总管确认，请填写详细需求单。', 'task', 28, 1, '2026-01-12 14:40:17', '2026-01-14 05:14:50');
INSERT INTO `notifications` VALUES (71, 33, 'task_confirmed', '任务已确认：sdfgh', '任务「sdfgh」已被总管确认，请填写详细需求单。', 'task', 28, 1, '2026-01-12 14:40:17', '2026-01-12 08:08:09');
INSERT INTO `notifications` VALUES (72, 34, 'task_confirmed', '任务已确认：sdfgh', '任务「sdfgh」已被总管确认，请填写详细需求单。', 'task', 28, 1, '2026-01-12 14:40:17', '2026-01-12 06:40:37');
INSERT INTO `notifications` VALUES (73, 1, 'task_detail_submitted', '详细需求已提交：sdfgh', '任务「sdfgh」的详细需求单已提交，请进行派单。', 'task', 28, 1, '2026-01-12 15:33:12', '2026-01-12 07:33:50');
INSERT INTO `notifications` VALUES (74, 9, 'task_dispatched', '任务已派单：sdfgh', '任务「sdfgh」已派单给您，请转派给具体成员。', 'work_order', 14, 0, '2026-01-12 15:52:07', NULL);
INSERT INTO `notifications` VALUES (75, 6, 'task_dispatched', '任务已派单：sdfgh', '任务「sdfgh」已派单给您，请转派给具体成员。', 'work_order', 15, 1, '2026-01-12 15:52:12', '2026-01-12 08:36:13');
INSERT INTO `notifications` VALUES (76, 1, 'task_pending', '待确认任务：理想公司', '任务「理想公司」（销售单位：理想公司）已创建，等待您的确认。', 'task', 29, 1, '2026-01-12 15:56:13', '2026-01-12 07:56:30');
INSERT INTO `notifications` VALUES (77, 31, 'task_confirmed', '任务已确认：理想公司', '任务「理想公司」已被总管确认，请填写详细需求单。', 'task', 29, 1, '2026-01-12 15:57:10', '2026-01-14 05:14:40');
INSERT INTO `notifications` VALUES (78, 33, 'task_confirmed', '任务已确认：理想公司', '任务「理想公司」已被总管确认，请填写详细需求单。', 'task', 29, 1, '2026-01-12 15:57:10', '2026-01-12 08:07:45');
INSERT INTO `notifications` VALUES (79, 34, 'task_confirmed', '任务已确认：理想公司', '任务「理想公司」已被总管确认，请填写详细需求单。', 'task', 29, 1, '2026-01-12 15:57:10', '2026-01-12 07:57:44');
INSERT INTO `notifications` VALUES (80, 1, 'task_detail_submitted', '详细需求已提交：理想公司', '任务「理想公司」的详细需求单已提交，请进行派单。', 'task', 29, 1, '2026-01-12 16:05:57', '2026-01-12 08:07:06');
INSERT INTO `notifications` VALUES (81, 1, 'task_detail_submitted', '详细需求已提交：理想公司', '任务「理想公司」的详细需求单已提交，请进行派单。', 'task', 29, 1, '2026-01-12 16:06:31', '2026-01-12 08:12:59');
INSERT INTO `notifications` VALUES (82, 1, 'task_detail_submitted', '详细需求已提交：理想公司', '任务「理想公司」的详细需求单已提交，请进行派单。', 'task', 29, 1, '2026-01-12 16:06:47', '2026-01-12 08:12:58');
INSERT INTO `notifications` VALUES (85, 6, 'task_dispatched', '任务已派单：理想公司', '任务「理想公司」已派单给您，请转派给具体成员。', 'work_order', 16, 1, '2026-01-12 16:09:31', '2026-01-12 08:36:07');
INSERT INTO `notifications` VALUES (86, 9, 'task_dispatched', '任务已派单：理想公司', '任务「理想公司」已派单给您，请转派给具体成员。', 'work_order', 17, 0, '2026-01-12 16:12:28', NULL);
INSERT INTO `notifications` VALUES (87, 9, 'task_dispatched', '任务已派单：理想公司', '任务「理想公司」已派单给您，请转派给具体成员。', 'work_order', 18, 0, '2026-01-12 16:12:40', NULL);
INSERT INTO `notifications` VALUES (88, 6, 'task_dispatched', '任务已派单：理想公司', '任务「理想公司」已派单给您，请转派给具体成员。', 'work_order', 19, 1, '2026-01-12 16:12:42', '2026-01-12 08:36:02');
INSERT INTO `notifications` VALUES (89, 6, 'task_dispatched', '任务已派单：理想公司', '任务「理想公司」已派单给您，请转派给具体成员。', 'work_order', 20, 1, '2026-01-12 16:12:46', '2026-01-12 08:35:57');
INSERT INTO `notifications` VALUES (90, 4, 'task_dispatched', '任务已派单：理想公司', '任务「理想公司」已派单给您，请转派给具体成员。', 'work_order', 21, 1, '2026-01-12 16:12:48', '2026-01-14 01:22:17');
INSERT INTO `notifications` VALUES (91, 9, 'task_dispatched', '任务已派单：理想公司', '任务「理想公司」已派单给您，请转派给具体成员。', 'work_order', 22, 0, '2026-01-12 16:12:51', NULL);
INSERT INTO `notifications` VALUES (92, 5, 'work_order_assigned', '工单已分配：WO29-R7-1768176766', '工单「WO29-R7-1768176766」已分配给您，请及时接单。', 'work_order', 20, 1, '2026-01-12 16:36:00', '2026-01-14 01:23:10');
INSERT INTO `notifications` VALUES (93, 7, 'work_order_assigned', '工单已分配：WO29-R8-1768176762', '工单「WO29-R8-1768176762」已分配给您，请及时接单。', 'work_order', 19, 1, '2026-01-12 16:36:05', '2026-01-14 01:35:44');
INSERT INTO `notifications` VALUES (94, 8, 'work_order_assigned', '工单已分配：WO29-R3-1768176571', '工单「WO29-R3-1768176571」已分配给您，请及时接单。', 'work_order', 16, 0, '2026-01-12 16:36:11', NULL);
INSERT INTO `notifications` VALUES (95, 7, 'work_order_assigned', '工单已分配：WO28-R1-1768175532', '工单「WO28-R1-1768175532」已分配给您，请及时接单。', 'work_order', 15, 1, '2026-01-12 16:36:15', '2026-01-14 01:35:41');
INSERT INTO `notifications` VALUES (96, 5, 'work_order_assigned', '工单已分配：WO20-1768166074', '工单「WO20-1768166074」已分配给您，请及时接单。', 'work_order', 11, 1, '2026-01-12 16:36:20', '2026-01-14 01:23:08');
INSERT INTO `notifications` VALUES (97, 8, 'work_order_assigned', '工单已分配：WO23-1768154594', '工单「WO23-1768154594」已分配给您，请及时接单。', 'work_order', 8, 0, '2026-01-12 16:46:37', NULL);
INSERT INTO `notifications` VALUES (98, 1, 'user_registration_pending', '新用户注册待审核：lis', '用户「lis」（test11）已提交注册申请，请及时审核。', 'user', 35, 1, '2026-01-13 09:34:09', '2026-01-13 01:34:31');
INSERT INTO `notifications` VALUES (99, 1, 'user_registration_pending', '新用户注册待审核：lis', '用户「lis」（test11）已提交注册申请，请及时审核。', 'user', 35, 1, '2026-01-13 09:34:09', '2026-01-13 01:34:33');
INSERT INTO `notifications` VALUES (100, 35, 'user_approved', '注册审核已通过', '您的注册申请已通过审核，现在可以登录系统了。', 'user', 35, 1, '2026-01-13 09:35:30', '2026-01-13 01:45:16');
INSERT INTO `notifications` VALUES (101, 35, 'user_approved', '注册审核已通过', '您的注册申请已通过审核，现在可以登录系统了。', 'user', 35, 1, '2026-01-13 09:41:19', '2026-01-13 01:45:15');
INSERT INTO `notifications` VALUES (102, 1, 'user_registration_pending', '新用户注册待审核：test', '用户「test」（test12）已提交注册申请，请及时审核。', 'user', 36, 1, '2026-01-13 10:09:44', '2026-01-13 02:10:05');
INSERT INTO `notifications` VALUES (103, 1, 'user_registration_pending', '新用户注册待审核：test', '用户「test」（test12）已提交注册申请，请及时审核。', 'user', 36, 1, '2026-01-13 10:09:44', '2026-01-13 02:10:03');
INSERT INTO `notifications` VALUES (104, 1, 'user_registration_pending', '新用户注册待审核：test', '用户「test」（test12）已提交注册申请，请及时审核。', 'user', 36, 1, '2026-01-13 10:09:45', '2026-01-13 02:10:02');
INSERT INTO `notifications` VALUES (105, 1, 'user_registration_pending', '新用户注册待审核：test', '用户「test」（test12）已提交注册申请，请及时审核。', 'user', 36, 1, '2026-01-13 10:09:45', '2026-01-13 02:10:03');
INSERT INTO `notifications` VALUES (106, 36, 'user_approved', '注册审核已通过', '您的注册申请已通过审核，现在可以登录系统了。', 'user', 36, 1, '2026-01-13 10:10:00', '2026-01-13 02:11:46');
INSERT INTO `notifications` VALUES (107, 1, 'task_pending', '待确认任务：测试', '任务「测试」（销售单位：宝山）已创建，等待您的确认。', 'task', 30, 1, '2026-01-13 10:24:12', '2026-01-13 02:24:31');
INSERT INTO `notifications` VALUES (108, 36, 'task_confirmed', '任务已确认：测试', '任务「测试」已被总管确认，请填写详细需求单。', 'task', 30, 1, '2026-01-13 10:32:01', '2026-01-13 02:32:18');
INSERT INTO `notifications` VALUES (109, 1, 'task_detail_submitted', '详细需求已提交：测试', '任务「测试」的详细需求单已提交，请进行派单。', 'task', 30, 1, '2026-01-13 10:32:28', '2026-01-13 02:36:21');
INSERT INTO `notifications` VALUES (110, 36, 'task_dispatched', '任务已派单：测试', '任务「测试」已派单给您，请转派给具体成员。', 'work_order', 23, 1, '2026-01-13 10:44:31', '2026-01-13 02:44:50');
INSERT INTO `notifications` VALUES (111, 36, 'task_dispatched', '任务已派单：测试', '任务「测试」已派单给您，请转派给具体成员。', 'work_order', 24, 1, '2026-01-13 10:44:34', '2026-01-13 02:44:49');
INSERT INTO `notifications` VALUES (112, 36, 'work_order_assigned', '工单已分配：WO30-R11-1768243471', '工单「WO30-R11-1768243471」已分配给您，请及时接单。', 'work_order', 23, 1, '2026-01-13 10:44:52', '2026-01-13 02:44:56');
INSERT INTO `notifications` VALUES (113, 36, 'work_order_assigned', '工单已分配：WO30-R10-1768243474', '工单「WO30-R10-1768243474」已分配给您，请及时接单。', 'work_order', 24, 1, '2026-01-13 10:45:01', '2026-01-13 02:45:08');
INSERT INTO `notifications` VALUES (114, 36, 'work_order_accepted', '工单已接单：WO30-R10-1768243474', '工单「WO30-R10-1768243474」已被成员接单。', 'work_order', 24, 1, '2026-01-13 10:45:31', '2026-01-13 02:47:29');
INSERT INTO `notifications` VALUES (115, 36, 'work_order_accepted', '工单已接单：WO30-R11-1768243471', '工单「WO30-R11-1768243471」已被成员接单。', 'work_order', 23, 1, '2026-01-13 10:45:34', '2026-01-13 02:47:29');
INSERT INTO `notifications` VALUES (116, 36, 'visit_log_created', '新的拜访日志：WO30-R10-1768243474', '成员已提交新的拜访日志，请进行复盘。', 'visit_log', 4, 1, '2026-01-13 10:51:35', '2026-01-13 03:19:02');
INSERT INTO `notifications` VALUES (117, 1, 'user_registration_pending', '新用户注册待审核：asdad', '用户「asdad」（asdada）已提交注册申请，请及时审核。', 'user', 37, 1, '2026-01-13 10:55:52', '2026-01-13 02:58:16');
INSERT INTO `notifications` VALUES (118, 1, 'user_registration_pending', '新用户注册待审核：asdad', '用户「asdad」（asdada）已提交注册申请，请及时审核。', 'user', 37, 1, '2026-01-13 10:55:52', '2026-01-13 02:58:17');
INSERT INTO `notifications` VALUES (119, 37, 'user_approved', '注册审核已通过', '您的注册申请已通过审核，现在可以登录系统了。', 'user', 37, 1, '2026-01-13 11:12:18', '2026-04-22 07:05:11');
INSERT INTO `notifications` VALUES (120, 1, 'task_pending', '待确认任务：asdas', '任务「asdas」（销售单位：宝山）已创建，等待您的确认。', 'task', 31, 1, '2026-01-13 11:16:16', '2026-01-13 03:17:06');
INSERT INTO `notifications` VALUES (121, 36, 'task_confirmed', '任务已确认：asdas', '任务「asdas」已被总管确认，请填写详细需求单。', 'task', 31, 1, '2026-01-13 11:17:08', '2026-01-13 03:17:22');
INSERT INTO `notifications` VALUES (122, 1, 'task_detail_submitted', '详细需求已提交：asdas', '任务「asdas」的详细需求单已提交，请进行派单。', 'task', 31, 1, '2026-01-13 11:17:38', '2026-01-13 03:18:11');
INSERT INTO `notifications` VALUES (123, 36, 'task_dispatched', '任务已派单：asdas', '任务「asdas」已派单给您，请转派给具体成员。', 'work_order', 25, 1, '2026-01-13 11:18:15', '2026-01-13 03:18:58');
INSERT INTO `notifications` VALUES (124, 36, 'task_dispatched', '任务已派单：asdas', '任务「asdas」已派单给您，请转派给具体成员。', 'work_order', 26, 1, '2026-01-13 11:18:17', '2026-01-13 03:18:52');
INSERT INTO `notifications` VALUES (125, 36, 'work_order_assigned', '工单已分配：WO31-R12-1768245497', '工单「WO31-R12-1768245497」已分配给您，请及时接单。', 'work_order', 26, 1, '2026-01-13 11:18:55', '2026-01-13 03:19:39');
INSERT INTO `notifications` VALUES (126, 36, 'work_order_assigned', '工单已分配：WO31-R13-1768245495', '工单「WO31-R13-1768245495」已分配给您，请及时接单。', 'work_order', 25, 1, '2026-01-13 11:19:00', '2026-01-13 03:19:32');
INSERT INTO `notifications` VALUES (127, 36, 'review_created', '复盘已完成：WO30-R10-1768243474', '您的拜访日志已完成复盘，请查看批注内容。', 'review', 2, 1, '2026-01-13 11:19:11', '2026-01-13 03:19:31');
INSERT INTO `notifications` VALUES (128, 1, 'opportunity_created', '新商机：asdsa', '任务「测试」中产生了新商机「asdsa」。', 'opportunity', 2, 1, '2026-01-13 11:19:24', '2026-01-14 01:10:39');
INSERT INTO `notifications` VALUES (129, 36, 'work_order_accepted', '工单已接单：WO31-R13-1768245495', '工单「WO31-R13-1768245495」已被成员接单。', 'work_order', 25, 1, '2026-01-13 11:19:34', '2026-01-14 05:59:55');
INSERT INTO `notifications` VALUES (130, 36, 'work_order_accepted', '工单已接单：WO31-R12-1768245497', '工单「WO31-R12-1768245497」已被成员接单。', 'work_order', 26, 1, '2026-01-13 11:19:36', '2026-01-14 05:59:57');
INSERT INTO `notifications` VALUES (131, 1, 'task_pending', '待确认任务：adadas', '任务「adadas」（销售单位：理想公司）已创建，等待您的确认。', 'task', 32, 1, '2026-01-14 09:19:49', '2026-01-14 01:20:00');
INSERT INTO `notifications` VALUES (132, 31, 'task_confirmed', '任务已确认：adadas', '任务「adadas」已被总管确认，请填写详细需求单。', 'task', 32, 1, '2026-01-14 09:20:03', '2026-01-14 05:14:37');
INSERT INTO `notifications` VALUES (133, 33, 'task_confirmed', '任务已确认：adadas', '任务「adadas」已被总管确认，请填写详细需求单。', 'task', 32, 0, '2026-01-14 09:20:03', NULL);
INSERT INTO `notifications` VALUES (134, 34, 'task_confirmed', '任务已确认：adadas', '任务「adadas」已被总管确认，请填写详细需求单。', 'task', 32, 1, '2026-01-14 09:20:03', '2026-01-14 01:20:32');
INSERT INTO `notifications` VALUES (135, 1, 'task_detail_submitted', '详细需求已提交：adadas', '任务「adadas」的详细需求单已提交，请进行派单。', 'task', 32, 1, '2026-01-14 09:20:43', '2026-01-14 01:21:14');
INSERT INTO `notifications` VALUES (136, 6, 'task_dispatched', '任务已派单：adadas', '任务「adadas」已派单给您，请转派给具体成员。', 'work_order', 27, 1, '2026-01-14 09:21:20', '2026-01-14 01:29:10');
INSERT INTO `notifications` VALUES (137, 4, 'task_dispatched', '任务已派单：adadas', '任务「adadas」已派单给您，请转派给具体成员。', 'work_order', 28, 1, '2026-01-14 09:21:32', '2026-01-14 01:21:43');
INSERT INTO `notifications` VALUES (138, 5, 'work_order_assigned', '工单已分配：WO32-R14-1768324892', '工单「WO32-R14-1768324892」已分配给您，请及时接单。', 'work_order', 28, 1, '2026-01-14 09:22:14', '2026-01-14 01:23:06');
INSERT INTO `notifications` VALUES (139, 5, 'work_order_assigned', '工单已分配：WO29-R6-1768176768', '工单「WO29-R6-1768176768」已分配给您，请及时接单。', 'work_order', 21, 1, '2026-01-14 09:22:22', '2026-01-14 01:23:02');
INSERT INTO `notifications` VALUES (140, 4, 'work_order_accepted', '工单已接单：WO29-R6-1768176768', '工单「WO29-R6-1768176768」已被成员接单。', 'work_order', 21, 1, '2026-01-14 09:23:03', '2026-01-14 01:36:58');
INSERT INTO `notifications` VALUES (141, 4, 'work_order_accepted', '工单已接单：WO32-R14-1768324892', '工单「WO32-R14-1768324892」已被成员接单。', 'work_order', 28, 1, '2026-01-14 09:23:06', '2026-01-14 01:36:56');
INSERT INTO `notifications` VALUES (142, 6, 'work_order_accepted', '工单已接单：WO20-1768166074', '工单「WO20-1768166074」已被成员接单。', 'work_order', 11, 1, '2026-01-14 09:23:08', '2026-01-14 01:29:09');
INSERT INTO `notifications` VALUES (143, 6, 'work_order_accepted', '工单已接单：WO29-R7-1768176766', '工单「WO29-R7-1768176766」已被成员接单。', 'work_order', 20, 1, '2026-01-14 09:23:10', '2026-01-14 01:29:05');
INSERT INTO `notifications` VALUES (144, 7, 'work_order_assigned', '工单已分配：WO32-R15-1768324880', '工单「WO32-R15-1768324880」已分配给您，请及时接单。', 'work_order', 27, 1, '2026-01-14 09:29:15', '2026-01-14 01:35:37');
INSERT INTO `notifications` VALUES (145, 6, 'work_order_accepted', '工单已接单：WO32-R15-1768324880', '工单「WO32-R15-1768324880」已被成员接单。', 'work_order', 27, 0, '2026-01-14 09:35:38', NULL);
INSERT INTO `notifications` VALUES (146, 6, 'work_order_accepted', '工单已接单：WO28-R1-1768175532', '工单「WO28-R1-1768175532」已被成员接单。', 'work_order', 15, 0, '2026-01-14 09:35:42', NULL);
INSERT INTO `notifications` VALUES (147, 6, 'work_order_accepted', '工单已接单：WO29-R8-1768176762', '工单「WO29-R8-1768176762」已被成员接单。', 'work_order', 19, 0, '2026-01-14 09:35:44', NULL);
INSERT INTO `notifications` VALUES (148, 5, 'work_order_assigned', '工单已分配：WO24-1768154314', '工单「WO24-1768154314」已分配给您，请及时接单。', 'work_order', 7, 1, '2026-01-14 09:37:29', '2026-01-14 01:58:14');
INSERT INTO `notifications` VALUES (149, 4, 'work_order_accepted', '工单已接单：WO24-1768154314', '工单「WO24-1768154314」已被成员接单。', 'work_order', 7, 1, '2026-01-14 09:58:14', '2026-01-14 05:16:09');
INSERT INTO `notifications` VALUES (150, 9, 'visit_log_created', '新的拜访日志：WO9-1768155247', '成员已提交新的拜访日志，请进行复盘。', 'visit_log', 5, 0, '2026-01-14 10:05:16', NULL);
INSERT INTO `notifications` VALUES (151, 1, 'task_pending', '待确认任务：asdsadas', '任务「asdsadas」（销售单位：宝山）已创建，等待您的确认。', 'task', 33, 1, '2026-01-14 11:25:39', '2026-01-14 03:25:54');
INSERT INTO `notifications` VALUES (152, 36, 'task_confirmed', '任务已确认：asdsadas', '任务「asdsadas」已被总管确认，请填写详细需求单。', 'task', 33, 1, '2026-01-14 11:26:40', '2026-01-14 03:27:00');
INSERT INTO `notifications` VALUES (153, 1, 'task_detail_submitted', '详细需求已提交：asdsadas', '任务「asdsadas」的详细需求单已提交，请进行派单。', 'task', 33, 1, '2026-01-14 11:28:14', '2026-01-14 03:28:55');
INSERT INTO `notifications` VALUES (154, 36, 'task_dispatched', '任务已派单：asdsadas', '任务「asdsadas」已派单给您，请转派给具体成员。', 'work_order', 29, 1, '2026-01-14 11:29:04', '2026-01-14 05:59:46');
INSERT INTO `notifications` VALUES (155, 36, 'task_dispatched', '任务已派单：asdsadas', '任务「asdsadas」已派单给您，请转派给具体成员。', 'work_order', 30, 1, '2026-01-14 11:29:09', '2026-01-14 03:29:25');
INSERT INTO `notifications` VALUES (156, 1, 'task_pending', '待确认任务：测试', '任务「测试」（销售单位：理想公司）已创建，等待您的确认。', 'task', 34, 1, '2026-01-14 13:13:09', '2026-01-14 05:13:21');
INSERT INTO `notifications` VALUES (157, 31, 'task_confirmed', '任务已确认：测试', '任务「测试」已被总管确认，请填写详细需求单。', 'task', 34, 1, '2026-01-14 13:13:27', '2026-01-14 05:14:16');
INSERT INTO `notifications` VALUES (158, 33, 'task_confirmed', '任务已确认：测试', '任务「测试」已被总管确认，请填写详细需求单。', 'task', 34, 0, '2026-01-14 13:13:27', NULL);
INSERT INTO `notifications` VALUES (159, 34, 'task_confirmed', '任务已确认：测试', '任务「测试」已被总管确认，请填写详细需求单。', 'task', 34, 1, '2026-01-14 13:13:27', '2026-01-16 05:00:52');
INSERT INTO `notifications` VALUES (160, 1, 'task_detail_submitted', '详细需求已提交：测试', '任务「测试」的详细需求单已提交，请进行派单。', 'task', 34, 1, '2026-01-14 13:14:23', '2026-01-14 05:15:21');
INSERT INTO `notifications` VALUES (161, 1, 'task_detail_submitted', '详细需求已提交：测试', '任务「测试」的详细需求单已提交，请进行派单。', 'task', 34, 1, '2026-01-14 13:14:34', '2026-01-14 05:15:19');
INSERT INTO `notifications` VALUES (162, 4, 'task_dispatched', '任务已派单：测试', '任务「测试」已派单给您，请转派给具体成员。', 'work_order', 31, 1, '2026-01-14 13:15:29', '2026-01-14 05:16:08');
INSERT INTO `notifications` VALUES (163, 4, 'task_dispatched', '任务已派单：测试', '任务「测试」已派单给您，请转派给具体成员。', 'work_order', 32, 1, '2026-01-14 13:15:33', '2026-01-14 05:15:58');
INSERT INTO `notifications` VALUES (164, 6, 'task_dispatched', '任务已派单：测试', '任务「测试」已派单给您，请转派给具体成员。', 'work_order', 33, 0, '2026-01-14 13:15:38', NULL);
INSERT INTO `notifications` VALUES (165, 7, 'work_order_assigned', '工单已分配：WO34-R19-1768338933', '工单「WO34-R19-1768338933」已分配给您，请及时接单。', 'work_order', 32, 1, '2026-01-14 13:16:01', '2026-01-14 05:16:49');
INSERT INTO `notifications` VALUES (166, 7, 'work_order_assigned', '工单已分配：WO34-R18-1768338929', '工单「WO34-R18-1768338929」已分配给您，请及时接单。', 'work_order', 31, 1, '2026-01-14 13:16:06', '2026-01-14 05:16:46');
INSERT INTO `notifications` VALUES (167, 4, 'work_order_accepted', '工单已接单：WO34-R18-1768338929', '工单「WO34-R18-1768338929」已被成员接单。', 'work_order', 31, 1, '2026-01-14 13:16:47', '2026-01-14 05:37:31');
INSERT INTO `notifications` VALUES (168, 4, 'work_order_accepted', '工单已接单：WO34-R19-1768338933', '工单「WO34-R19-1768338933」已被成员接单。', 'work_order', 32, 1, '2026-01-14 13:16:49', '2026-01-14 05:37:31');
INSERT INTO `notifications` VALUES (169, 2, 'task_rejected', '任务已拒绝：asdasda', '任务「asdasda」已被总管拒绝。拒绝原因：cascas', 'task', 13, 1, '2026-01-14 14:02:58', '2026-01-14 06:13:15');
INSERT INTO `notifications` VALUES (170, 2, 'task_rejected', '任务已拒绝：asdasd', '任务「asdasd」已被总管拒绝。拒绝原因：adad', 'task', 19, 1, '2026-01-14 14:03:14', '2026-01-14 06:13:12');
INSERT INTO `notifications` VALUES (171, 2, 'task_rejected', '任务已拒绝：asdad', '任务「asdad」已被总管拒绝。拒绝原因：asdas', 'task', 25, 1, '2026-01-14 14:03:25', '2026-01-14 06:13:14');
INSERT INTO `notifications` VALUES (172, 2, 'task_rejected', '任务已拒绝：daqw', '任务「daqw」已被总管拒绝。拒绝原因：asdas', 'task', 16, 1, '2026-01-14 14:03:39', '2026-01-14 06:13:11');
INSERT INTO `notifications` VALUES (173, 1, 'task_pending', '待确认任务：宝山项目', '任务「宝山项目」（销售单位：宝山,理想公司）已创建，等待您的确认。', 'task', 35, 1, '2026-01-14 14:13:48', '2026-01-14 06:14:04');
INSERT INTO `notifications` VALUES (174, 31, 'task_confirmed', '任务已确认：宝山项目', '任务「宝山项目」已被总管确认，请填写详细需求单。', 'task', 35, 1, '2026-01-14 14:14:06', '2026-01-14 06:16:11');
INSERT INTO `notifications` VALUES (175, 33, 'task_confirmed', '任务已确认：宝山项目', '任务「宝山项目」已被总管确认，请填写详细需求单。', 'task', 35, 0, '2026-01-14 14:14:06', NULL);
INSERT INTO `notifications` VALUES (176, 34, 'task_confirmed', '任务已确认：宝山项目', '任务「宝山项目」已被总管确认，请填写详细需求单。', 'task', 35, 1, '2026-01-14 14:14:06', '2026-01-16 05:00:50');
INSERT INTO `notifications` VALUES (177, 36, 'task_confirmed', '任务已确认：宝山项目', '任务「宝山项目」已被总管确认，请填写详细需求单。', 'task', 35, 1, '2026-01-14 14:14:06', '2026-01-14 06:15:01');
INSERT INTO `notifications` VALUES (178, 1, 'task_detail_submitted', '详细需求已提交：宝山项目', '任务「宝山项目」的详细需求单已提交，请进行派单。', 'task', 35, 1, '2026-01-14 14:15:07', '2026-01-14 06:15:20');
INSERT INTO `notifications` VALUES (179, 4, 'task_dispatched', '任务已派单：宝山项目', '任务「宝山项目」已派单给您，请转派给具体成员。', 'work_order', 34, 1, '2026-01-14 14:15:30', '2026-01-14 06:17:35');
INSERT INTO `notifications` VALUES (180, 4, 'task_dispatched', '任务已派单：宝山项目', '任务「宝山项目」已派单给您，请转派给具体成员。', 'work_order', 35, 1, '2026-01-14 14:15:36', '2026-01-14 06:17:35');
INSERT INTO `notifications` VALUES (181, 1, 'task_detail_submitted', '详细需求已提交：宝山项目', '任务「宝山项目」的详细需求单已提交，请进行派单。', 'task', 35, 1, '2026-01-14 14:16:20', '2026-01-14 06:16:54');
INSERT INTO `notifications` VALUES (182, 1, 'task_detail_submitted', '详细需求已提交：宝山项目', '任务「宝山项目」的详细需求单已提交，请进行派单。', 'task', 35, 1, '2026-01-14 14:16:32', '2026-01-14 06:16:53');
INSERT INTO `notifications` VALUES (183, 4, 'task_dispatched', '任务已派单：宝山项目', '任务「宝山项目」已派单给您，请转派给具体成员。', 'work_order', 36, 1, '2026-01-14 14:16:59', '2026-01-14 06:17:20');
INSERT INTO `notifications` VALUES (184, 6, 'task_dispatched', '任务已派单：宝山项目', '任务「宝山项目」已派单给您，请转派给具体成员。', 'work_order', 37, 0, '2026-01-14 14:17:02', NULL);
INSERT INTO `notifications` VALUES (185, 6, 'task_dispatched', '任务已派单：宝山项目', '任务「宝山项目」已派单给您，请转派给具体成员。', 'work_order', 38, 0, '2026-01-14 14:17:04', NULL);
INSERT INTO `notifications` VALUES (186, 5, 'work_order_assigned', '工单已分配：WO35-R23-1768342619', '工单「WO35-R23-1768342619」已分配给您，请及时接单。', 'work_order', 36, 1, '2026-01-14 14:17:22', '2026-01-15 01:01:29');
INSERT INTO `notifications` VALUES (187, 7, 'work_order_assigned', '工单已分配：WO35-R21-1768342536', '工单「WO35-R21-1768342536」已分配给您，请及时接单。', 'work_order', 35, 1, '2026-01-14 14:17:26', '2026-01-15 06:08:33');
INSERT INTO `notifications` VALUES (188, 8, 'work_order_assigned', '工单已分配：WO35-R22-1768342530', '工单「WO35-R22-1768342530」已分配给您，请及时接单。', 'work_order', 34, 1, '2026-01-14 14:17:29', '2026-01-16 05:56:54');
INSERT INTO `notifications` VALUES (189, 1, 'task_pending', '待确认任务：宝山', '任务「宝山」（销售单位：宝山,理想公司）已创建，等待您的确认。', 'task', 36, 1, '2026-01-14 15:04:39', '2026-01-14 07:06:06');
INSERT INTO `notifications` VALUES (190, 31, 'task_confirmed', '任务已确认：宝山', '任务「宝山」已被总管确认，请填写详细需求单。', 'task', 36, 0, '2026-01-14 15:06:08', NULL);
INSERT INTO `notifications` VALUES (191, 33, 'task_confirmed', '任务已确认：宝山', '任务「宝山」已被总管确认，请填写详细需求单。', 'task', 36, 0, '2026-01-14 15:06:08', NULL);
INSERT INTO `notifications` VALUES (192, 34, 'task_confirmed', '任务已确认：宝山', '任务「宝山」已被总管确认，请填写详细需求单。', 'task', 36, 1, '2026-01-14 15:06:08', '2026-01-16 05:00:50');
INSERT INTO `notifications` VALUES (193, 36, 'task_confirmed', '任务已确认：宝山', '任务「宝山」已被总管确认，请填写详细需求单。', 'task', 36, 1, '2026-01-14 15:06:08', '2026-01-14 07:06:30');
INSERT INTO `notifications` VALUES (194, 1, 'task_detail_submitted', '详细需求已提交：宝山', '任务「宝山」的详细需求单已提交，请进行派单。', 'task', 36, 1, '2026-01-14 15:06:37', '2026-01-14 07:07:00');
INSERT INTO `notifications` VALUES (195, 36, 'task_dispatched', '任务已派单：宝山', '任务「宝山」已派单给您，请转派给具体成员。', 'work_order', 39, 1, '2026-01-14 15:07:07', '2026-01-14 07:13:45');
INSERT INTO `notifications` VALUES (196, 36, 'task_dispatched', '任务已派单：宝山', '任务「宝山」已派单给您，请转派给具体成员。', 'work_order', 40, 1, '2026-01-14 15:07:11', '2026-01-14 07:07:54');
INSERT INTO `notifications` VALUES (197, 36, 'work_order_assigned', '工单已分配：WO36-R26-1768345631', '工单「WO36-R26-1768345631」已分配给您，请及时接单。', 'work_order', 40, 1, '2026-01-14 15:07:57', '2026-01-14 07:14:09');
INSERT INTO `notifications` VALUES (198, 36, 'work_order_assigned', '工单已分配：WO36-R27-1768345627', '工单「WO36-R27-1768345627」已分配给您，请及时接单。', 'work_order', 39, 1, '2026-01-14 15:13:49', '2026-01-14 07:14:06');
INSERT INTO `notifications` VALUES (199, 36, 'work_order_assigned', '工单已分配：WO33-R16-1768332548', '工单「WO33-R16-1768332548」已分配给您，请及时接单。', 'work_order', 30, 1, '2026-01-14 15:13:53', '2026-01-14 07:14:04');
INSERT INTO `notifications` VALUES (200, 36, 'work_order_assigned', '工单已分配：WO33-R17-1768332544', '工单「WO33-R17-1768332544」已分配给您，请及时接单。', 'work_order', 29, 1, '2026-01-14 15:13:55', '2026-01-14 07:14:01');
INSERT INTO `notifications` VALUES (201, 36, 'work_order_accepted', '工单已接单：WO33-R17-1768332544', '工单「WO33-R17-1768332544」已被成员接单。', 'work_order', 29, 1, '2026-01-14 15:14:02', '2026-04-08 07:59:16');
INSERT INTO `notifications` VALUES (202, 36, 'work_order_accepted', '工单已接单：WO33-R16-1768332548', '工单「WO33-R16-1768332548」已被成员接单。', 'work_order', 30, 1, '2026-01-14 15:14:04', '2026-04-08 07:59:16');
INSERT INTO `notifications` VALUES (203, 36, 'work_order_accepted', '工单已接单：WO36-R27-1768345627', '工单「WO36-R27-1768345627」已被成员接单。', 'work_order', 39, 1, '2026-01-14 15:14:07', '2026-04-08 07:59:16');
INSERT INTO `notifications` VALUES (204, 36, 'work_order_accepted', '工单已接单：WO36-R26-1768345631', '工单「WO36-R26-1768345631」已被成员接单。', 'work_order', 40, 1, '2026-01-14 15:14:09', '2026-04-08 07:59:16');
INSERT INTO `notifications` VALUES (205, 4, 'work_order_accepted', '工单已接单：WO35-R23-1768342619', '工单「WO35-R23-1768342619」已被成员接单。', 'work_order', 36, 1, '2026-01-15 09:01:30', '2026-01-15 03:02:40');
INSERT INTO `notifications` VALUES (206, 4, 'visit_log_created', '新的拜访日志：WO35-R23-1768342619', '成员已提交新的拜访日志，请进行复盘。', 'visit_log', 6, 1, '2026-01-15 09:45:08', '2026-01-15 03:02:39');
INSERT INTO `notifications` VALUES (207, 6, 'visit_log_created', '新的拜访日志：WO29-R7-1768176766', '成员已提交新的拜访日志，请进行复盘。', 'visit_log', 7, 0, '2026-01-15 09:45:21', NULL);
INSERT INTO `notifications` VALUES (208, 6, 'visit_log_created', '新的拜访日志：WO29-R7-1768176766', '成员已提交新的拜访日志，请进行复盘。', 'visit_log', 8, 0, '2026-01-15 09:57:35', NULL);
INSERT INTO `notifications` VALUES (209, 4, 'visit_log_created', '新的拜访日志：WO11-1767910342', '成员已提交新的拜访日志，请进行复盘。', 'visit_log', 9, 1, '2026-01-15 10:05:44', '2026-01-15 03:02:37');
INSERT INTO `notifications` VALUES (210, 1, 'opportunity_created', '新商机：asdasdadas', '任务「晓助理」中产生了新商机「asdasdadas」。', 'opportunity', 3, 1, '2026-01-15 10:14:55', '2026-01-15 03:00:09');
INSERT INTO `notifications` VALUES (211, 1, 'opportunity_created', '新商机：qwdeq', '任务「晓助理」中产生了新商机「qwdeq」。', 'opportunity', 4, 1, '2026-01-15 10:33:06', '2026-01-15 03:00:08');
INSERT INTO `notifications` VALUES (212, 1, 'opportunity_status_changed', '商机状态变更：qwdeq', '商机「qwdeq」状态已变更为「流失」。', 'opportunity', 4, 1, '2026-01-15 11:03:26', '2026-01-15 05:11:54');
INSERT INTO `notifications` VALUES (213, 1, 'opportunity_created', '新商机：asdafda', '任务「理想公司」中产生了新商机「asdafda」。', 'opportunity', 5, 1, '2026-01-15 11:04:13', '2026-01-15 05:11:54');
INSERT INTO `notifications` VALUES (214, 1, 'opportunity_status_changed', '商机状态变更：asdasdadas', '商机「asdasdadas」状态已变更为「转定」。', 'opportunity', 3, 1, '2026-01-15 11:13:15', '2026-01-15 05:11:53');
INSERT INTO `notifications` VALUES (215, 1, 'opportunity_created', '新商机：asdasdasda', '任务「理想公司」中产生了新商机「asdasdasda」。', 'opportunity', 6, 1, '2026-01-15 11:13:58', '2026-01-15 05:11:51');
INSERT INTO `notifications` VALUES (216, 4, 'visit_log_created', '新的拜访日志：WO4-1767475421', '成员已提交新的拜访日志，请进行复盘。', 'visit_log', 10, 1, '2026-01-15 11:20:43', '2026-01-15 03:22:03');
INSERT INTO `notifications` VALUES (217, 1, 'opportunity_created', '新商机：sfbsrfmngf', '任务「云桌面」中产生了新商机「sfbsrfmngf」。', 'opportunity', 7, 1, '2026-01-15 11:21:38', '2026-01-15 05:11:52');
INSERT INTO `notifications` VALUES (218, 1, 'opportunity_status_changed', '商机状态变更：sfbsrfmngf', '商机「sfbsrfmngf」状态已变更为「转定」。', 'opportunity', 7, 1, '2026-01-15 11:23:08', '2026-01-15 05:11:51');
INSERT INTO `notifications` VALUES (219, 1, 'opportunity_status_changed', '商机状态变更：sfbsrfmngf', '商机「sfbsrfmngf」状态已变更为「转定」。', 'opportunity', 7, 1, '2026-01-15 11:23:33', '2026-01-15 05:11:50');
INSERT INTO `notifications` VALUES (220, 4, 'work_order_accepted', '工单已接单：WO35-R21-1768342536', '工单「WO35-R21-1768342536」已被成员接单。', 'work_order', 35, 1, '2026-01-15 14:08:34', '2026-01-15 06:44:07');
INSERT INTO `notifications` VALUES (221, 1, 'work_order_completed', '工单已完成：WO35-R23-1768342619', '工单「WO35-R23-1768342619」（任务：宝山项目）已完成。', 'work_order', 36, 1, '2026-01-15 14:44:05', '2026-01-15 06:44:44');
INSERT INTO `notifications` VALUES (222, 2, 'work_order_completed', '工单已完成：WO35-R23-1768342619', '工单「WO35-R23-1768342619」（任务：宝山项目）已完成。', 'work_order', 36, 0, '2026-01-15 14:44:05', NULL);
INSERT INTO `notifications` VALUES (223, 1, 'work_order_completed', '工单已完成：WO35-R21-1768342536', '工单「WO35-R21-1768342536」（任务：宝山项目）已完成。', 'work_order', 35, 1, '2026-01-15 14:44:14', '2026-01-15 06:44:43');
INSERT INTO `notifications` VALUES (224, 2, 'work_order_completed', '工单已完成：WO35-R21-1768342536', '工单「WO35-R21-1768342536」（任务：宝山项目）已完成。', 'work_order', 35, 0, '2026-01-15 14:44:14', NULL);
INSERT INTO `notifications` VALUES (225, 1, 'work_order_completed', '工单已完成：WO34-R19-1768338933', '工单「WO34-R19-1768338933」（任务：测试）已完成。', 'work_order', 32, 1, '2026-01-15 14:44:24', '2026-01-15 06:44:43');
INSERT INTO `notifications` VALUES (226, 2, 'work_order_completed', '工单已完成：WO34-R19-1768338933', '工单「WO34-R19-1768338933」（任务：测试）已完成。', 'work_order', 32, 0, '2026-01-15 14:44:24', NULL);
INSERT INTO `notifications` VALUES (227, 1, 'work_order_completed', '工单已完成：WO34-R18-1768338929', '工单「WO34-R18-1768338929」（任务：测试）已完成。', 'work_order', 31, 1, '2026-01-15 14:44:26', '2026-01-15 06:44:42');
INSERT INTO `notifications` VALUES (228, 2, 'work_order_completed', '工单已完成：WO34-R18-1768338929', '工单「WO34-R18-1768338929」（任务：测试）已完成。', 'work_order', 31, 0, '2026-01-15 14:44:26', NULL);
INSERT INTO `notifications` VALUES (229, 1, 'work_order_completed', '工单已完成：WO32-R14-1768324892', '工单「WO32-R14-1768324892」（任务：adadas）已完成。', 'work_order', 28, 1, '2026-01-15 14:44:28', '2026-01-15 06:44:40');
INSERT INTO `notifications` VALUES (230, 2, 'work_order_completed', '工单已完成：WO32-R14-1768324892', '工单「WO32-R14-1768324892」（任务：adadas）已完成。', 'work_order', 28, 0, '2026-01-15 14:44:28', NULL);
INSERT INTO `notifications` VALUES (231, 2, 'task_rejected', '任务已拒绝：asaf', '任务「asaf」已被总管拒绝。拒绝原因：qwdq', 'task', 14, 0, '2026-01-15 15:09:55', NULL);
INSERT INTO `notifications` VALUES (232, 1, 'task_pending', '待确认任务：任务1', '任务「任务1」（销售单位：宝山,理想公司）已创建，等待您的确认。', 'task', 37, 1, '2026-01-15 15:11:52', '2026-01-15 07:12:22');
INSERT INTO `notifications` VALUES (233, 31, 'task_confirmed', '任务已确认：任务1', '任务「任务1」已被总管确认，请填写详细需求单。', 'task', 37, 0, '2026-01-15 15:12:17', NULL);
INSERT INTO `notifications` VALUES (234, 33, 'task_confirmed', '任务已确认：任务1', '任务「任务1」已被总管确认，请填写详细需求单。', 'task', 37, 0, '2026-01-15 15:12:17', NULL);
INSERT INTO `notifications` VALUES (235, 34, 'task_confirmed', '任务已确认：任务1', '任务「任务1」已被总管确认，请填写详细需求单。', 'task', 37, 1, '2026-01-15 15:12:17', '2026-01-16 05:00:49');
INSERT INTO `notifications` VALUES (236, 36, 'task_confirmed', '任务已确认：任务1', '任务「任务1」已被总管确认，请填写详细需求单。', 'task', 37, 1, '2026-01-15 15:12:17', '2026-01-15 07:13:16');
INSERT INTO `notifications` VALUES (237, 1, 'task_detail_submitted', '详细需求已提交：任务1', '任务「任务1」的详细需求单已提交，请进行派单。', 'task', 37, 1, '2026-01-15 15:13:02', '2026-01-15 07:13:44');
INSERT INTO `notifications` VALUES (238, 1, 'task_detail_submitted', '详细需求已提交：任务1', '任务「任务1」的详细需求单已提交，请进行派单。', 'task', 37, 1, '2026-01-15 15:13:13', '2026-01-15 07:13:31');
INSERT INTO `notifications` VALUES (239, 4, 'task_dispatched', '任务已派单：任务1', '任务「任务1」已派单给您，请转派给具体成员。', 'work_order', 41, 1, '2026-01-15 15:13:35', '2026-01-15 07:14:41');
INSERT INTO `notifications` VALUES (240, 4, 'task_dispatched', '任务已派单：任务1', '任务「任务1」已派单给您，请转派给具体成员。', 'work_order', 42, 1, '2026-01-15 15:13:37', '2026-01-15 07:14:40');
INSERT INTO `notifications` VALUES (241, 4, 'task_dispatched', '任务已派单：任务1', '任务「任务1」已派单给您，请转派给具体成员。', 'work_order', 43, 1, '2026-01-15 15:13:41', '2026-01-15 07:13:58');
INSERT INTO `notifications` VALUES (242, 7, 'work_order_assigned', '工单已分配：WO37-R28-1768432421', '工单「WO37-R28-1768432421」已分配给您，请及时接单。', 'work_order', 43, 0, '2026-01-15 15:14:01', NULL);
INSERT INTO `notifications` VALUES (243, 5, 'work_order_assigned', '工单已分配：WO37-R30-1768432415', '工单「WO37-R30-1768432415」已分配给您，请及时接单。', 'work_order', 41, 1, '2026-01-15 15:14:12', '2026-01-15 07:15:49');
INSERT INTO `notifications` VALUES (244, 7, 'work_order_assigned', '工单已分配：WO37-R29-1768432417', '工单「WO37-R29-1768432417」已分配给您，请及时接单。', 'work_order', 42, 0, '2026-01-15 15:14:16', NULL);
INSERT INTO `notifications` VALUES (245, 4, 'work_order_accepted', '工单已接单：WO37-R30-1768432415', '工单「WO37-R30-1768432415」已被成员接单。', 'work_order', 41, 1, '2026-01-15 15:15:50', '2026-01-16 06:04:28');
INSERT INTO `notifications` VALUES (246, 1, 'user_registration_pending', '新用户注册待审核：yyy', '用户「yyy」（test16）已提交注册申请，请及时审核。', 'user', 40, 1, '2026-01-16 09:24:44', '2026-01-16 01:28:37');
INSERT INTO `notifications` VALUES (248, 1, 'user_registration_pending', '新用户注册待审核：aaa', '用户「aaa」（qqq）已提交注册申请，请及时审核。', 'user', 41, 1, '2026-01-16 09:31:21', '2026-01-16 01:31:33');
INSERT INTO `notifications` VALUES (250, 9, 'visit_log_created', '新的拜访日志：WO9-1768155247', '成员已提交新的拜访日志，请进行复盘。', 'visit_log', 11, 0, '2026-01-16 09:37:32', NULL);
INSERT INTO `notifications` VALUES (251, 9, 'lead_created', '新线索：adqd', '成员已创建新线索「adqd」（任务：asda），请及时查看。', 'lead', 8, 0, '2026-01-16 09:38:24', NULL);
INSERT INTO `notifications` VALUES (252, 1, 'lead_created', '新线索：adqd', '任务「asda」中产生了新线索「adqd」。', 'lead', 8, 1, '2026-01-16 09:38:24', '2026-01-16 02:09:10');
INSERT INTO `notifications` VALUES (253, 4, 'visit_log_created', '新的拜访日志：WO37-R30-1768432415', '成员已提交新的拜访日志，请进行复盘。', 'visit_log', 12, 1, '2026-01-16 10:31:44', '2026-01-16 06:04:28');
INSERT INTO `notifications` VALUES (254, 4, 'lead_created', '新线索：asdas', '成员已创建新线索「asdas」（任务：任务1），请及时查看。', 'lead', 9, 1, '2026-01-16 11:17:29', '2026-01-16 06:04:27');
INSERT INTO `notifications` VALUES (255, 1, 'lead_created', '新线索：asdas', '任务「任务1」中产生了新线索「asdas」。', 'lead', 9, 1, '2026-01-16 11:17:29', '2026-01-16 04:48:59');
INSERT INTO `notifications` VALUES (256, 1, 'opportunity_created', '新商机：asdasdasdas', '任务「任务1」中产生了新商机「asdasdasdas」。', 'opportunity', 8, 1, '2026-01-16 11:17:41', '2026-01-16 04:48:58');
INSERT INTO `notifications` VALUES (257, 6, 'visit_log_created', '新的拜访日志：WO29-R7-1768176766', '成员已提交新的拜访日志，请进行复盘。', 'visit_log', 13, 0, '2026-01-16 11:36:34', NULL);
INSERT INTO `notifications` VALUES (258, 4, 'visit_log_created', '新的拜访日志：WO29-R6-1768176768', '成员已提交新的拜访日志，请进行复盘。', 'visit_log', 14, 1, '2026-01-16 12:46:58', '2026-01-16 04:52:19');
INSERT INTO `notifications` VALUES (259, 1, 'task_pending', '待确认任务：任务2', '任务「任务2」（销售单位：宝山,理想公司）已创建，等待您的确认。', 'task', 38, 1, '2026-01-16 12:50:05', '2026-01-16 04:50:16');
INSERT INTO `notifications` VALUES (260, 31, 'task_confirmed', '任务已确认：任务2', '任务「任务2」已被总管确认，请填写详细需求单。', 'task', 38, 0, '2026-01-16 12:50:41', NULL);
INSERT INTO `notifications` VALUES (261, 33, 'task_confirmed', '任务已确认：任务2', '任务「任务2」已被总管确认，请填写详细需求单。', 'task', 38, 0, '2026-01-16 12:50:41', NULL);
INSERT INTO `notifications` VALUES (262, 34, 'task_confirmed', '任务已确认：任务2', '任务「任务2」已被总管确认，请填写详细需求单。', 'task', 38, 1, '2026-01-16 12:50:41', '2026-01-16 04:51:13');
INSERT INTO `notifications` VALUES (263, 36, 'task_confirmed', '任务已确认：任务2', '任务「任务2」已被总管确认，请填写详细需求单。', 'task', 38, 1, '2026-01-16 12:50:41', '2026-01-21 02:28:59');
INSERT INTO `notifications` VALUES (264, 1, 'task_detail_submitted', '详细需求已提交：任务2', '任务「任务2」的详细需求单已提交，请进行派单。', 'task', 38, 1, '2026-01-16 12:51:38', '2026-01-16 04:51:51');
INSERT INTO `notifications` VALUES (265, 4, 'task_dispatched', '任务已派单：任务2', '任务「任务2」已派单给您，请转派给具体成员。', 'work_order', 44, 1, '2026-01-16 12:51:56', '2026-01-16 04:52:14');
INSERT INTO `notifications` VALUES (266, 4, 'task_dispatched', '任务已派单：任务2', '任务「任务2」已派单给您，请转派给具体成员。', 'work_order', 45, 1, '2026-01-16 12:51:59', '2026-01-16 04:52:08');
INSERT INTO `notifications` VALUES (267, 5, 'work_order_assigned', '工单已分配：WO38-R31-1768510319', '工单「WO38-R31-1768510319」已分配给您，请及时接单。', 'work_order', 45, 1, '2026-01-16 12:52:12', '2026-01-16 04:52:30');
INSERT INTO `notifications` VALUES (268, 5, 'work_order_assigned', '工单已分配：WO38-R32-1768510316', '工单「WO38-R32-1768510316」已分配给您，请及时接单。', 'work_order', 44, 1, '2026-01-16 12:52:16', '2026-01-16 04:52:27');
INSERT INTO `notifications` VALUES (269, 4, 'work_order_accepted', '工单已接单：WO38-R32-1768510316', '工单「WO38-R32-1768510316」已被成员接单。', 'work_order', 44, 1, '2026-01-16 12:52:27', '2026-01-16 06:04:27');
INSERT INTO `notifications` VALUES (270, 4, 'work_order_accepted', '工单已接单：WO38-R31-1768510319', '工单「WO38-R31-1768510319」已被成员接单。', 'work_order', 45, 1, '2026-01-16 12:52:30', '2026-01-16 06:04:27');
INSERT INTO `notifications` VALUES (271, 1, 'task_pending', '待确认任务：asdasdasd', '任务「asdasdasd」（销售单位：宝山,理想公司）已创建，等待您的确认。', 'task', 39, 1, '2026-01-16 13:02:10', '2026-01-16 05:02:21');
INSERT INTO `notifications` VALUES (272, 31, 'task_confirmed', '任务已确认：asdasdasd', '任务「asdasdasd」已被总管确认，请填写详细需求单。', 'task', 39, 0, '2026-01-16 13:02:23', NULL);
INSERT INTO `notifications` VALUES (273, 33, 'task_confirmed', '任务已确认：asdasdasd', '任务「asdasdasd」已被总管确认，请填写详细需求单。', 'task', 39, 0, '2026-01-16 13:02:23', NULL);
INSERT INTO `notifications` VALUES (274, 34, 'task_confirmed', '任务已确认：asdasdasd', '任务「asdasdasd」已被总管确认，请填写详细需求单。', 'task', 39, 1, '2026-01-16 13:02:23', '2026-01-16 05:02:41');
INSERT INTO `notifications` VALUES (275, 36, 'task_confirmed', '任务已确认：asdasdasd', '任务「asdasdasd」已被总管确认，请填写详细需求单。', 'task', 39, 1, '2026-01-16 13:02:23', '2026-01-21 02:28:56');
INSERT INTO `notifications` VALUES (276, 1, 'task_detail_submitted', '详细需求已提交：asdasdasd', '任务「asdasdasd」的详细需求单已提交，请进行派单。', 'task', 39, 1, '2026-01-16 13:02:46', '2026-01-16 05:03:04');
INSERT INTO `notifications` VALUES (277, 4, 'task_dispatched', '任务已派单：asdasdasd', '任务「asdasdasd」已派单给您，请转派给具体成员。', 'work_order', 46, 1, '2026-01-16 13:03:08', '2026-01-16 05:04:55');
INSERT INTO `notifications` VALUES (278, 4, 'task_dispatched', '任务已派单：asdasdasd', '任务「asdasdasd」已派单给您，请转派给具体成员。', 'work_order', 47, 1, '2026-01-16 13:03:11', '2026-01-16 05:04:49');
INSERT INTO `notifications` VALUES (279, 5, 'work_order_assigned', '工单已分配：WO39-R33-1768510991', '工单「WO39-R33-1768510991」已分配给您，请及时接单。', 'work_order', 47, 1, '2026-01-16 13:04:51', '2026-01-16 05:05:12');
INSERT INTO `notifications` VALUES (280, 5, 'work_order_assigned', '工单已分配：WO39-R34-1768510988', '工单「WO39-R34-1768510988」已分配给您，请及时接单。', 'work_order', 46, 1, '2026-01-16 13:05:00', '2026-01-16 05:05:09');
INSERT INTO `notifications` VALUES (281, 4, 'work_order_accepted', '工单已接单：WO39-R34-1768510988', '工单「WO39-R34-1768510988」已被成员接单。', 'work_order', 46, 1, '2026-01-16 13:05:10', '2026-01-16 06:04:26');
INSERT INTO `notifications` VALUES (282, 4, 'work_order_accepted', '工单已接单：WO39-R33-1768510991', '工单「WO39-R33-1768510991」已被成员接单。', 'work_order', 47, 1, '2026-01-16 13:05:12', '2026-01-16 06:04:25');
INSERT INTO `notifications` VALUES (283, 1, 'task_detail_submitted', '详细需求已提交：asdasdasd', '任务「asdasdasd」的详细需求单已提交，请进行派单。', 'task', 39, 1, '2026-01-16 13:08:05', '2026-01-16 05:08:38');
INSERT INTO `notifications` VALUES (284, 2, 'task_rejected', '任务已拒绝：asdasd', '任务「asdasd」已被总管拒绝。拒绝原因：asdas', 'task', 17, 0, '2026-01-16 13:08:35', NULL);
INSERT INTO `notifications` VALUES (285, 1, 'task_pending', '待确认任务：asdsa', '任务「asdsa」（销售单位：宝山）已创建，等待您的确认。', 'task', 40, 1, '2026-01-16 13:11:33', '2026-01-16 05:12:24');
INSERT INTO `notifications` VALUES (286, 36, 'task_confirmed', '任务已确认：asdsa', '任务「asdsa」已被总管确认，请填写详细需求单。', 'task', 40, 1, '2026-01-16 13:12:27', '2026-01-16 05:13:32');
INSERT INTO `notifications` VALUES (287, 1, 'task_detail_submitted', '详细需求已提交：asdsa', '任务「asdsa」的详细需求单已提交，请进行派单。', 'task', 40, 1, '2026-01-16 13:13:48', '2026-01-16 05:14:01');
INSERT INTO `notifications` VALUES (288, 4, 'task_dispatched', '任务已派单：asdsa', '任务「asdsa」已派单给您，请转派给具体成员。', 'work_order', 48, 1, '2026-01-16 13:14:05', '2026-01-16 06:04:26');
INSERT INTO `notifications` VALUES (289, 4, 'task_dispatched', '任务已派单：asdasdasd', '任务「asdasdasd」已派单给您，请转派给具体成员。', 'work_order', 49, 1, '2026-01-16 13:14:19', '2026-01-16 06:04:25');
INSERT INTO `notifications` VALUES (290, 6, 'visit_log_created', '新的拜访日志：WO20-1768166074', '成员已提交新的拜访日志，请进行复盘。', 'visit_log', 15, 0, '2026-01-16 13:24:20', NULL);
INSERT INTO `notifications` VALUES (291, 4, 'work_order_accepted', '工单已接单：WO35-R22-1768342530', '工单「WO35-R22-1768342530」已被成员接单。', 'work_order', 34, 1, '2026-01-16 13:56:55', '2026-01-16 06:04:25');
INSERT INTO `notifications` VALUES (292, 1, 'opportunity_created', '新商机：ada', '任务「asda」中产生了新商机「ada」。', 'opportunity', 9, 1, '2026-01-16 14:09:41', '2026-01-16 07:15:51');
INSERT INTO `notifications` VALUES (293, 1, 'opportunity_created', '新商机：qwwq', '任务「晓助理」中产生了新商机「qwwq」。', 'opportunity', 10, 1, '2026-01-16 14:16:11', '2026-01-16 07:15:50');
INSERT INTO `notifications` VALUES (294, 4, 'visit_log_created', '新的拜访日志：WO39-R34-1768510988', '成员已提交新的拜访日志，请进行复盘。', 'visit_log', 16, 1, '2026-01-16 14:20:41', '2026-01-16 06:28:44');
INSERT INTO `notifications` VALUES (295, 4, 'lead_created', '新线索：qdqwd', '成员已创建新线索「qdqwd」（任务：asdasdasd），请及时查看。', 'lead', 10, 1, '2026-01-16 14:21:13', '2026-01-16 06:28:44');
INSERT INTO `notifications` VALUES (296, 1, 'lead_created', '新线索：qdqwd', '任务「asdasdasd」中产生了新线索「qdqwd」。', 'lead', 10, 1, '2026-01-16 14:21:13', '2026-01-16 07:15:49');
INSERT INTO `notifications` VALUES (297, 1, 'opportunity_created', '新商机：qwdwq', '任务「asdasdasd」中产生了新商机「qwdwq」。', 'opportunity', 11, 1, '2026-01-16 14:21:25', '2026-01-16 07:15:48');
INSERT INTO `notifications` VALUES (298, 6, 'lead_created', '新线索：qwdqdq', '成员已创建新线索「qwdqdq」（任务：asda），请及时查看。', 'lead', 11, 0, '2026-01-16 14:22:47', NULL);
INSERT INTO `notifications` VALUES (299, 1, 'lead_created', '新线索：qwdqdq', '任务「asda」中产生了新线索「qwdqdq」。', 'lead', 11, 1, '2026-01-16 14:22:47', '2026-01-16 07:15:48');
INSERT INTO `notifications` VALUES (300, 1, 'opportunity_created', '新商机：dqwdwqdq', '任务「asda」中产生了新商机「dqwdwqdq」。', 'opportunity', 12, 1, '2026-01-16 14:23:11', '2026-01-16 07:15:49');
INSERT INTO `notifications` VALUES (301, 1, 'opportunity_status_changed', '商机状态变更：qwdwq', '商机「qwdwq」状态已变更为「进行中」。', 'opportunity', 11, 1, '2026-01-16 14:27:33', '2026-01-16 07:15:49');
INSERT INTO `notifications` VALUES (302, 6, 'lead_created', '新线索：asdsa', '成员已创建新线索「asdsa」（任务：理想公司），请及时查看。', 'lead', 12, 0, '2026-01-16 14:30:27', NULL);
INSERT INTO `notifications` VALUES (303, 1, 'lead_created', '新线索：asdsa', '任务「理想公司」中产生了新线索「asdsa」。', 'lead', 12, 1, '2026-01-16 14:30:27', '2026-01-16 07:15:47');
INSERT INTO `notifications` VALUES (304, 1, 'opportunity_created', '新商机：asdas', '任务「理想公司」中产生了新商机「asdas」。', 'opportunity', 13, 1, '2026-01-16 14:30:50', '2026-01-16 07:15:46');
INSERT INTO `notifications` VALUES (305, 4, 'lead_created', '新线索：asdada', '成员已创建新线索「asdada」（任务：晓助理），请及时查看。', 'lead', 13, 1, '2026-01-16 14:51:45', '2026-01-20 05:39:40');
INSERT INTO `notifications` VALUES (306, 1, 'lead_created', '新线索：asdada', '任务「晓助理」中产生了新线索「asdada」。', 'lead', 13, 1, '2026-01-16 14:51:45', '2026-01-16 07:15:46');
INSERT INTO `notifications` VALUES (307, 1, 'opportunity_created', '新商机：dq', '任务「晓助理」中产生了新商机「dq」。', 'opportunity', 14, 1, '2026-01-16 14:52:02', '2026-01-16 07:15:45');
INSERT INTO `notifications` VALUES (308, 4, 'visit_log_created', '新的拜访日志：WO39-R33-1768510991', '成员已提交新的拜访日志，请进行复盘。', 'visit_log', 17, 1, '2026-01-16 15:03:23', '2026-01-20 05:39:40');
INSERT INTO `notifications` VALUES (309, 4, 'lead_created', '新线索：qwqd', '成员已创建新线索「qwqd」（任务：asdasdasd），请及时查看。', 'lead', 14, 1, '2026-01-16 15:03:33', '2026-01-20 05:39:39');
INSERT INTO `notifications` VALUES (310, 1, 'lead_created', '新线索：qwqd', '任务「asdasdasd」中产生了新线索「qwqd」。', 'lead', 14, 1, '2026-01-16 15:03:33', '2026-01-16 07:15:44');
INSERT INTO `notifications` VALUES (311, 1, 'opportunity_created', '新商机：qwdqdqd', '任务「asdasdasd」中产生了新商机「qwdqdqd」。', 'opportunity', 15, 1, '2026-01-16 15:03:47', '2026-01-16 07:15:44');
INSERT INTO `notifications` VALUES (312, 1, 'opportunity_status_changed', '商机状态变更：qwdqdqd', '商机「qwdqdqd」状态已变更为「转定」。', 'opportunity', 15, 1, '2026-01-16 15:09:24', '2026-01-16 07:15:44');
INSERT INTO `notifications` VALUES (313, 1, 'opportunity_status_changed', '商机状态变更：dq', '商机「dq」状态已变更为「转定」。', 'opportunity', 14, 1, '2026-01-16 15:09:37', '2026-01-16 07:15:43');
INSERT INTO `notifications` VALUES (314, 4, 'lead_created', '新线索：fewfaf', '成员已创建新线索「fewfaf」（任务：asdasdasd），请及时查看。', 'lead', 15, 1, '2026-01-17 23:14:01', '2026-01-20 05:39:39');
INSERT INTO `notifications` VALUES (315, 1, 'lead_created', '新线索：fewfaf', '任务「asdasdasd」中产生了新线索「fewfaf」。', 'lead', 15, 1, '2026-01-17 23:14:01', '2026-01-18 01:12:42');
INSERT INTO `notifications` VALUES (316, 1, 'opportunity_created', '新商机：wdwqd', '任务「asdasdasd」中产生了新商机「wdwqd」。', 'opportunity', 16, 1, '2026-01-17 23:14:15', '2026-01-18 01:12:39');
INSERT INTO `notifications` VALUES (317, 1, 'work_order_completed', '工单已完成：WO38-R31-1768510319', '工单「WO38-R31-1768510319」（任务：任务2）已完成。', 'work_order', 45, 1, '2026-01-19 15:38:17', '2026-01-20 05:54:11');
INSERT INTO `notifications` VALUES (318, 2, 'work_order_completed', '工单已完成：WO38-R31-1768510319', '工单「WO38-R31-1768510319」（任务：任务2）已完成。', 'work_order', 45, 0, '2026-01-19 15:38:17', NULL);
INSERT INTO `notifications` VALUES (319, 1, 'work_order_completed', '工单已完成：WO39-R34-1768510988', '工单「WO39-R34-1768510988」（任务：asdasdasd）已完成。', 'work_order', 46, 1, '2026-01-19 15:40:39', '2026-01-20 05:54:12');
INSERT INTO `notifications` VALUES (320, 2, 'work_order_completed', '工单已完成：WO39-R34-1768510988', '工单「WO39-R34-1768510988」（任务：asdasdasd）已完成。', 'work_order', 46, 0, '2026-01-19 15:40:39', NULL);
INSERT INTO `notifications` VALUES (321, 1, 'work_order_completed', '工单已完成：WO29-R6-1768176768', '工单「WO29-R6-1768176768」（任务：理想公司）已完成。', 'work_order', 21, 1, '2026-01-19 15:40:42', '2026-01-20 05:54:12');
INSERT INTO `notifications` VALUES (322, 2, 'work_order_completed', '工单已完成：WO29-R6-1768176768', '工单「WO29-R6-1768176768」（任务：理想公司）已完成。', 'work_order', 21, 0, '2026-01-19 15:40:42', NULL);
INSERT INTO `notifications` VALUES (323, 1, 'work_order_completed', '工单已完成：WO20-1768166074', '工单「WO20-1768166074」（任务：asda）已完成。', 'work_order', 11, 1, '2026-01-19 15:40:44', '2026-01-20 05:54:01');
INSERT INTO `notifications` VALUES (324, 2, 'work_order_completed', '工单已完成：WO20-1768166074', '工单「WO20-1768166074」（任务：asda）已完成。', 'work_order', 11, 0, '2026-01-19 15:40:44', NULL);
INSERT INTO `notifications` VALUES (325, 1, 'work_order_completed', '工单已完成：WO9-1768155247', '工单「WO9-1768155247」（任务：asda）已完成。', 'work_order', 10, 1, '2026-01-19 15:40:47', '2026-01-20 05:54:00');
INSERT INTO `notifications` VALUES (326, 2, 'work_order_completed', '工单已完成：WO9-1768155247', '工单「WO9-1768155247」（任务：asda）已完成。', 'work_order', 10, 0, '2026-01-19 15:40:47', NULL);
INSERT INTO `notifications` VALUES (327, 1, 'work_order_completed', '工单已完成：WO24-1768154314', '工单「WO24-1768154314」（任务：dwd）已完成。', 'work_order', 7, 1, '2026-01-19 15:40:48', '2026-01-20 05:54:00');
INSERT INTO `notifications` VALUES (328, 2, 'work_order_completed', '工单已完成：WO24-1768154314', '工单「WO24-1768154314」（任务：dwd）已完成。', 'work_order', 7, 0, '2026-01-19 15:40:48', NULL);
INSERT INTO `notifications` VALUES (329, 1, 'work_order_completed', '工单已完成：WO11-1767910342', '工单「WO11-1767910342」（任务：晓助理）已完成。', 'work_order', 6, 1, '2026-01-19 15:40:50', '2026-01-20 05:54:00');
INSERT INTO `notifications` VALUES (330, 2, 'work_order_completed', '工单已完成：WO11-1767910342', '工单「WO11-1767910342」（任务：晓助理）已完成。', 'work_order', 6, 0, '2026-01-19 15:40:50', NULL);
INSERT INTO `notifications` VALUES (331, 1, 'work_order_completed', '工单已完成：WO4-1767475421', '工单「WO4-1767475421」（任务：云桌面）已完成。', 'work_order', 2, 1, '2026-01-19 15:40:51', '2026-01-20 05:53:59');
INSERT INTO `notifications` VALUES (332, 2, 'work_order_completed', '工单已完成：WO4-1767475421', '工单「WO4-1767475421」（任务：云桌面）已完成。', 'work_order', 2, 0, '2026-01-19 15:40:51', NULL);
INSERT INTO `notifications` VALUES (333, 1, 'work_order_completed', '工单已完成：WO3-1767475130', '工单「WO3-1767475130」（任务：ceafa）已完成。', 'work_order', 1, 1, '2026-01-19 15:40:54', '2026-01-20 05:53:59');
INSERT INTO `notifications` VALUES (334, 2, 'work_order_completed', '工单已完成：WO3-1767475130', '工单「WO3-1767475130」（任务：ceafa）已完成。', 'work_order', 1, 0, '2026-01-19 15:40:54', NULL);
INSERT INTO `notifications` VALUES (335, 4, 'lead_created', '新线索：asda', '成员已创建新线索「asda」（任务：asdasdasd），请及时查看。', 'lead', 16, 1, '2026-01-20 09:10:17', '2026-01-20 05:39:35');
INSERT INTO `notifications` VALUES (336, 1, 'lead_created', '新线索：asda', '任务「asdasdasd」中产生了新线索「asda」。', 'lead', 16, 1, '2026-01-20 09:10:17', '2026-01-20 05:53:58');
INSERT INTO `notifications` VALUES (337, 6, 'lead_created', '新线索：qwdwqdq', '成员已创建新线索「qwdwqdq」（任务：asda），请及时查看。', 'lead', 17, 0, '2026-01-20 09:11:20', NULL);
INSERT INTO `notifications` VALUES (338, 1, 'lead_created', '新线索：qwdwqdq', '任务「asda」中产生了新线索「qwdwqdq」。', 'lead', 17, 1, '2026-01-20 09:11:20', '2026-01-20 05:53:58');
INSERT INTO `notifications` VALUES (339, 1, 'opportunity_created', '新商机：qwdqwdwq', '任务「asda」中产生了新商机「qwdqwdwq」。', 'opportunity', 17, 1, '2026-01-20 09:16:08', '2026-01-20 05:53:58');
INSERT INTO `notifications` VALUES (340, 1, 'opportunity_status_changed', '商机状态变更：qwdqwdwq', '商机「qwdqwdwq」状态已变更为「进行中」。', 'opportunity', 17, 1, '2026-01-20 09:16:23', '2026-01-20 01:54:16');
INSERT INTO `notifications` VALUES (341, 1, 'task_detail_submitted', '详细需求已提交：任务2', '任务「任务2」的详细需求单已提交，请进行派单。', 'task', 38, 1, '2026-01-20 09:47:07', '2026-01-20 01:47:20');
INSERT INTO `notifications` VALUES (342, 4, 'task_dispatched', '任务已派单：任务2', '任务「任务2」已派单给您，请转派给具体成员。', 'work_order', 50, 1, '2026-01-20 11:22:49', '2026-01-20 05:38:38');
INSERT INTO `notifications` VALUES (343, 7, 'work_order_assigned', '工单已分配：WO38-R37-1768850569', '工单「WO38-R37-1768850569」已分配给您，请及时接单。', 'work_order', 50, 0, '2026-01-20 13:38:53', NULL);
INSERT INTO `notifications` VALUES (344, 7, 'work_order_assigned', '工单已分配：WO39-R35-1768511659', '工单「WO39-R35-1768511659」已分配给您，请及时接单。', 'work_order', 49, 1, '2026-01-20 13:38:58', '2026-01-20 05:40:38');
INSERT INTO `notifications` VALUES (345, 7, 'work_order_assigned', '工单已分配：WO40-R36-1768511645', '工单「WO40-R36-1768511645」已分配给您，请及时接单。', 'work_order', 48, 1, '2026-01-20 13:39:01', '2026-01-20 05:40:14');
INSERT INTO `notifications` VALUES (346, 1, 'work_order_completed', '工单已完成：WO5-1767637439', '工单「WO5-1767637439」（任务：智能客服）已完成。', 'work_order', 3, 1, '2026-01-20 13:40:22', '2026-01-20 05:53:57');
INSERT INTO `notifications` VALUES (347, 2, 'work_order_completed', '工单已完成：WO5-1767637439', '工单「WO5-1767637439」（任务：智能客服）已完成。', 'work_order', 3, 0, '2026-01-20 13:40:22', NULL);
INSERT INTO `notifications` VALUES (348, 4, 'work_order_accepted', '工单已接单：WO37-R29-1768432417', '工单「WO37-R29-1768432417」已被成员接单。', 'work_order', 42, 0, '2026-01-20 13:40:33', NULL);
INSERT INTO `notifications` VALUES (349, 4, 'work_order_accepted', '工单已接单：WO37-R28-1768432421', '工单「WO37-R28-1768432421」已被成员接单。', 'work_order', 43, 0, '2026-01-20 13:40:34', NULL);
INSERT INTO `notifications` VALUES (350, 4, 'work_order_accepted', '工单已接单：WO40-R36-1768511645', '工单「WO40-R36-1768511645」已被成员接单。', 'work_order', 48, 0, '2026-01-20 13:40:35', NULL);
INSERT INTO `notifications` VALUES (351, 1, 'user_registration_pending', '新用户注册待审核：yyyyy', '用户「yyyyy」（test21）已提交注册申请，请及时审核。', 'user', 42, 1, '2026-01-20 13:45:12', '2026-01-20 05:45:33');
INSERT INTO `notifications` VALUES (353, 1, 'task_pending', '待确认任务：qwdqwfqw', '任务「qwdqwfqw」（销售单位：东区,西区,中区,宝山）已创建，等待您的确认。', 'task', 41, 1, '2026-01-21 10:01:57', '2026-01-21 02:02:17');
INSERT INTO `notifications` VALUES (354, 36, 'task_confirmed', '任务已确认：qwdqwfqw', '任务「qwdqwfqw」已被总管确认，请填写详细需求单。', 'task', 41, 1, '2026-01-21 10:02:24', '2026-01-21 02:02:43');
INSERT INTO `notifications` VALUES (355, 1, 'task_detail_submitted', '详细需求已提交：qwdqwfqw', '任务「qwdqwfqw」的详细需求单已提交，请进行派单。', 'task', 41, 1, '2026-01-21 10:02:55', '2026-01-21 02:03:20');
INSERT INTO `notifications` VALUES (356, 9, 'task_dispatched', '任务已派单：qwdqwfqw', '任务「qwdqwfqw」已派单给您，请转派给具体成员。', 'work_order', 51, 0, '2026-01-21 10:03:25', NULL);
INSERT INTO `notifications` VALUES (357, 1, 'task_detail_submitted', '详细需求已提交：qwdqwfqw', '任务「qwdqwfqw」的详细需求单已提交，请进行派单。', 'task', 41, 1, '2026-01-21 10:24:05', '2026-01-21 02:32:51');
INSERT INTO `notifications` VALUES (358, 1, 'task_detail_submitted', '详细需求已提交：qwdqwfqw', '任务「qwdqwfqw」的详细需求单已提交，请进行派单。', 'task', 41, 1, '2026-01-21 10:28:09', '2026-01-21 02:28:29');
INSERT INTO `notifications` VALUES (359, 36, 'task_dispatched', '任务已派单：qwdqwfqw', '任务「qwdqwfqw」已派单给您，请转派给具体成员。', 'work_order', 52, 1, '2026-01-21 10:28:37', '2026-01-21 02:32:16');
INSERT INTO `notifications` VALUES (360, 36, 'task_dispatched', '任务已派单：qwdqwfqw', '任务「qwdqwfqw」已派单给您，请转派给具体成员。', 'work_order', 53, 1, '2026-01-21 10:28:42', '2026-01-21 02:29:35');
INSERT INTO `notifications` VALUES (361, 36, 'work_order_assigned', '工单已分配：WO41-R39-1768933722', '工单「WO41-R39-1768933722」已分配给您，请及时接单。', 'work_order', 53, 1, '2026-01-21 10:29:27', '2026-01-22 02:45:09');
INSERT INTO `notifications` VALUES (362, 36, 'work_order_assigned', '工单已分配：WO41-R40-1768933717', '工单「WO41-R40-1768933717」已分配给您，请及时接单。', 'work_order', 52, 1, '2026-01-21 10:29:32', '2026-01-22 02:45:04');
INSERT INTO `notifications` VALUES (363, 1, 'task_detail_submitted', '详细需求已提交：qwdqwfqw', '任务「qwdqwfqw」的详细需求单已提交，请进行派单。', 'task', 41, 1, '2026-01-21 10:38:15', '2026-01-21 02:38:25');
INSERT INTO `notifications` VALUES (364, 36, 'task_dispatched', '任务已派单：qwdqwfqw', '任务「qwdqwfqw」已派单给您，请转派给具体成员。', 'work_order', 54, 1, '2026-01-21 10:38:29', '2026-04-08 07:59:16');
INSERT INTO `notifications` VALUES (365, 35, 'task_dispatched', '任务已派单：qwdqwfqw', '任务「qwdqwfqw」已派单给您，请转派给具体成员。', 'work_order', 54, 1, '2026-01-21 10:39:49', '2026-04-22 06:14:18');
INSERT INTO `notifications` VALUES (366, 36, 'task_dispatched', '任务已派单：qwdqwfqw', '任务「qwdqwfqw」已派单给您，请转派给具体成员。', 'work_order', 54, 1, '2026-01-21 10:39:55', '2026-04-08 07:59:16');
INSERT INTO `notifications` VALUES (367, 1, 'task_detail_submitted', '详细需求已提交：qwdqwfqw', '任务「qwdqwfqw」的详细需求单已提交，请进行派单。', 'task', 41, 1, '2026-01-22 10:33:33', '2026-01-22 02:34:05');
INSERT INTO `notifications` VALUES (368, 1, 'task_detail_submitted', '详细需求已提交：qwdqwfqw', '任务「qwdqwfqw」的详细需求单已提交，请进行派单。', 'task', 41, 1, '2026-01-22 10:33:43', '2026-01-22 02:33:54');
INSERT INTO `notifications` VALUES (369, 36, 'task_dispatched', '任务已派单：qwdqwfqw', '任务「qwdqwfqw」已派单给您，请转派给具体成员。', 'work_order', 55, 1, '2026-01-22 10:33:59', '2026-04-08 07:59:16');
INSERT INTO `notifications` VALUES (370, 36, 'task_dispatched', '任务已派单：qwdqwfqw', '任务「qwdqwfqw」已派单给您，请转派给具体成员。', 'work_order', 56, 1, '2026-01-22 10:34:02', '2026-04-08 07:59:16');
INSERT INTO `notifications` VALUES (371, 1, 'work_order_cancelled', '工单已取消：WO41-R42-1769020442', '工单「WO41-R42-1769020442」（任务：qwdqwfqw）已被取消，取消原因：时间冲突。', 'work_order', 56, 0, '2026-01-22 10:35:43', NULL);
INSERT INTO `notifications` VALUES (372, 36, 'work_order_accepted', '工单已接单：WO41-R39-1768933722', '工单「WO41-R39-1768933722」已被成员接单。', 'work_order', 53, 1, '2026-01-22 10:44:42', '2026-04-08 07:59:16');
INSERT INTO `notifications` VALUES (373, 1, 'work_order_cancelled', '工单已取消：WO41-R39-1768933722', '工单「WO41-R39-1768933722」（任务：qwdqwfqw）已被取消，取消原因：add。', 'work_order', 53, 0, '2026-01-22 10:44:51', NULL);
INSERT INTO `notifications` VALUES (374, 36, 'work_order_accepted', '工单已接单：WO41-R40-1768933717', '工单「WO41-R40-1768933717」已被成员接单。', 'work_order', 52, 1, '2026-01-22 10:45:15', '2026-04-08 07:59:16');
INSERT INTO `notifications` VALUES (375, 36, 'visit_log_created', '新的拜访日志：WO30-R11-1768243471', '成员已提交新的拜访日志，请进行复盘。', 'visit_log', 18, 1, '2026-01-22 11:01:30', '2026-04-08 07:59:16');
INSERT INTO `notifications` VALUES (376, 36, 'work_order_assigned', '工单已撤回：WO41-R40-1768933717', '工单「WO41-R40-1768933717」（任务：qwdqwfqw）因组长变更已被撤回，请等待新组长重新转派。', 'work_order', 52, 1, '2026-01-22 11:08:12', '2026-01-22 05:44:34');
INSERT INTO `notifications` VALUES (377, 36, 'work_order_assigned', '工单已重新分配：WO41-R40-1768933717', '工单「WO41-R40-1768933717」（任务：qwdqwfqw）已被重新分配给其他组长。', 'work_order', 52, 1, '2026-01-22 11:08:12', '2026-01-22 05:44:42');
INSERT INTO `notifications` VALUES (378, 39, 'task_dispatched', '任务已派单：qwdqwfqw', '任务「qwdqwfqw」已派单给您，请转派给具体成员。', 'work_order', 52, 0, '2026-01-22 11:08:12', NULL);
INSERT INTO `notifications` VALUES (379, 7, 'work_order_assigned', '工单已撤回：WO40-R36-1768511645', '工单「WO40-R36-1768511645」（任务：asdsa）因组长变更已被撤回，请等待新组长重新转派。', 'work_order', 48, 0, '2026-01-22 11:10:52', NULL);
INSERT INTO `notifications` VALUES (380, 4, 'work_order_assigned', '工单已重新分配：WO40-R36-1768511645', '工单「WO40-R36-1768511645」（任务：asdsa）已被重新分配给其他组长。', 'work_order', 48, 0, '2026-01-22 11:10:52', NULL);
INSERT INTO `notifications` VALUES (381, 36, 'task_dispatched', '任务已派单：asdsa', '任务「asdsa」已派单给您，请转派给具体成员。', 'work_order', 48, 1, '2026-01-22 11:10:52', '2026-04-08 07:59:16');
INSERT INTO `notifications` VALUES (382, 36, 'work_order_assigned', '工单已重新分配：WO41-R43-1769020438', '工单「WO41-R43-1769020438」（任务：qwdqwfqw）已被重新分配给其他组长。', 'work_order', 55, 1, '2026-01-22 11:19:32', '2026-01-22 05:44:33');
INSERT INTO `notifications` VALUES (383, 39, 'task_dispatched', '任务已派单：qwdqwfqw', '任务「qwdqwfqw」已派单给您，请转派给具体成员。', 'work_order', 55, 0, '2026-01-22 11:19:32', NULL);
INSERT INTO `notifications` VALUES (384, 5, 'work_order_assigned', '工单已撤回：WO39-R33-1768510991', '工单「WO39-R33-1768510991」（任务：asdasdasd）因组长变更已被撤回，请等待新组长重新转派。', 'work_order', 47, 1, '2026-01-22 11:20:03', '2026-04-09 08:45:44');
INSERT INTO `notifications` VALUES (385, 4, 'work_order_assigned', '工单已重新分配：WO39-R33-1768510991', '工单「WO39-R33-1768510991」（任务：asdasdasd）已被重新分配给其他组长。', 'work_order', 47, 0, '2026-01-22 11:20:03', NULL);
INSERT INTO `notifications` VALUES (386, 6, 'task_dispatched', '任务已派单：asdasdasd', '任务「asdasdasd」已派单给您，请转派给具体成员。', 'work_order', 47, 0, '2026-01-22 11:20:03', NULL);
INSERT INTO `notifications` VALUES (387, 1, 'work_order_cancelled', '工单已取消：WO36-R26-1768345631', '工单「WO36-R26-1768345631」（任务：宝山）已被取消，取消原因：dwqdqw。', 'work_order', 40, 0, '2026-01-22 11:20:21', NULL);
INSERT INTO `notifications` VALUES (388, 1, 'work_order_cancelled', '工单已取消：WO41-R41-1768934309', '工单「WO41-R41-1768934309」（任务：qwdqwfqw）已被取消，取消原因：qwd。', 'work_order', 54, 0, '2026-01-22 11:20:28', NULL);
INSERT INTO `notifications` VALUES (389, 36, 'work_order_assigned', '工单已分配：WO40-R36-1768511645', '工单「WO40-R36-1768511645」已分配给您，请及时接单。', 'work_order', 48, 1, '2026-01-22 11:20:32', '2026-01-22 03:20:39');
INSERT INTO `notifications` VALUES (390, 36, 'work_order_accepted', '工单已接单：WO40-R36-1768511645', '工单「WO40-R36-1768511645」已被成员接单。', 'work_order', 48, 1, '2026-01-22 11:20:42', '2026-04-08 07:59:16');
INSERT INTO `notifications` VALUES (391, 1, 'work_order_cancelled', '工单已取消：WO40-R36-1768511645', '工单「WO40-R36-1768511645」（任务：asdsa）已被取消，取消原因：wqf3。', 'work_order', 48, 0, '2026-01-22 11:20:45', NULL);
INSERT INTO `notifications` VALUES (392, 2, 'work_order_cancelled', '工单已取消：WO40-R36-1768511645', '工单「WO40-R36-1768511645」（任务：asdsa）已被取消，取消原因：wqf3。', 'work_order', 48, 0, '2026-01-22 11:20:45', NULL);
INSERT INTO `notifications` VALUES (393, 36, 'work_order_assigned', '工单已撤回：WO36-R27-1768345627', '工单「WO36-R27-1768345627」（任务：宝山）已被组长撤回，请等待重新转派。', 'work_order', 39, 1, '2026-01-22 13:44:17', '2026-01-22 05:44:32');
INSERT INTO `notifications` VALUES (394, 36, 'work_order_assigned', '工单已分配：WO36-R27-1768345627', '工单「WO36-R27-1768345627」已分配给您，请及时接单。', 'work_order', 39, 1, '2026-01-22 13:44:20', '2026-01-22 05:44:31');
INSERT INTO `notifications` VALUES (395, 36, 'work_order_assigned', '工单已撤回：WO36-R27-1768345627', '工单「WO36-R27-1768345627」（任务：宝山）已被组长撤回，请等待重新转派。', 'work_order', 39, 1, '2026-01-22 13:44:23', '2026-01-22 05:44:30');
INSERT INTO `notifications` VALUES (396, 1, 'task_pending', '待确认任务：qwdwq', '任务「qwdwq」（销售单位：全部）已创建，等待您的确认。', 'task', 42, 1, '2026-01-22 14:03:32', '2026-01-22 06:03:43');
INSERT INTO `notifications` VALUES (397, 3, 'task_confirmed', '任务已确认：qwdwq', '任务「qwdwq」已被总管确认，请填写详细需求单。', 'task', 42, 0, '2026-01-22 14:10:05', NULL);
INSERT INTO `notifications` VALUES (398, 10, 'task_confirmed', '任务已确认：qwdwq', '任务「qwdwq」已被总管确认，请填写详细需求单。', 'task', 42, 0, '2026-01-22 14:10:05', NULL);
INSERT INTO `notifications` VALUES (400, 31, 'task_confirmed', '任务已确认：qwdwq', '任务「qwdwq」已被总管确认，请填写详细需求单。', 'task', 42, 0, '2026-01-22 14:10:05', NULL);
INSERT INTO `notifications` VALUES (401, 33, 'task_confirmed', '任务已确认：qwdwq', '任务「qwdwq」已被总管确认，请填写详细需求单。', 'task', 42, 0, '2026-01-22 14:10:05', NULL);
INSERT INTO `notifications` VALUES (402, 34, 'task_confirmed', '任务已确认：qwdwq', '任务「qwdwq」已被总管确认，请填写详细需求单。', 'task', 42, 0, '2026-01-22 14:10:05', NULL);
INSERT INTO `notifications` VALUES (403, 36, 'task_confirmed', '任务已确认：qwdwq', '任务「qwdwq」已被总管确认，请填写详细需求单。', 'task', 42, 1, '2026-01-22 14:10:05', '2026-01-23 01:30:18');
INSERT INTO `notifications` VALUES (404, 38, 'task_confirmed', '任务已确认：qwdwq', '任务「qwdwq」已被总管确认，请填写详细需求单。', 'task', 42, 0, '2026-01-22 14:10:05', NULL);
INSERT INTO `notifications` VALUES (405, 39, 'task_confirmed', '任务已确认：qwdwq', '任务「qwdwq」已被总管确认，请填写详细需求单。', 'task', 42, 0, '2026-01-22 14:10:05', NULL);
INSERT INTO `notifications` VALUES (406, 1, 'task_pending', '待确认任务：wqdqw', '任务「wqdqw」（销售单位：全部）已创建，等待您的确认。', 'task', 43, 1, '2026-01-22 14:14:21', '2026-01-22 07:27:26');
INSERT INTO `notifications` VALUES (407, 1, 'task_pending', '待确认任务：asdada', '任务「asdada」（销售单位：中区,北区,浦东,西区,东区,金山,工商BD,数集）已创建，等待您的确认。', 'task', 44, 1, '2026-01-22 14:31:17', '2026-01-22 07:27:26');
INSERT INTO `notifications` VALUES (408, 39, 'task_confirmed', '任务已确认：asdada', '任务「asdada」已被总管确认，请填写详细需求单。', 'task', 44, 0, '2026-01-22 14:31:35', NULL);
INSERT INTO `notifications` VALUES (409, 1, 'task_pending', '待确认任务：dqwd', '任务「dqwd」（销售单位：东区,中区,西区,北区,金山,浦东,嘉定,青浦,南区,科创BD（含号百））已创建，等待您的确认。', 'task', 45, 1, '2026-01-22 14:38:25', '2026-01-22 07:27:25');
INSERT INTO `notifications` VALUES (410, 39, 'task_confirmed', '任务已确认：dqwd', '任务「dqwd」已被总管确认，请填写详细需求单。', 'task', 45, 0, '2026-01-22 14:42:52', NULL);
INSERT INTO `notifications` VALUES (411, 1, 'task_pending', '待确认任务：qwfqw', '任务「qwfqw」（销售单位：全部）已创建，等待您的确认。', 'task', 46, 1, '2026-01-22 14:59:11', '2026-01-22 07:27:24');
INSERT INTO `notifications` VALUES (412, 1, 'task_pending', '待确认任务：qwdqw', '任务「qwdqw」（销售单位：东区,中区,西区,北区,金山,浦东,嘉定,莘闵,南区,科创BD（含号百）,青浦,松江,数集）已创建，等待您的确认。', 'task', 47, 1, '2026-01-22 14:59:23', '2026-01-22 07:15:24');
INSERT INTO `notifications` VALUES (413, 3, 'task_confirmed', '任务已确认：qwfqw', '任务「qwfqw」已被总管确认，请填写详细需求单。', 'task', 46, 0, '2026-01-22 15:15:00', NULL);
INSERT INTO `notifications` VALUES (414, 10, 'task_confirmed', '任务已确认：qwfqw', '任务「qwfqw」已被总管确认，请填写详细需求单。', 'task', 46, 0, '2026-01-22 15:15:00', NULL);
INSERT INTO `notifications` VALUES (416, 31, 'task_confirmed', '任务已确认：qwfqw', '任务「qwfqw」已被总管确认，请填写详细需求单。', 'task', 46, 0, '2026-01-22 15:15:00', NULL);
INSERT INTO `notifications` VALUES (417, 33, 'task_confirmed', '任务已确认：qwfqw', '任务「qwfqw」已被总管确认，请填写详细需求单。', 'task', 46, 0, '2026-01-22 15:15:00', NULL);
INSERT INTO `notifications` VALUES (418, 34, 'task_confirmed', '任务已确认：qwfqw', '任务「qwfqw」已被总管确认，请填写详细需求单。', 'task', 46, 0, '2026-01-22 15:15:00', NULL);
INSERT INTO `notifications` VALUES (419, 36, 'task_confirmed', '任务已确认：qwfqw', '任务「qwfqw」已被总管确认，请填写详细需求单。', 'task', 46, 1, '2026-01-22 15:15:00', '2026-01-23 01:30:17');
INSERT INTO `notifications` VALUES (420, 38, 'task_confirmed', '任务已确认：qwfqw', '任务「qwfqw」已被总管确认，请填写详细需求单。', 'task', 46, 0, '2026-01-22 15:15:00', NULL);
INSERT INTO `notifications` VALUES (421, 39, 'task_confirmed', '任务已确认：qwfqw', '任务「qwfqw」已被总管确认，请填写详细需求单。', 'task', 46, 0, '2026-01-22 15:15:00', NULL);
INSERT INTO `notifications` VALUES (422, 3, 'task_confirmed', '任务已确认：wqdqw', '任务「wqdqw」已被总管确认，请填写详细需求单。', 'task', 43, 0, '2026-01-22 15:27:32', NULL);
INSERT INTO `notifications` VALUES (423, 10, 'task_confirmed', '任务已确认：wqdqw', '任务「wqdqw」已被总管确认，请填写详细需求单。', 'task', 43, 0, '2026-01-22 15:27:32', NULL);
INSERT INTO `notifications` VALUES (425, 31, 'task_confirmed', '任务已确认：wqdqw', '任务「wqdqw」已被总管确认，请填写详细需求单。', 'task', 43, 0, '2026-01-22 15:27:32', NULL);
INSERT INTO `notifications` VALUES (426, 33, 'task_confirmed', '任务已确认：wqdqw', '任务「wqdqw」已被总管确认，请填写详细需求单。', 'task', 43, 0, '2026-01-22 15:27:32', NULL);
INSERT INTO `notifications` VALUES (427, 34, 'task_confirmed', '任务已确认：wqdqw', '任务「wqdqw」已被总管确认，请填写详细需求单。', 'task', 43, 0, '2026-01-22 15:27:32', NULL);
INSERT INTO `notifications` VALUES (428, 36, 'task_confirmed', '任务已确认：wqdqw', '任务「wqdqw」已被总管确认，请填写详细需求单。', 'task', 43, 1, '2026-01-22 15:27:32', '2026-01-23 01:30:16');
INSERT INTO `notifications` VALUES (429, 38, 'task_confirmed', '任务已确认：wqdqw', '任务「wqdqw」已被总管确认，请填写详细需求单。', 'task', 43, 0, '2026-01-22 15:27:32', NULL);
INSERT INTO `notifications` VALUES (430, 39, 'task_confirmed', '任务已确认：wqdqw', '任务「wqdqw」已被总管确认，请填写详细需求单。', 'task', 43, 0, '2026-01-22 15:27:33', NULL);
INSERT INTO `notifications` VALUES (431, 36, 'task_rejected', '任务已拒绝：qwdqw', '任务「qwdqw」已被总管拒绝。拒绝原因：scw', 'task', 47, 1, '2026-01-22 16:05:26', '2026-01-23 01:14:11');
INSERT INTO `notifications` VALUES (435, 1, 'task_pending', '待确认任务：asda', '任务「asda」（销售单位：全部）已创建，等待您的确认。', 'task', 51, 1, '2026-01-23 09:21:21', '2026-01-23 01:21:32');
INSERT INTO `notifications` VALUES (436, 3, 'task_confirmed', '任务已确认：asda', '任务「asda」已被总管确认，请填写详细需求单。', 'task', 51, 0, '2026-01-23 09:21:35', NULL);
INSERT INTO `notifications` VALUES (437, 10, 'task_confirmed', '任务已确认：asda', '任务「asda」已被总管确认，请填写详细需求单。', 'task', 51, 0, '2026-01-23 09:21:35', NULL);
INSERT INTO `notifications` VALUES (439, 31, 'task_confirmed', '任务已确认：asda', '任务「asda」已被总管确认，请填写详细需求单。', 'task', 51, 0, '2026-01-23 09:21:35', NULL);
INSERT INTO `notifications` VALUES (440, 33, 'task_confirmed', '任务已确认：asda', '任务「asda」已被总管确认，请填写详细需求单。', 'task', 51, 0, '2026-01-23 09:21:35', NULL);
INSERT INTO `notifications` VALUES (441, 34, 'task_confirmed', '任务已确认：asda', '任务「asda」已被总管确认，请填写详细需求单。', 'task', 51, 0, '2026-01-23 09:21:35', NULL);
INSERT INTO `notifications` VALUES (442, 36, 'task_confirmed', '任务已确认：asda', '任务「asda」已被总管确认，请填写详细需求单。', 'task', 51, 1, '2026-01-23 09:21:35', '2026-01-23 01:30:07');
INSERT INTO `notifications` VALUES (443, 38, 'task_confirmed', '任务已确认：asda', '任务「asda」已被总管确认，请填写详细需求单。', 'task', 51, 0, '2026-01-23 09:21:35', NULL);
INSERT INTO `notifications` VALUES (444, 39, 'task_confirmed', '任务已确认：asda', '任务「asda」已被总管确认，请填写详细需求单。', 'task', 51, 0, '2026-01-23 09:21:35', NULL);
INSERT INTO `notifications` VALUES (445, 1, 'task_pending', '待确认任务：asdas', '任务「asdas」（销售单位：全部）已创建，等待您的确认。', 'task', 52, 1, '2026-01-23 09:25:13', '2026-01-23 01:26:16');
INSERT INTO `notifications` VALUES (446, 1, 'task_pending', '待确认任务：asda', '任务「asda」（销售单位：西区,浦东,公共BD,北区,金山,东区,中区,数集,嘉定）已创建，等待您的确认。', 'task', 53, 1, '2026-01-23 09:25:26', '2026-01-23 01:26:15');
INSERT INTO `notifications` VALUES (447, 1, 'task_pending', '待确认任务：asdas', '任务「asdas」（销售单位：宝山,互联网BD/信网部,战略BD,奉贤,崇明）已创建，等待您的确认。', 'task', 54, 1, '2026-01-23 09:25:59', '2026-01-23 01:26:11');
INSERT INTO `notifications` VALUES (448, 3, 'task_confirmed', '任务已确认：asdas', '任务「asdas」已被总管确认，请填写详细需求单。', 'task', 52, 0, '2026-01-23 09:30:59', NULL);
INSERT INTO `notifications` VALUES (449, 10, 'task_confirmed', '任务已确认：asdas', '任务「asdas」已被总管确认，请填写详细需求单。', 'task', 52, 0, '2026-01-23 09:30:59', NULL);
INSERT INTO `notifications` VALUES (451, 31, 'task_confirmed', '任务已确认：asdas', '任务「asdas」已被总管确认，请填写详细需求单。', 'task', 52, 0, '2026-01-23 09:30:59', NULL);
INSERT INTO `notifications` VALUES (452, 33, 'task_confirmed', '任务已确认：asdas', '任务「asdas」已被总管确认，请填写详细需求单。', 'task', 52, 0, '2026-01-23 09:30:59', NULL);
INSERT INTO `notifications` VALUES (453, 34, 'task_confirmed', '任务已确认：asdas', '任务「asdas」已被总管确认，请填写详细需求单。', 'task', 52, 0, '2026-01-23 09:30:59', NULL);
INSERT INTO `notifications` VALUES (454, 36, 'task_confirmed', '任务已确认：asdas', '任务「asdas」已被总管确认，请填写详细需求单。', 'task', 52, 1, '2026-01-23 09:30:59', '2026-01-23 01:32:14');
INSERT INTO `notifications` VALUES (455, 38, 'task_confirmed', '任务已确认：asdas', '任务「asdas」已被总管确认，请填写详细需求单。', 'task', 52, 0, '2026-01-23 09:30:59', NULL);
INSERT INTO `notifications` VALUES (456, 39, 'task_confirmed', '任务已确认：asdas', '任务「asdas」已被总管确认，请填写详细需求单。', 'task', 52, 0, '2026-01-23 09:30:59', NULL);
INSERT INTO `notifications` VALUES (457, 1, 'task_pending', '待确认任务：测试任务2026', '任务「测试任务2026」（销售单位：全部）已创建，等待您的确认。', 'task', 55, 1, '2026-01-23 09:33:12', '2026-01-23 02:05:00');
INSERT INTO `notifications` VALUES (458, 3, 'task_confirmed', '任务已确认：测试任务2026', '任务「测试任务2026」已被总管确认，请填写详细需求单。', 'task', 55, 0, '2026-01-23 09:33:26', NULL);
INSERT INTO `notifications` VALUES (459, 10, 'task_confirmed', '任务已确认：测试任务2026', '任务「测试任务2026」已被总管确认，请填写详细需求单。', 'task', 55, 0, '2026-01-23 09:33:26', NULL);
INSERT INTO `notifications` VALUES (461, 31, 'task_confirmed', '任务已确认：测试任务2026', '任务「测试任务2026」已被总管确认，请填写详细需求单。', 'task', 55, 0, '2026-01-23 09:33:26', NULL);
INSERT INTO `notifications` VALUES (462, 33, 'task_confirmed', '任务已确认：测试任务2026', '任务「测试任务2026」已被总管确认，请填写详细需求单。', 'task', 55, 0, '2026-01-23 09:33:26', NULL);
INSERT INTO `notifications` VALUES (463, 34, 'task_confirmed', '任务已确认：测试任务2026', '任务「测试任务2026」已被总管确认，请填写详细需求单。', 'task', 55, 0, '2026-01-23 09:33:26', NULL);
INSERT INTO `notifications` VALUES (464, 36, 'task_confirmed', '任务已确认：测试任务2026', '任务「测试任务2026」已被总管确认，请填写详细需求单。', 'task', 55, 1, '2026-01-23 09:33:26', '2026-01-23 01:36:44');
INSERT INTO `notifications` VALUES (465, 38, 'task_confirmed', '任务已确认：测试任务2026', '任务「测试任务2026」已被总管确认，请填写详细需求单。', 'task', 55, 0, '2026-01-23 09:33:26', NULL);
INSERT INTO `notifications` VALUES (466, 39, 'task_confirmed', '任务已确认：测试任务2026', '任务「测试任务2026」已被总管确认，请填写详细需求单。', 'task', 55, 0, '2026-01-23 09:33:26', NULL);
INSERT INTO `notifications` VALUES (468, 1, 'task_detail_submitted', '详细需求已提交：测试任务2026', '任务「测试任务2026」的详细需求单已提交，请进行派单。', 'task', 55, 1, '2026-01-23 10:04:37', '2026-01-23 02:04:59');
INSERT INTO `notifications` VALUES (471, 1, 'task_pending', '待确认任务：asda', '任务「asda」（销售单位：全部）已创建，等待您的确认。', 'task', 56, 1, '2026-01-23 17:10:47', '2026-01-26 06:13:34');
INSERT INTO `notifications` VALUES (472, 1, 'task_pending', '待确认任务：asdasd', '任务「asdasd」（销售单位：中区,北区,浦东,金山,西区,东区,政务BD,互联网部）已创建，等待您的确认。', 'task', 57, 1, '2026-01-23 17:14:59', '2026-01-26 06:15:29');
INSERT INTO `notifications` VALUES (473, 1, 'task_rejected', '任务已撤回：asdasd', '任务「asdasd」已被创建者撤回，状态已重置为草稿。', 'task', 57, 0, '2026-01-23 17:19:27', NULL);
INSERT INTO `notifications` VALUES (474, 1, 'task_pending', '待确认任务：asdasd', '任务「asdasd」（销售单位：中区,北区,浦东,金山,西区,东区,政务BD,互联网部）已创建，等待您的确认。', 'task', 57, 1, '2026-01-23 17:19:33', '2026-01-26 06:15:28');
INSERT INTO `notifications` VALUES (475, 1, 'task_rejected', '任务已撤回：asdasd', '任务「asdasd」已被创建者撤回，状态已重置为草稿。', 'task', 57, 0, '2026-01-23 17:19:35', NULL);
INSERT INTO `notifications` VALUES (476, 1, 'task_pending', '待确认任务：asdasd', '任务「asdasd」（销售单位：中区,北区,浦东,金山,西区,东区,政务BD,互联网部）已创建，等待您的确认。', 'task', 57, 1, '2026-01-23 17:19:38', '2026-01-26 06:15:27');
INSERT INTO `notifications` VALUES (477, 1, 'task_rejected', '任务已撤回：asdasd', '任务「asdasd」已被创建者撤回，状态已重置为草稿。', 'task', 57, 0, '2026-01-23 17:19:39', NULL);
INSERT INTO `notifications` VALUES (478, 36, 'task_confirmed', '任务已确认：test', '您发起的任务「test」已被总管确认，已派发给销售单位接口人。', 'task', 48, 1, '2026-01-26 14:13:03', '2026-01-26 07:46:24');
INSERT INTO `notifications` VALUES (479, 3, 'task_confirmed', '任务已确认：test', '任务「test」已被总管确认，请填写详细需求单。', 'task', 48, 0, '2026-01-26 14:13:03', NULL);
INSERT INTO `notifications` VALUES (480, 10, 'task_confirmed', '任务已确认：test', '任务「test」已被总管确认，请填写详细需求单。', 'task', 48, 0, '2026-01-26 14:13:03', NULL);
INSERT INTO `notifications` VALUES (482, 31, 'task_confirmed', '任务已确认：test', '任务「test」已被总管确认，请填写详细需求单。', 'task', 48, 0, '2026-01-26 14:13:03', NULL);
INSERT INTO `notifications` VALUES (483, 33, 'task_confirmed', '任务已确认：test', '任务「test」已被总管确认，请填写详细需求单。', 'task', 48, 0, '2026-01-26 14:13:03', NULL);
INSERT INTO `notifications` VALUES (484, 34, 'task_confirmed', '任务已确认：test', '任务「test」已被总管确认，请填写详细需求单。', 'task', 48, 0, '2026-01-26 14:13:03', NULL);
INSERT INTO `notifications` VALUES (485, 36, 'task_confirmed', '任务已确认：test', '任务「test」已被总管确认，请填写详细需求单。', 'task', 48, 1, '2026-01-26 14:13:03', '2026-01-26 07:46:41');
INSERT INTO `notifications` VALUES (486, 38, 'task_confirmed', '任务已确认：test', '任务「test」已被总管确认，请填写详细需求单。', 'task', 48, 0, '2026-01-26 14:13:03', NULL);
INSERT INTO `notifications` VALUES (487, 39, 'task_confirmed', '任务已确认：test', '任务「test」已被总管确认，请填写详细需求单。', 'task', 48, 0, '2026-01-26 14:13:03', NULL);
INSERT INTO `notifications` VALUES (488, 36, 'task_rejected', '任务已拒绝：asdas', '任务「asdas」已被总管拒绝。拒绝原因：3fw', 'task', 54, 1, '2026-01-26 14:13:23', '2026-01-27 05:25:24');
INSERT INTO `notifications` VALUES (489, 36, 'task_confirmed', '任务已确认：asda', '您发起的任务「asda」已被总管确认，已派发给销售单位接口人。', 'task', 56, 1, '2026-01-26 14:13:33', '2026-01-26 07:46:23');
INSERT INTO `notifications` VALUES (490, 3, 'task_confirmed', '任务已确认：asda', '任务「asda」已被总管确认，请填写详细需求单。', 'task', 56, 0, '2026-01-26 14:13:33', NULL);
INSERT INTO `notifications` VALUES (491, 10, 'task_confirmed', '任务已确认：asda', '任务「asda」已被总管确认，请填写详细需求单。', 'task', 56, 0, '2026-01-26 14:13:33', NULL);
INSERT INTO `notifications` VALUES (493, 31, 'task_confirmed', '任务已确认：asda', '任务「asda」已被总管确认，请填写详细需求单。', 'task', 56, 0, '2026-01-26 14:13:33', NULL);
INSERT INTO `notifications` VALUES (494, 33, 'task_confirmed', '任务已确认：asda', '任务「asda」已被总管确认，请填写详细需求单。', 'task', 56, 0, '2026-01-26 14:13:33', NULL);
INSERT INTO `notifications` VALUES (495, 34, 'task_confirmed', '任务已确认：asda', '任务「asda」已被总管确认，请填写详细需求单。', 'task', 56, 0, '2026-01-26 14:13:33', NULL);
INSERT INTO `notifications` VALUES (496, 36, 'task_confirmed', '任务已确认：asda', '任务「asda」已被总管确认，请填写详细需求单。', 'task', 56, 1, '2026-01-26 14:13:33', '2026-01-26 07:46:23');
INSERT INTO `notifications` VALUES (497, 38, 'task_confirmed', '任务已确认：asda', '任务「asda」已被总管确认，请填写详细需求单。', 'task', 56, 0, '2026-01-26 14:13:33', NULL);
INSERT INTO `notifications` VALUES (498, 39, 'task_confirmed', '任务已确认：asda', '任务「asda」已被总管确认，请填写详细需求单。', 'task', 56, 0, '2026-01-26 14:13:33', NULL);
INSERT INTO `notifications` VALUES (499, 36, 'task_rejected', '任务已拒绝：asda', '任务「asda」已被总管拒绝。拒绝原因：wefw', 'task', 53, 1, '2026-01-26 14:13:50', '2026-01-27 05:25:24');
INSERT INTO `notifications` VALUES (500, 36, 'task_confirmed', '任务已确认：twtetfewt', '您发起的任务「twtetfewt」已被总管确认，已派发给销售单位接口人。', 'task', 49, 1, '2026-01-26 14:13:58', '2026-01-26 07:46:21');
INSERT INTO `notifications` VALUES (501, 3, 'task_confirmed', '任务已确认：twtetfewt', '任务「twtetfewt」已被总管确认，请填写详细需求单。', 'task', 49, 0, '2026-01-26 14:13:58', NULL);
INSERT INTO `notifications` VALUES (502, 10, 'task_confirmed', '任务已确认：twtetfewt', '任务「twtetfewt」已被总管确认，请填写详细需求单。', 'task', 49, 0, '2026-01-26 14:13:58', NULL);
INSERT INTO `notifications` VALUES (504, 31, 'task_confirmed', '任务已确认：twtetfewt', '任务「twtetfewt」已被总管确认，请填写详细需求单。', 'task', 49, 0, '2026-01-26 14:13:58', NULL);
INSERT INTO `notifications` VALUES (505, 33, 'task_confirmed', '任务已确认：twtetfewt', '任务「twtetfewt」已被总管确认，请填写详细需求单。', 'task', 49, 0, '2026-01-26 14:13:58', NULL);
INSERT INTO `notifications` VALUES (506, 34, 'task_confirmed', '任务已确认：twtetfewt', '任务「twtetfewt」已被总管确认，请填写详细需求单。', 'task', 49, 0, '2026-01-26 14:13:58', NULL);
INSERT INTO `notifications` VALUES (507, 36, 'task_confirmed', '任务已确认：twtetfewt', '任务「twtetfewt」已被总管确认，请填写详细需求单。', 'task', 49, 1, '2026-01-26 14:13:58', '2026-01-26 07:46:22');
INSERT INTO `notifications` VALUES (508, 38, 'task_confirmed', '任务已确认：twtetfewt', '任务「twtetfewt」已被总管确认，请填写详细需求单。', 'task', 49, 0, '2026-01-26 14:13:58', NULL);
INSERT INTO `notifications` VALUES (509, 39, 'task_confirmed', '任务已确认：twtetfewt', '任务「twtetfewt」已被总管确认，请填写详细需求单。', 'task', 49, 0, '2026-01-26 14:13:58', NULL);
INSERT INTO `notifications` VALUES (510, 36, 'task_rejected', '任务已拒绝：asdasd', '任务「asdasd」已被总管拒绝。拒绝原因：ewfwe', 'task', 50, 1, '2026-01-26 14:14:13', '2026-01-27 05:25:24');
INSERT INTO `notifications` VALUES (511, 1, 'task_pending', '待确认任务：123', '任务「123」（销售单位：东区,中区,西区,北区）已创建，等待您的确认。', 'task', 58, 1, '2026-01-26 15:02:08', '2026-01-26 07:02:20');
INSERT INTO `notifications` VALUES (512, 1, 'task_pending', '待确认任务：7777', '任务「7777」（销售单位：全部）已创建，等待您的确认。', 'task', 59, 1, '2026-01-26 15:02:55', '2026-01-26 07:03:05');
INSERT INTO `notifications` VALUES (513, 36, 'task_confirmed', '任务已确认：7777', '您发起的任务「7777」已被总管确认，已派发给销售单位接口人。', 'task', 59, 1, '2026-01-26 15:03:09', '2026-01-26 07:03:55');
INSERT INTO `notifications` VALUES (514, 3, 'task_confirmed', '任务已确认：7777', '任务「7777」已被总管确认，请填写详细需求单。', 'task', 59, 0, '2026-01-26 15:03:09', NULL);
INSERT INTO `notifications` VALUES (515, 10, 'task_confirmed', '任务已确认：7777', '任务「7777」已被总管确认，请填写详细需求单。', 'task', 59, 0, '2026-01-26 15:03:09', NULL);
INSERT INTO `notifications` VALUES (517, 31, 'task_confirmed', '任务已确认：7777', '任务「7777」已被总管确认，请填写详细需求单。', 'task', 59, 0, '2026-01-26 15:03:09', NULL);
INSERT INTO `notifications` VALUES (518, 33, 'task_confirmed', '任务已确认：7777', '任务「7777」已被总管确认，请填写详细需求单。', 'task', 59, 0, '2026-01-26 15:03:09', NULL);
INSERT INTO `notifications` VALUES (519, 34, 'task_confirmed', '任务已确认：7777', '任务「7777」已被总管确认，请填写详细需求单。', 'task', 59, 0, '2026-01-26 15:03:09', NULL);
INSERT INTO `notifications` VALUES (520, 36, 'task_confirmed', '任务已确认：7777', '任务「7777」已被总管确认，请填写详细需求单。', 'task', 59, 1, '2026-01-26 15:03:09', '2026-01-26 07:03:55');
INSERT INTO `notifications` VALUES (521, 38, 'task_confirmed', '任务已确认：7777', '任务「7777」已被总管确认，请填写详细需求单。', 'task', 59, 0, '2026-01-26 15:03:09', NULL);
INSERT INTO `notifications` VALUES (522, 39, 'task_confirmed', '任务已确认：7777', '任务「7777」已被总管确认，请填写详细需求单。', 'task', 59, 0, '2026-01-26 15:03:09', NULL);
INSERT INTO `notifications` VALUES (526, 1, 'task_detail_submitted', '详细需求已提交：7777', '任务「7777」的详细需求单已提交，请进行派单。', 'task', 59, 1, '2026-01-26 15:10:10', '2026-01-26 07:27:06');
INSERT INTO `notifications` VALUES (527, 1, 'task_detail_submitted', '详细需求已提交：7777', '任务「7777」的详细需求单已提交，请进行派单。', 'task', 59, 1, '2026-01-26 15:11:11', '2026-01-26 07:13:41');
INSERT INTO `notifications` VALUES (534, 36, 'work_order_assigned', '工单已分配：WO59-R46-1769382846', '工单「WO59-R46-1769382846」已分配给您，请及时接单。', 'work_order', 64, 1, '2026-01-26 15:18:24', '2026-01-26 07:18:55');
INSERT INTO `notifications` VALUES (535, 36, 'work_order_assigned', '工单已分配：WO59-R47-1769382843', '工单「WO59-R47-1769382843」已分配给您，请及时接单。', 'work_order', 63, 1, '2026-01-26 15:18:28', '2026-01-26 07:18:57');
INSERT INTO `notifications` VALUES (536, 36, 'work_order_assigned', '工单已分配：WO59-R48-1769382839', '工单「WO59-R48-1769382839」已分配给您，请及时接单。', 'work_order', 62, 1, '2026-01-26 15:18:32', '2026-01-26 07:18:59');
INSERT INTO `notifications` VALUES (537, 36, 'work_order_assigned', '工单已分配：WO59-R49-1769382833', '工单「WO59-R49-1769382833」已分配给您，请及时接单。', 'work_order', 61, 1, '2026-01-26 15:18:37', '2026-01-26 07:19:01');
INSERT INTO `notifications` VALUES (538, 36, 'work_order_assigned', '工单已分配：WO59-R51-1769382826', '工单「WO59-R51-1769382826」已分配给您，请及时接单。', 'work_order', 59, 1, '2026-01-26 15:18:42', '2026-01-26 07:19:03');
INSERT INTO `notifications` VALUES (539, 36, 'work_order_assigned', '工单已分配：WO59-R50-1769382829', '工单「WO59-R50-1769382829」已分配给您，请及时接单。', 'work_order', 60, 1, '2026-01-26 15:18:47', '2026-01-26 07:19:02');
INSERT INTO `notifications` VALUES (540, 36, 'work_order_accepted', '工单已接单：WO59-R46-1769382846', '工单「WO59-R46-1769382846」已被成员接单。', 'work_order', 64, 1, '2026-01-26 15:18:55', '2026-04-08 07:59:16');
INSERT INTO `notifications` VALUES (541, 36, 'work_order_accepted', '工单已接单：WO59-R47-1769382843', '工单「WO59-R47-1769382843」已被成员接单。', 'work_order', 63, 1, '2026-01-26 15:18:57', '2026-01-28 07:25:51');
INSERT INTO `notifications` VALUES (542, 36, 'work_order_accepted', '工单已接单：WO59-R48-1769382839', '工单「WO59-R48-1769382839」已被成员接单。', 'work_order', 62, 1, '2026-01-26 15:18:58', '2026-01-28 07:25:51');
INSERT INTO `notifications` VALUES (543, 36, 'work_order_accepted', '工单已接单：WO59-R49-1769382833', '工单「WO59-R49-1769382833」已被成员接单。', 'work_order', 61, 1, '2026-01-26 15:19:00', '2026-01-28 07:25:50');
INSERT INTO `notifications` VALUES (544, 36, 'work_order_accepted', '工单已接单：WO59-R50-1769382829', '工单「WO59-R50-1769382829」已被成员接单。', 'work_order', 60, 1, '2026-01-26 15:19:02', '2026-01-28 07:25:50');
INSERT INTO `notifications` VALUES (545, 36, 'work_order_accepted', '工单已接单：WO59-R51-1769382826', '工单「WO59-R51-1769382826」已被成员接单。', 'work_order', 59, 1, '2026-01-26 15:19:03', '2026-01-28 07:25:49');
INSERT INTO `notifications` VALUES (546, 1, 'task_pending', '待确认任务：8888', '任务「8888」（销售单位：理想公司,宝山）已创建，等待您的确认。', 'task', 60, 1, '2026-01-26 15:32:40', '2026-01-26 07:32:53');
INSERT INTO `notifications` VALUES (547, 36, 'task_confirmed', '任务已确认：8888', '您发起的任务「8888」已被总管确认，已派发给销售单位接口人。', 'task', 60, 1, '2026-01-26 15:32:55', '2026-01-26 07:33:15');
INSERT INTO `notifications` VALUES (548, 31, 'task_confirmed', '任务已确认：8888', '任务「8888」已被总管确认，请填写详细需求单。', 'task', 60, 0, '2026-01-26 15:32:55', NULL);
INSERT INTO `notifications` VALUES (549, 33, 'task_confirmed', '任务已确认：8888', '任务「8888」已被总管确认，请填写详细需求单。', 'task', 60, 0, '2026-01-26 15:32:55', NULL);
INSERT INTO `notifications` VALUES (550, 34, 'task_confirmed', '任务已确认：8888', '任务「8888」已被总管确认，请填写详细需求单。', 'task', 60, 0, '2026-01-26 15:32:55', NULL);
INSERT INTO `notifications` VALUES (551, 36, 'task_confirmed', '任务已确认：8888', '任务「8888」已被总管确认，请填写详细需求单。', 'task', 60, 1, '2026-01-26 15:32:55', '2026-01-26 07:46:14');
INSERT INTO `notifications` VALUES (552, 1, 'task_pending', '待确认任务：999999999999999', '任务「999999999999999」（销售单位：宝山,理想公司）已创建，等待您的确认。', 'task', 61, 1, '2026-01-26 15:35:13', '2026-01-26 07:47:49');
INSERT INTO `notifications` VALUES (553, 1, 'task_pending', '待确认任务：222222222222', '任务「222222222222」（销售单位：宝山,理想公司）已创建，等待您的确认。', 'task', 62, 1, '2026-01-26 15:43:59', '2026-01-26 07:44:11');
INSERT INTO `notifications` VALUES (554, 36, 'task_confirmed', '任务已确认：222222222222', '您发起的任务「222222222222」已被总管确认，已派发给销售单位接口人。', 'task', 62, 1, '2026-01-26 15:44:13', '2026-01-26 07:44:25');
INSERT INTO `notifications` VALUES (555, 31, 'task_confirmed', '任务已确认：222222222222', '任务「222222222222」已被总管确认，请填写详细需求单。', 'task', 62, 0, '2026-01-26 15:44:13', NULL);
INSERT INTO `notifications` VALUES (556, 33, 'task_confirmed', '任务已确认：222222222222', '任务「222222222222」已被总管确认，请填写详细需求单。', 'task', 62, 0, '2026-01-26 15:44:13', NULL);
INSERT INTO `notifications` VALUES (557, 34, 'task_confirmed', '任务已确认：222222222222', '任务「222222222222」已被总管确认，请填写详细需求单。', 'task', 62, 0, '2026-01-26 15:44:13', NULL);
INSERT INTO `notifications` VALUES (558, 36, 'task_confirmed', '任务已确认：222222222222', '任务「222222222222」已被总管确认，请填写详细需求单。', 'task', 62, 1, '2026-01-26 15:44:13', '2026-01-26 07:44:44');
INSERT INTO `notifications` VALUES (562, 36, 'task_rejected', '任务已拒绝：123', '任务「123」已被总管拒绝。拒绝原因：sada', 'task', 58, 1, '2026-01-26 15:47:41', '2026-01-27 05:25:24');
INSERT INTO `notifications` VALUES (563, 36, 'task_confirmed', '任务已确认：999999999999999', '您发起的任务「999999999999999」已被总管确认，已派发给销售单位接口人。', 'task', 61, 1, '2026-01-26 15:47:48', '2026-01-27 05:25:24');
INSERT INTO `notifications` VALUES (564, 31, 'task_confirmed', '任务已确认：999999999999999', '任务「999999999999999」已被总管确认，请填写详细需求单。', 'task', 61, 0, '2026-01-26 15:47:48', NULL);
INSERT INTO `notifications` VALUES (565, 33, 'task_confirmed', '任务已确认：999999999999999', '任务「999999999999999」已被总管确认，请填写详细需求单。', 'task', 61, 0, '2026-01-26 15:47:48', NULL);
INSERT INTO `notifications` VALUES (566, 34, 'task_confirmed', '任务已确认：999999999999999', '任务「999999999999999」已被总管确认，请填写详细需求单。', 'task', 61, 0, '2026-01-26 15:47:48', NULL);
INSERT INTO `notifications` VALUES (567, 36, 'task_confirmed', '任务已确认：999999999999999', '任务「999999999999999」已被总管确认，请填写详细需求单。', 'task', 61, 1, '2026-01-26 15:47:48', '2026-01-27 05:25:24');
INSERT INTO `notifications` VALUES (568, 1, 'task_pending', '待确认任务：测试任务', '任务「测试任务」（销售单位：全部）已创建，等待您的确认。', 'task', 63, 1, '2026-01-26 16:36:25', '2026-01-27 05:24:19');
INSERT INTO `notifications` VALUES (569, 1, 'task_rejected', '任务已撤回：测试任务', '任务「测试任务」已被创建者撤回，状态已重置为草稿。', 'task', 63, 0, '2026-01-26 16:37:33', NULL);
INSERT INTO `notifications` VALUES (584, 1, 'task_pending', '待确认任务：测试任务', '任务「测试任务」（销售单位：东区,中区,西区）已创建，等待您的确认。', 'task', 64, 1, '2026-01-28 15:02:22', '2026-01-28 07:02:57');
INSERT INTO `notifications` VALUES (586, 1, 'user_registration_pending', '新用户注册待审核：asdasdasdas', '用户「asdasdasdas」（adasdasdsa）已提交注册申请，请及时审核。', 'user', 45, 1, '2026-01-28 15:06:23', '2026-01-28 07:10:29');
INSERT INTO `notifications` VALUES (587, 1, 'task_pending', '待确认任务：asdas', '任务「asdas」（销售单位：全部）已创建，等待您的确认。', 'task', 63, 1, '2026-01-28 15:09:50', '2026-01-28 07:10:33');
INSERT INTO `notifications` VALUES (588, 1, 'task_detail_submitted', '详细需求已提交：222222222222', '任务「222222222222」的详细需求单已提交，请进行派单。', 'task', 62, 1, '2026-01-28 15:09:59', '2026-01-28 07:10:41');
INSERT INTO `notifications` VALUES (591, 45, 'user_approved', '注册审核已通过', '您的注册申请已通过审核，现在可以登录系统了。', 'user', 45, 0, '2026-01-28 15:10:29', NULL);
INSERT INTO `notifications` VALUES (592, 36, 'task_confirmed', '任务已确认：asdas', '您发起的任务「asdas」已被总管确认，已派发给销售单位接口人。', 'task', 63, 1, '2026-01-28 15:10:37', '2026-01-28 07:13:33');
INSERT INTO `notifications` VALUES (593, 3, 'task_confirmed', '任务已确认：asdas', '任务「asdas」已被总管确认，请填写详细需求单。', 'task', 63, 0, '2026-01-28 15:10:37', NULL);
INSERT INTO `notifications` VALUES (594, 10, 'task_confirmed', '任务已确认：asdas', '任务「asdas」已被总管确认，请填写详细需求单。', 'task', 63, 0, '2026-01-28 15:10:37', NULL);
INSERT INTO `notifications` VALUES (596, 31, 'task_confirmed', '任务已确认：asdas', '任务「asdas」已被总管确认，请填写详细需求单。', 'task', 63, 0, '2026-01-28 15:10:37', NULL);
INSERT INTO `notifications` VALUES (597, 33, 'task_confirmed', '任务已确认：asdas', '任务「asdas」已被总管确认，请填写详细需求单。', 'task', 63, 0, '2026-01-28 15:10:37', NULL);
INSERT INTO `notifications` VALUES (598, 34, 'task_confirmed', '任务已确认：asdas', '任务「asdas」已被总管确认，请填写详细需求单。', 'task', 63, 0, '2026-01-28 15:10:37', NULL);
INSERT INTO `notifications` VALUES (599, 36, 'task_confirmed', '任务已确认：asdas', '任务「asdas」已被总管确认，请填写详细需求单。', 'task', 63, 1, '2026-01-28 15:10:37', '2026-01-28 07:13:35');
INSERT INTO `notifications` VALUES (600, 38, 'task_confirmed', '任务已确认：asdas', '任务「asdas」已被总管确认，请填写详细需求单。', 'task', 63, 0, '2026-01-28 15:10:37', NULL);
INSERT INTO `notifications` VALUES (601, 39, 'task_confirmed', '任务已确认：asdas', '任务「asdas」已被总管确认，请填写详细需求单。', 'task', 63, 0, '2026-01-28 15:10:37', NULL);
INSERT INTO `notifications` VALUES (604, 1, 'task_detail_submitted', '详细需求已提交：asdas', '任务「asdas」的详细需求单已提交，请进行派单。', 'task', 63, 1, '2026-01-28 15:20:41', '2026-01-28 07:21:09');
INSERT INTO `notifications` VALUES (605, 36, 'task_dispatched', '任务已派单：asdas', '任务「asdas」已派单给您，请转派给具体成员。', 'work_order', 74, 1, '2026-01-28 15:21:13', '2026-01-28 07:24:32');
INSERT INTO `notifications` VALUES (606, 36, 'work_order_assigned', '工单已分配：WO36-R27-1768345627', '工单「WO36-R27-1768345627」已分配给您，请及时接单。', 'work_order', 39, 1, '2026-01-28 15:23:42', '2026-04-07 06:22:02');
INSERT INTO `notifications` VALUES (607, 36, 'work_order_assigned', '工单已分配：WO63-R61-1769556073', '工单「WO63-R61-1769556073」已分配给您，请及时接单。', 'work_order', 74, 1, '2026-01-28 15:24:32', '2026-04-07 01:48:32');
INSERT INTO `notifications` VALUES (608, 36, 'work_order_assigned', '工单已分配：WO62-R60-1769555450', '工单「WO62-R60-1769555450」已分配给您，请及时接单。', 'work_order', 73, 1, '2026-01-28 15:24:36', '2026-04-07 01:48:35');
INSERT INTO `notifications` VALUES (609, 36, 'work_order_assigned', '工单已分配：WO62-R56-1769554681', '工单「WO62-R56-1769554681」已分配给您，请及时接单。', 'work_order', 72, 1, '2026-01-28 15:25:18', '2026-04-07 06:22:02');
INSERT INTO `notifications` VALUES (610, 36, 'work_order_assigned', '工单已分配：WO62-R55-1769554677', '工单「WO62-R55-1769554677」已分配给您，请及时接单。', 'work_order', 71, 1, '2026-01-28 15:25:21', '2026-04-07 06:22:02');
INSERT INTO `notifications` VALUES (611, 36, 'work_order_assigned', '工单已分配：WO62-R52-1769554673', '工单「WO62-R52-1769554673」已分配给您，请及时接单。', 'work_order', 70, 1, '2026-01-28 15:25:25', '2026-04-07 06:22:02');
INSERT INTO `notifications` VALUES (612, 36, 'work_order_assigned', '工单已分配：WO59-R58-1769554652', '工单「WO59-R58-1769554652」已分配给您，请及时接单。', 'work_order', 68, 1, '2026-01-28 15:25:31', '2026-04-07 06:22:02');
INSERT INTO `notifications` VALUES (613, 36, 'work_order_assigned', '工单已分配：WO62-R57-1769554071', '工单「WO62-R57-1769554071」已分配给您，请及时接单。', 'work_order', 65, 1, '2026-01-28 15:25:35', '2026-04-07 06:22:02');
INSERT INTO `notifications` VALUES (614, 36, 'work_order_assigned', '工单已分配：WO60-R54-1769554466', '工单「WO60-R54-1769554466」已分配给您，请及时接单。', 'work_order', 66, 1, '2026-01-28 15:25:38', '2026-04-07 01:48:53');
INSERT INTO `notifications` VALUES (615, 36, 'work_order_assigned', '工单已分配：WO59-R59-1769554648', '工单「WO59-R59-1769554648」已分配给您，请及时接单。', 'work_order', 67, 1, '2026-01-28 15:25:42', '2026-04-07 06:22:02');
INSERT INTO `notifications` VALUES (616, 36, 'work_order_assigned', '工单已分配：WO59-R53-1769554657', '工单「WO59-R53-1769554657」已分配给您，请及时接单。', 'work_order', 69, 1, '2026-01-28 15:25:45', '2026-04-07 01:48:41');
INSERT INTO `notifications` VALUES (617, 36, 'work_order_assigned', '工单已撤回：WO62-R60-1769555450', '工单「WO62-R60-1769555450」（任务：222222222222）已被组长撤回，请等待重新转派。', 'work_order', 73, 1, '2026-01-28 15:27:21', '2026-04-07 01:48:35');
INSERT INTO `notifications` VALUES (618, 36, 'work_order_assigned', '工单已分配：WO62-R60-1769555450', '工单「WO62-R60-1769555450」已分配给您，请及时接单。', 'work_order', 73, 1, '2026-01-28 15:27:26', '2026-04-07 01:48:35');
INSERT INTO `notifications` VALUES (619, 1, 'user_registration_pending', '新用户注册待审核：yznn', '用户「yznn」（user12）已提交注册申请，请及时审核。', 'user', 46, 1, '2026-01-28 15:51:40', '2026-01-28 07:51:49');
INSERT INTO `notifications` VALUES (620, 46, 'user_approved', '注册审核已通过', '您的注册申请已通过审核，现在可以登录系统了。', 'user', 46, 1, '2026-01-28 15:51:53', '2026-01-28 07:52:05');
INSERT INTO `notifications` VALUES (621, 1, 'task_pending', '待确认任务：测试任务1', '任务「测试任务1」（销售单位：海卓）已创建，等待您的确认。', 'task', 65, 1, '2026-01-28 16:04:38', '2026-01-28 08:05:55');
INSERT INTO `notifications` VALUES (622, 1, 'task_pending', '待确认任务：测试任务2', '任务「测试任务2」（销售单位：海卓）已创建，等待您的确认。', 'task', 66, 1, '2026-01-28 16:05:40', '2026-01-28 08:05:50');
INSERT INTO `notifications` VALUES (623, 36, 'task_confirmed', '任务已确认：测试任务2', '您发起的任务「测试任务2」已被总管确认，已派发给销售单位接口人。', 'task', 66, 1, '2026-01-28 16:05:52', '2026-01-29 02:22:46');
INSERT INTO `notifications` VALUES (625, 46, 'task_confirmed', '任务已确认：测试任务2', '任务「测试任务2」已被总管确认，请填写详细需求单。', 'task', 66, 1, '2026-01-28 16:05:52', '2026-01-28 08:07:07');
INSERT INTO `notifications` VALUES (626, 36, 'task_confirmed', '任务已确认：测试任务1', '您发起的任务「测试任务1」已被总管确认，已派发给销售单位接口人。', 'task', 65, 1, '2026-01-28 16:05:56', '2026-01-29 02:22:46');
INSERT INTO `notifications` VALUES (628, 46, 'task_confirmed', '任务已确认：测试任务1', '任务「测试任务1」已被总管确认，请填写详细需求单。', 'task', 65, 1, '2026-01-28 16:05:56', '2026-01-28 08:10:48');
INSERT INTO `notifications` VALUES (629, 1, 'task_detail_submitted', '详细需求已提交：测试任务2', '任务「测试任务2」的详细需求单已提交，请进行派单。', 'task', 66, 1, '2026-01-28 16:07:06', '2026-01-28 08:13:41');
INSERT INTO `notifications` VALUES (630, 1, 'task_detail_submitted', '详细需求已提交：测试任务2', '任务「测试任务2」的详细需求单已提交，请进行派单。', 'task', 66, 1, '2026-01-28 16:09:19', '2026-01-28 08:13:41');
INSERT INTO `notifications` VALUES (631, 1, 'task_detail_submitted', '详细需求已提交：测试任务2', '任务「测试任务2」的详细需求单已提交，请进行派单。', 'task', 66, 1, '2026-01-28 16:10:09', '2026-01-28 08:13:41');
INSERT INTO `notifications` VALUES (632, 1, 'task_detail_submitted', '详细需求已提交：测试任务1', '任务「测试任务1」的详细需求单已提交，请进行派单。', 'task', 65, 1, '2026-01-28 16:10:48', '2026-01-28 08:14:16');
INSERT INTO `notifications` VALUES (633, 1, 'task_detail_submitted', '详细需求已提交：测试任务1', '任务「测试任务1」的详细需求单已提交，请进行派单。', 'task', 65, 1, '2026-01-28 16:12:39', '2026-01-28 08:14:16');
INSERT INTO `notifications` VALUES (634, 6, 'task_dispatched', '任务已派单：测试任务2', '任务「测试任务2」已派单给您，请转派给具体成员。', 'work_order', 75, 0, '2026-01-28 16:13:40', NULL);
INSERT INTO `notifications` VALUES (635, 6, 'task_dispatched', '任务已派单：测试任务2', '任务「测试任务2」已派单给您，请转派给具体成员。', 'work_order', 76, 0, '2026-01-28 16:13:47', NULL);
INSERT INTO `notifications` VALUES (636, 6, 'task_dispatched', '任务已派单：测试任务2', '任务「测试任务2」已派单给您，请转派给具体成员。', 'work_order', 77, 0, '2026-01-28 16:13:53', NULL);
INSERT INTO `notifications` VALUES (637, 6, 'task_dispatched', '任务已派单：测试任务2', '任务「测试任务2」已派单给您，请转派给具体成员。', 'work_order', 78, 0, '2026-01-28 16:13:56', NULL);
INSERT INTO `notifications` VALUES (638, 6, 'task_dispatched', '任务已派单：测试任务1', '任务「测试任务1」已派单给您，请转派给具体成员。', 'work_order', 79, 0, '2026-01-28 16:14:16', NULL);
INSERT INTO `notifications` VALUES (639, 6, 'task_dispatched', '任务已派单：测试任务1', '任务「测试任务1」已派单给您，请转派给具体成员。', 'work_order', 80, 0, '2026-01-28 16:14:19', NULL);
INSERT INTO `notifications` VALUES (640, 6, 'task_dispatched', '任务已派单：测试任务1', '任务「测试任务1」已派单给您，请转派给具体成员。', 'work_order', 81, 0, '2026-01-28 16:14:23', NULL);
INSERT INTO `notifications` VALUES (641, 6, 'task_dispatched', '任务已派单：测试任务1', '任务「测试任务1」已派单给您，请转派给具体成员。', 'work_order', 82, 0, '2026-01-28 16:14:26', NULL);
INSERT INTO `notifications` VALUES (642, 1, 'task_pending', '待确认任务：测试任务3', '任务「测试任务3」（销售单位：海卓）已创建，等待您的确认。', 'task', 67, 1, '2026-01-29 09:45:15', '2026-01-29 01:45:30');
INSERT INTO `notifications` VALUES (643, 36, 'task_confirmed', '任务已确认：测试任务3', '您发起的任务「测试任务3」已被总管确认，已派发给销售单位接口人。', 'task', 67, 1, '2026-01-29 09:45:33', '2026-01-29 01:47:37');
INSERT INTO `notifications` VALUES (645, 46, 'task_confirmed', '任务已确认：测试任务3', '任务「测试任务3」已被总管确认，请填写详细需求单。', 'task', 67, 1, '2026-01-29 09:45:33', '2026-01-29 01:45:44');
INSERT INTO `notifications` VALUES (646, 1, 'task_detail_submitted', '详细需求已提交：测试任务3', '任务「测试任务3」的详细需求单已提交，请进行派单。', 'task', 67, 1, '2026-01-29 09:46:47', '2026-01-29 01:53:41');
INSERT INTO `notifications` VALUES (647, 1, 'task_pending', '待确认任务：测试任务3', '任务「测试任务3」（销售单位：阿网,恒联,海卓）已创建，等待您的确认。', 'task', 67, 1, '2026-01-29 09:49:07', '2026-01-29 01:50:32');
INSERT INTO `notifications` VALUES (648, 1, 'task_rejected', '任务已撤回：测试任务3', '任务「测试任务3」已被创建者撤回，状态已重置为草稿。', 'task', 67, 0, '2026-01-29 10:18:23', NULL);
INSERT INTO `notifications` VALUES (649, 1, 'task_pending', '待确认任务：测试任务3', '任务「测试任务3」（销售单位：恒联,海卓）已创建，等待您的确认。', 'task', 67, 1, '2026-01-29 10:18:35', '2026-01-29 02:50:27');
INSERT INTO `notifications` VALUES (650, 36, 'task_confirmed', '任务已确认：测试任务3', '您发起的任务「测试任务3」已被总管确认，已派发给销售单位接口人。', 'task', 67, 1, '2026-01-29 10:50:30', '2026-01-29 05:45:30');
INSERT INTO `notifications` VALUES (651, 10, 'task_confirmed', '任务已确认：测试任务3', '任务「测试任务3」已被总管确认，请填写详细需求单。', 'task', 67, 0, '2026-01-29 10:50:30', NULL);
INSERT INTO `notifications` VALUES (653, 46, 'task_confirmed', '任务已确认：测试任务3', '任务「测试任务3」已被总管确认，请填写详细需求单。', 'task', 67, 1, '2026-01-29 10:50:30', '2026-01-29 02:50:46');
INSERT INTO `notifications` VALUES (654, 1, 'task_detail_submitted', '详细需求已提交：测试任务3', '任务「测试任务3」的详细需求单已提交，请进行派单。', 'task', 67, 1, '2026-01-29 10:50:57', '2026-01-29 03:09:37');
INSERT INTO `notifications` VALUES (655, 36, 'task_dispatched', '任务已派单：测试任务3', '任务「测试任务3」已派单给您，请转派给具体成员。', 'work_order', 83, 1, '2026-01-29 11:09:36', '2026-04-08 07:59:16');
INSERT INTO `notifications` VALUES (656, 36, 'task_dispatched', '任务已派单：测试任务3', '任务「测试任务3」已派单给您，请转派给具体成员。', 'work_order', 84, 1, '2026-01-29 11:09:40', '2026-04-08 07:59:16');
INSERT INTO `notifications` VALUES (657, 36, 'task_dispatched', '任务已派单：测试任务3', '任务「测试任务3」已派单给您，请转派给具体成员。', 'work_order', 85, 1, '2026-01-29 11:09:44', '2026-04-08 07:59:16');
INSERT INTO `notifications` VALUES (658, 1, 'task_pending', '待确认任务：测试任务3', '任务「测试任务3」（销售单位：海卓）已创建，等待您的确认。', 'task', 67, 1, '2026-01-29 11:10:23', '2026-01-29 03:11:33');
INSERT INTO `notifications` VALUES (659, 36, 'task_confirmed', '任务已确认：测试任务3', '您发起的任务「测试任务3」已被总管确认，已派发给销售单位接口人。', 'task', 67, 1, '2026-01-29 11:11:50', '2026-01-29 05:45:30');
INSERT INTO `notifications` VALUES (661, 46, 'task_confirmed', '任务已确认：测试任务3', '任务「测试任务3」已被总管确认，请填写详细需求单。', 'task', 67, 1, '2026-01-29 11:11:50', '2026-01-29 05:00:55');
INSERT INTO `notifications` VALUES (662, 1, 'task_detail_submitted', '详细需求已提交：测试任务3', '任务「测试任务3」的详细需求单已提交，请进行派单。', 'task', 67, 1, '2026-01-29 13:01:14', '2026-01-29 05:01:46');
INSERT INTO `notifications` VALUES (663, 1, 'task_pending', '待确认任务：测试任务4', '任务「测试任务4」（销售单位：海卓）已创建，等待您的确认。', 'task', 68, 1, '2026-01-29 13:09:24', '2026-01-29 05:09:44');
INSERT INTO `notifications` VALUES (664, 36, 'task_confirmed', '任务已确认：测试任务4', '您发起的任务「测试任务4」已被总管确认，已派发给销售单位接口人。', 'task', 68, 1, '2026-01-29 13:09:44', '2026-01-29 05:36:18');
INSERT INTO `notifications` VALUES (666, 46, 'task_confirmed', '任务已确认：测试任务4', '任务「测试任务4」已被总管确认，请填写详细需求单。', 'task', 68, 1, '2026-01-29 13:09:44', '2026-01-29 05:47:15');
INSERT INTO `notifications` VALUES (667, 1, 'task_pending', '待确认任务：测试任务4', '任务「测试任务4」（销售单位：阿网）已创建，等待您的确认。', 'task', 68, 1, '2026-01-29 13:10:45', '2026-01-29 05:11:12');
INSERT INTO `notifications` VALUES (668, 1, 'task_rejected', '任务已撤回：测试任务4', '任务「测试任务4」已被创建者撤回，状态已重置为草稿。', 'task', 68, 0, '2026-01-29 13:36:17', NULL);
INSERT INTO `notifications` VALUES (669, 1, 'task_pending', '待确认任务：测试任务4', '任务「测试任务4」（销售单位：海卓,恒联）已创建，等待您的确认。', 'task', 68, 1, '2026-01-29 13:36:30', '2026-01-29 05:36:40');
INSERT INTO `notifications` VALUES (670, 36, 'task_confirmed', '任务已确认：测试任务4', '您发起的任务「测试任务4」已被总管确认，已派发给销售单位接口人。', 'task', 68, 1, '2026-01-29 13:36:42', '2026-01-29 05:45:29');
INSERT INTO `notifications` VALUES (671, 10, 'task_confirmed', '任务已确认：测试任务4', '任务「测试任务4」已被总管确认，请填写详细需求单。', 'task', 68, 0, '2026-01-29 13:36:42', NULL);
INSERT INTO `notifications` VALUES (673, 46, 'task_confirmed', '任务已确认：测试任务4', '任务「测试任务4」已被总管确认，请填写详细需求单。', 'task', 68, 1, '2026-01-29 13:36:42', '2026-01-29 05:47:15');
INSERT INTO `notifications` VALUES (674, 1, 'task_rejected', '任务已撤回：测试任务4', '任务「测试任务4」已被创建者撤回，状态已重置为草稿。', 'task', 68, 0, '2026-01-29 13:45:36', NULL);
INSERT INTO `notifications` VALUES (675, 1, 'task_pending', '待确认任务：测试任务4', '任务「测试任务4」（销售单位：海卓）已创建，等待您的确认。', 'task', 68, 1, '2026-01-29 13:46:28', '2026-01-29 05:46:42');
INSERT INTO `notifications` VALUES (676, 36, 'task_confirmed', '任务已确认：测试任务4', '您发起的任务「测试任务4」已被总管确认，已派发给销售单位接口人。', 'task', 68, 1, '2026-01-29 13:46:44', '2026-04-08 06:55:41');
INSERT INTO `notifications` VALUES (678, 46, 'task_confirmed', '任务已确认：测试任务4', '任务「测试任务4」已被总管确认，请填写详细需求单。', 'task', 68, 1, '2026-01-29 13:46:45', '2026-01-29 05:47:00');
INSERT INTO `notifications` VALUES (679, 1, 'task_detail_submitted', '详细需求已提交：测试任务4', '任务「测试任务4」的详细需求单已提交，请进行派单。', 'task', 68, 1, '2026-01-29 13:47:15', '2026-01-29 05:48:18');
INSERT INTO `notifications` VALUES (680, 1, 'task_detail_submitted', '详细需求已提交：测试任务4', '任务「测试任务4」的详细需求单已提交，请进行派单。', 'task', 68, 1, '2026-01-29 13:47:25', '2026-01-29 05:48:17');
INSERT INTO `notifications` VALUES (681, 1, 'task_pending', '待确认任务：测试任务4', '任务「测试任务4」（销售单位：海卓,恒联）已创建，等待您的确认。', 'task', 68, 1, '2026-01-29 13:47:56', '2026-01-29 05:48:06');
INSERT INTO `notifications` VALUES (682, 36, 'task_confirmed', '任务已确认：测试任务4', '您发起的任务「测试任务4」已被总管确认，已派发给销售单位接口人。', 'task', 68, 1, '2026-01-29 13:48:12', '2026-04-08 06:55:41');
INSERT INTO `notifications` VALUES (683, 10, 'task_confirmed', '任务已确认：测试任务4', '任务「测试任务4」已被总管确认，请填写详细需求单。', 'task', 68, 0, '2026-01-29 13:48:12', NULL);
INSERT INTO `notifications` VALUES (685, 46, 'task_confirmed', '任务已确认：测试任务4', '任务「测试任务4」已被总管确认，请填写详细需求单。', 'task', 68, 1, '2026-01-29 13:48:12', '2026-01-29 07:24:40');
INSERT INTO `notifications` VALUES (686, 36, 'task_dispatched', '任务已派单：测试任务4', '任务「测试任务4」已派单给您，请转派给具体成员。', 'work_order', 86, 1, '2026-01-29 13:48:27', '2026-04-08 07:59:16');
INSERT INTO `notifications` VALUES (687, 1, 'task_pending', '待确认任务：理想公司', '任务「理想公司」（销售单位：海卓）已创建，等待您的确认。', 'task', 69, 1, '2026-01-29 14:41:07', '2026-01-29 06:41:28');
INSERT INTO `notifications` VALUES (688, 36, 'task_confirmed', '任务已确认：理想公司', '您发起的任务「理想公司」已被总管确认，已派发给销售单位接口人。', 'task', 69, 1, '2026-01-29 14:41:28', '2026-04-08 06:55:40');
INSERT INTO `notifications` VALUES (690, 46, 'task_confirmed', '任务已确认：理想公司', '任务「理想公司」已被总管确认，请填写详细需求单。', 'task', 69, 1, '2026-01-29 14:41:28', '2026-01-29 07:24:30');
INSERT INTO `notifications` VALUES (691, 1, 'task_detail_submitted', '详细需求已提交：理想公司', '任务「理想公司」的详细需求单已提交，请进行派单。', 'task', 69, 1, '2026-01-29 15:24:29', '2026-01-30 01:56:35');
INSERT INTO `notifications` VALUES (692, 1, 'task_pending', '待确认任务：gerer', '任务「gerer」（销售单位：云能力中心,阿网）已创建，等待您的确认。', 'task', 71, 1, '2026-03-13 13:29:57', '2026-04-07 01:54:21');
INSERT INTO `notifications` VALUES (693, 36, 'visit_log_created', '新的拜访日志：WO59-R46-1769382846', '成员已提交新的拜访日志，请进行复盘。', 'visit_log', 19, 1, '2026-04-02 14:28:36', '2026-04-08 07:59:16');
INSERT INTO `notifications` VALUES (694, 36, 'visit_log_created', '新的拜访日志：WO59-R48-1769382839', '成员已提交新的拜访日志，请进行复盘。', 'visit_log', 20, 1, '2026-04-02 16:20:58', '2026-04-08 07:59:16');
INSERT INTO `notifications` VALUES (695, 36, 'work_order_accepted', '工单已接单：WO63-R61-1769556073', '工单「WO63-R61-1769556073」已被成员接单。', 'work_order', 74, 1, '2026-04-07 09:48:32', '2026-04-08 07:59:16');
INSERT INTO `notifications` VALUES (696, 36, 'work_order_accepted', '工单已接单：WO62-R60-1769555450', '工单「WO62-R60-1769555450」已被成员接单。', 'work_order', 73, 1, '2026-04-07 09:48:34', '2026-04-08 07:59:16');
INSERT INTO `notifications` VALUES (697, 36, 'work_order_accepted', '工单已接单：WO59-R53-1769554657', '工单「WO59-R53-1769554657」已被成员接单。', 'work_order', 69, 1, '2026-04-07 09:48:41', '2026-04-08 07:59:16');
INSERT INTO `notifications` VALUES (698, 36, 'work_order_accepted', '工单已接单：WO60-R54-1769554466', '工单「WO60-R54-1769554466」已被成员接单。', 'work_order', 66, 1, '2026-04-07 09:48:53', '2026-04-08 07:59:16');
INSERT INTO `notifications` VALUES (699, 1, 'task_detail_submitted', '详细需求已提交：asdas', '任务「asdas」的详细需求单已提交，请进行派单。', 'task', 63, 1, '2026-04-07 09:50:38', '2026-04-07 01:52:49');
INSERT INTO `notifications` VALUES (700, 36, 'task_dispatched', '任务已派单：asdas', '任务「asdas」已派单给您，请转派给具体成员。', 'work_order', 87, 1, '2026-04-07 09:53:32', '2026-04-07 01:55:18');
INSERT INTO `notifications` VALUES (701, 36, 'work_order_assigned', '工单已分配：WO63-R78-1775498012', '工单「WO63-R78-1775498012」已分配给您，请及时接单。', 'work_order', 87, 1, '2026-04-07 09:55:44', '2026-04-07 01:55:57');
INSERT INTO `notifications` VALUES (702, 36, 'work_order_accepted', '工单已接单：WO63-R78-1775498012', '工单「WO63-R78-1775498012」已被成员接单。', 'work_order', 87, 1, '2026-04-07 09:55:56', '2026-04-08 07:59:16');
INSERT INTO `notifications` VALUES (703, 36, 'visit_log_created', '新的拜访日志：WO63-R78-1775498012', '成员已提交新的拜访日志，请进行复盘。', 'visit_log', 21, 1, '2026-04-07 11:09:07', '2026-04-08 07:59:16');
INSERT INTO `notifications` VALUES (704, 36, 'visit_log_created', '新的拜访日志：WO63-R61-1769556073', '成员已提交新的拜访日志，请进行复盘。', 'visit_log', 22, 1, '2026-04-07 11:23:20', '2026-04-08 07:59:16');
INSERT INTO `notifications` VALUES (705, 36, 'visit_log_created', '新的拜访日志：WO59-R47-1769382843', '成员已提交新的拜访日志，请进行复盘。', 'visit_log', 23, 1, '2026-04-07 13:30:44', '2026-04-08 07:59:16');
INSERT INTO `notifications` VALUES (706, 1, 'task_detail_submitted', '详细需求已提交：asdas', '任务「asdas」的详细需求单已提交，请进行派单。', 'task', 63, 1, '2026-04-07 14:04:08', '2026-04-07 06:04:31');
INSERT INTO `notifications` VALUES (707, 36, 'task_dispatched', '任务已派单：asdas', '任务「asdas」已派单给您，请转派给具体成员。', 'work_order', 88, 1, '2026-04-07 14:04:39', '2026-04-07 06:13:54');
INSERT INTO `notifications` VALUES (708, 1, 'task_pending', '待确认任务：宝山', '任务「宝山」（销售单位：销售单位 - 宝山）已创建，等待您的确认。', 'task', 72, 1, '2026-04-07 14:06:31', '2026-04-07 06:06:40');
INSERT INTO `notifications` VALUES (709, 36, 'task_confirmed', '任务已确认：宝山', '您发起的任务「宝山」已被总管确认，已派发给销售单位接口人。', 'task', 72, 1, '2026-04-07 14:06:43', '2026-04-07 06:16:38');
INSERT INTO `notifications` VALUES (710, 36, 'task_confirmed', '任务已确认：宝山', '任务「宝山」已被总管确认，请填写详细需求单。', 'task', 72, 1, '2026-04-07 14:06:43', '2026-04-07 06:16:38');
INSERT INTO `notifications` VALUES (711, 36, 'work_order_assigned', '工单已分配：WO63-R79-1775513079', '工单「WO63-R79-1775513079」已分配给您，请及时接单。', 'work_order', 88, 1, '2026-04-07 14:13:53', '2026-04-07 06:14:06');
INSERT INTO `notifications` VALUES (712, 36, 'work_order_accepted', '工单已接单：WO63-R79-1775513079', '工单「WO63-R79-1775513079」已被成员接单。', 'work_order', 88, 1, '2026-04-07 14:14:06', '2026-04-08 07:59:16');
INSERT INTO `notifications` VALUES (713, 36, 'visit_log_created', '新的拜访日志：WO63-R79-1775513079', '成员已提交新的拜访日志，请进行复盘。', 'visit_log', 24, 1, '2026-04-07 14:14:58', '2026-04-08 07:59:16');
INSERT INTO `notifications` VALUES (714, 1, 'task_detail_submitted', '详细需求已提交：宝山', '任务「宝山」的详细需求单已提交，请进行派单。', 'task', 72, 1, '2026-04-07 14:16:38', '2026-04-07 06:18:02');
INSERT INTO `notifications` VALUES (715, 36, 'task_dispatched', '任务已派单：宝山', '任务「宝山」已派单给您，请转派给具体成员。', 'work_order', 89, 1, '2026-04-07 14:18:14', '2026-04-07 06:18:34');
INSERT INTO `notifications` VALUES (716, 36, 'work_order_assigned', '工单已分配：WO72-R80-1775513894', '工单「WO72-R80-1775513894」已分配给您，请及时接单。', 'work_order', 89, 1, '2026-04-07 14:18:33', '2026-04-07 06:18:41');
INSERT INTO `notifications` VALUES (717, 36, 'work_order_accepted', '工单已接单：WO72-R80-1775513894', '工单「WO72-R80-1775513894」已被成员接单。', 'work_order', 89, 1, '2026-04-07 14:18:41', '2026-04-08 07:59:16');
INSERT INTO `notifications` VALUES (718, 36, 'visit_log_created', '新的拜访日志：WO72-R80-1775513894', '成员已提交新的拜访日志，请进行复盘。', 'visit_log', 25, 1, '2026-04-07 14:35:37', '2026-04-08 07:59:16');
INSERT INTO `notifications` VALUES (719, 36, 'lead_created', '新线索：测距', '成员已创建新线索「测距」（任务：宝山），请及时查看。', 'lead', 18, 1, '2026-04-07 16:12:55', '2026-04-08 07:59:16');
INSERT INTO `notifications` VALUES (720, 1, 'lead_created', '新线索：测距', '任务「宝山」中产生了新线索「测距」。', 'lead', 18, 1, '2026-04-07 16:12:55', '2026-04-08 06:57:10');
INSERT INTO `notifications` VALUES (721, 36, 'work_order_accepted', '工单已接单：WO36-R27-1768345627', '工单「WO36-R27-1768345627」已被成员接单。', 'work_order', 39, 1, '2026-04-08 09:49:14', '2026-04-08 07:59:16');
INSERT INTO `notifications` VALUES (722, 36, 'work_order_assigned', '工单已分配：WO68-R76-1769636907', '工单「WO68-R76-1769636907」已分配给您，请及时接单。', 'work_order', 86, 1, '2026-04-08 16:42:44', '2026-04-08 08:42:59');
INSERT INTO `notifications` VALUES (723, 36, 'work_order_assigned', '工单已分配：WO67-R70-1769627384', '工单「WO67-R70-1769627384」已分配给您，请及时接单。', 'work_order', 85, 1, '2026-04-08 16:42:47', '2026-04-08 08:42:59');
INSERT INTO `notifications` VALUES (724, 36, 'work_order_assigned', '工单已分配：WO67-R71-1769627380', '工单「WO67-R71-1769627380」已分配给您，请及时接单。', 'work_order', 84, 1, '2026-04-08 16:42:51', '2026-04-08 08:42:57');
INSERT INTO `notifications` VALUES (725, 1, 'work_order_completed', '工单已完成：WO72-R80-1775513894', '工单「WO72-R80-1775513894」（任务：宝山）已完成。', 'work_order', 89, 1, '2026-04-08 16:59:12', '2026-04-10 02:28:09');
INSERT INTO `notifications` VALUES (726, 36, 'work_order_completed', '工单已完成：WO72-R80-1775513894', '工单「WO72-R80-1775513894」（任务：宝山）已完成。', 'work_order', 89, 1, '2026-04-08 16:59:12', '2026-04-27 07:13:03');
INSERT INTO `notifications` VALUES (727, 1, 'work_order_completed', '工单已完成：WO63-R79-1775513079', '工单「WO63-R79-1775513079」（任务：asdas）已完成。', 'work_order', 88, 1, '2026-04-08 16:59:28', '2026-04-10 02:28:09');
INSERT INTO `notifications` VALUES (728, 36, 'work_order_completed', '工单已完成：WO63-R79-1775513079', '工单「WO63-R79-1775513079」（任务：asdas）已完成。', 'work_order', 88, 1, '2026-04-08 16:59:28', '2026-04-27 07:13:02');
INSERT INTO `notifications` VALUES (729, 36, 'visit_log_created', '新的拜访日志：WO59-R51-1769382826', '成员已提交新的拜访日志，请进行复盘。', 'visit_log', 26, 1, '2026-04-09 10:06:24', '2026-04-22 05:26:14');
INSERT INTO `notifications` VALUES (730, 36, 'visit_log_created', '新的拜访日志：WO62-R60-1769555450', '成员已提交新的拜访日志，请进行复盘。', 'visit_log', 27, 1, '2026-04-09 14:13:07', '2026-04-22 05:26:14');
INSERT INTO `notifications` VALUES (731, 1, 'delivery_case_created', '已发起转交付：拜访日志 #25', '拜访日志 #25 已发起转交付，请关注后续处理。', 'visit_log', 25, 0, '2026-04-09 16:55:52', NULL);
INSERT INTO `notifications` VALUES (732, 36, 'delivery_case_created', '已发起转交付：拜访日志 #25', '拜访日志 #25 已发起转交付，请关注后续处理。', 'visit_log', 25, 0, '2026-04-09 16:55:52', NULL);
INSERT INTO `notifications` VALUES (733, 5, 'delivery_case_created', '已发起转交付：拜访日志 #25', '拜访日志 #25 已发起转交付，请关注后续处理。', 'visit_log', 25, 1, '2026-04-09 16:55:52', '2026-04-09 08:56:32');
INSERT INTO `notifications` VALUES (734, 1, 'delivery_case_created', '已发起转交付：拜访日志 #22', '拜访日志 #22 已发起转交付，请关注后续处理。', 'visit_log', 22, 0, '2026-04-09 17:03:47', NULL);
INSERT INTO `notifications` VALUES (735, 36, 'delivery_case_created', '已发起转交付：拜访日志 #22', '拜访日志 #22 已发起转交付，请关注后续处理。', 'visit_log', 22, 0, '2026-04-09 17:03:47', NULL);
INSERT INTO `notifications` VALUES (736, 1, 'delivery_case_accepted', '交付已接单：拜访日志 #22', '交付负责人已接单，拜访日志 #22 已进入交付中。', 'visit_log', 22, 0, '2026-04-09 17:03:50', NULL);
INSERT INTO `notifications` VALUES (737, 36, 'delivery_case_accepted', '交付已接单：拜访日志 #22', '交付负责人已接单，拜访日志 #22 已进入交付中。', 'visit_log', 22, 0, '2026-04-09 17:03:50', NULL);
INSERT INTO `notifications` VALUES (738, 1, 'delivery_case_completed', '交付已完成：拜访日志 #22', '交付流程已完成，拜访日志 #22 已闭环。', 'visit_log', 22, 0, '2026-04-09 17:04:09', NULL);
INSERT INTO `notifications` VALUES (739, 36, 'delivery_case_completed', '交付已完成：拜访日志 #22', '交付流程已完成，拜访日志 #22 已闭环。', 'visit_log', 22, 0, '2026-04-09 17:04:09', NULL);
INSERT INTO `notifications` VALUES (740, 1, 'delivery_case_created', '已发起转交付：拜访日志 #20', '拜访日志 #20 已发起转交付，请关注后续处理。', 'visit_log', 20, 0, '2026-04-09 17:08:22', NULL);
INSERT INTO `notifications` VALUES (741, 36, 'delivery_case_created', '已发起转交付：拜访日志 #20', '拜访日志 #20 已发起转交付，请关注后续处理。', 'visit_log', 20, 0, '2026-04-09 17:08:22', NULL);
INSERT INTO `notifications` VALUES (742, 47, 'delivery_case_created', '已发起转交付：拜访日志 #20', '拜访日志 #20 已发起转交付，请关注后续处理。', 'visit_log', 20, 1, '2026-04-09 17:08:22', '2026-04-09 09:09:08');
INSERT INTO `notifications` VALUES (743, 36, 'work_order_accepted', '工单已接单：WO62-R52-1769554673', '工单「WO62-R52-1769554673」已被成员接单。', 'work_order', 70, 1, '2026-04-10 15:49:14', '2026-04-22 05:26:14');
INSERT INTO `notifications` VALUES (744, 36, 'work_order_accepted', '工单已接单：WO62-R57-1769554071', '工单「WO62-R57-1769554071」已被成员接单。', 'work_order', 65, 1, '2026-04-10 15:49:25', '2026-04-22 05:26:14');
INSERT INTO `notifications` VALUES (745, 36, 'work_order_accepted', '工单已接单：WO59-R58-1769554652', '工单「WO59-R58-1769554652」已被成员接单。', 'work_order', 68, 1, '2026-04-10 15:49:27', '2026-04-22 05:26:14');
INSERT INTO `notifications` VALUES (746, 36, 'work_order_accepted', '工单已接单：WO62-R55-1769554677', '工单「WO62-R55-1769554677」已被成员接单。', 'work_order', 71, 1, '2026-04-10 15:49:28', '2026-04-22 05:26:14');
INSERT INTO `notifications` VALUES (747, 36, 'work_order_accepted', '工单已接单：WO62-R56-1769554681', '工单「WO62-R56-1769554681」已被成员接单。', 'work_order', 72, 1, '2026-04-10 15:49:29', '2026-04-22 05:26:14');
INSERT INTO `notifications` VALUES (748, 36, 'work_order_accepted', '工单已接单：WO67-R71-1769627380', '工单「WO67-R71-1769627380」已被成员接单。', 'work_order', 84, 1, '2026-04-10 15:49:30', '2026-04-22 05:26:14');
INSERT INTO `notifications` VALUES (749, 36, 'work_order_accepted', '工单已接单：WO59-R59-1769554648', '工单「WO59-R59-1769554648」已被成员接单。', 'work_order', 67, 1, '2026-04-10 15:49:31', '2026-04-22 05:26:14');
INSERT INTO `notifications` VALUES (750, 36, 'work_order_accepted', '工单已接单：WO67-R70-1769627384', '工单「WO67-R70-1769627384」已被成员接单。', 'work_order', 85, 1, '2026-04-10 15:49:32', '2026-04-22 05:26:14');
INSERT INTO `notifications` VALUES (751, 36, 'work_order_accepted', '工单已接单：WO68-R76-1769636907', '工单「WO68-R76-1769636907」已被成员接单。', 'work_order', 86, 1, '2026-04-10 15:49:33', '2026-04-22 05:26:14');
INSERT INTO `notifications` VALUES (752, 1, 'work_order_completed', '工单已完成：WO60-R54-1769554466', '工单「WO60-R54-1769554466」（任务：8888）已完成。', 'work_order', 66, 1, '2026-04-10 15:49:41', '2026-04-15 01:38:24');
INSERT INTO `notifications` VALUES (753, 36, 'work_order_completed', '工单已完成：WO60-R54-1769554466', '工单「WO60-R54-1769554466」（任务：8888）已完成。', 'work_order', 66, 1, '2026-04-10 15:49:41', '2026-04-27 07:13:02');
INSERT INTO `notifications` VALUES (754, 1, 'work_order_cancelled', '工单已取消：WO59-R59-1769554648', '工单「WO59-R59-1769554648」（任务：7777）已被取消，取消原因：wed。', 'work_order', 67, 0, '2026-04-10 15:49:51', NULL);
INSERT INTO `notifications` VALUES (755, 1, 'task_detail_submitted', '详细需求已提交：asdas', '任务「asdas」的详细需求单已提交，请进行派单。', 'task', 63, 1, '2026-04-21 14:12:39', '2026-04-21 06:13:19');
INSERT INTO `notifications` VALUES (756, 36, 'task_dispatched', '任务已派单：asdas', '任务「asdas」已派单给您，请转派给具体成员。', 'work_order', 90, 1, '2026-04-21 14:13:39', '2026-04-21 06:13:48');
INSERT INTO `notifications` VALUES (757, 36, 'work_order_assigned', '工单已分配：WO63-R81-1776723219', '工单「WO63-R81-1776723219」已分配给您，请及时接单。', 'work_order', 90, 1, '2026-04-21 14:14:02', '2026-04-21 06:14:13');
INSERT INTO `notifications` VALUES (758, 36, 'work_order_accepted', '工单已接单：WO63-R81-1776723219', '工单「WO63-R81-1776723219」已被成员接单。', 'work_order', 90, 1, '2026-04-21 14:14:47', '2026-04-21 07:15:35');
INSERT INTO `notifications` VALUES (759, 1, 'work_order_completed', '工单已完成：WO63-R81-1776723219', '工单「WO63-R81-1776723219」（任务：asdas）已完成。', 'work_order', 90, 1, '2026-04-21 15:15:34', '2026-04-22 04:30:38');
INSERT INTO `notifications` VALUES (760, 36, 'work_order_completed', '工单已完成：WO63-R81-1776723219', '工单「WO63-R81-1776723219」（任务：asdas）已完成。', 'work_order', 90, 1, '2026-04-21 15:15:35', '2026-04-27 07:13:01');
INSERT INTO `notifications` VALUES (761, 36, 'work_order_assigned', '工单已分配：WO67-R72-1769627376', '工单「WO67-R72-1769627376」已分配给您，请及时接单。', 'work_order', 83, 1, '2026-04-21 15:21:27', '2026-04-21 07:21:41');
INSERT INTO `notifications` VALUES (762, 36, 'work_order_accepted', '工单已接单：WO67-R72-1769627376', '工单「WO67-R72-1769627376」已被成员接单。', 'work_order', 83, 1, '2026-04-21 15:21:53', '2026-04-22 05:26:14');
INSERT INTO `notifications` VALUES (763, 36, 'visit_log_created', '新的拜访日志：WO67-R72-1769627376', '成员已提交新的拜访日志，请进行复盘。', 'visit_log', 28, 1, '2026-04-21 15:23:01', '2026-04-22 05:26:14');
INSERT INTO `notifications` VALUES (764, 36, 'visit_log_created', '新的拜访日志：WO68-R76-1769636907', '成员已提交新的拜访日志，请进行复盘。', 'visit_log', 29, 1, '2026-04-22 09:52:36', '2026-04-22 05:26:14');
INSERT INTO `notifications` VALUES (765, 36, 'visit_log_created', '新的拜访日志：WO67-R71-1769627380', '成员已提交新的拜访日志，请进行复盘。', 'visit_log', 30, 1, '2026-04-22 10:27:38', '2026-04-22 05:26:14');
INSERT INTO `notifications` VALUES (766, 36, 'visit_log_created', '新的拜访日志：WO67-R70-1769627384', '成员已提交新的拜访日志，请进行复盘。', 'visit_log', 31, 1, '2026-04-22 10:49:30', '2026-04-22 05:26:14');
INSERT INTO `notifications` VALUES (767, 1, 'task_pending', '待确认任务：一体机', '任务「一体机」（销售单位：销售单位 - 宝山）已创建，等待您的确认。', 'task', 73, 1, '2026-04-22 12:28:38', '2026-04-22 04:28:44');
INSERT INTO `notifications` VALUES (768, 36, 'task_confirmed', '任务已确认：一体机', '您发起的任务「一体机」已被总管确认，已派发给销售单位接口人。', 'task', 73, 1, '2026-04-22 12:28:47', '2026-04-22 04:28:56');
INSERT INTO `notifications` VALUES (769, 36, 'task_confirmed', '任务已确认：一体机', '任务「一体机」已被总管确认，请填写详细需求单。', 'task', 73, 1, '2026-04-22 12:28:47', '2026-04-22 04:30:31');
INSERT INTO `notifications` VALUES (770, 1, 'task_detail_submitted', '详细需求已提交：一体机', '任务「一体机」的详细需求单已提交，请进行派单。', 'task', 73, 1, '2026-04-22 12:30:31', '2026-04-22 04:30:37');
INSERT INTO `notifications` VALUES (771, 36, 'task_dispatched', '任务已派单：一体机', '任务「一体机」已派单给您，请转派给具体成员。', 'work_order', 91, 1, '2026-04-22 12:30:52', '2026-04-22 04:31:02');
INSERT INTO `notifications` VALUES (772, 36, 'work_order_assigned', '工单已分配：WO73-R82-1776803452', '工单「WO73-R82-1776803452」已分配给您，请及时接单。', 'work_order', 91, 1, '2026-04-22 12:31:07', '2026-04-22 04:31:42');
INSERT INTO `notifications` VALUES (773, 36, 'work_order_accepted', '工单已接单：WO73-R82-1776803452', '工单「WO73-R82-1776803452」已被成员接单。', 'work_order', 91, 1, '2026-04-22 12:31:41', '2026-04-22 05:14:17');
INSERT INTO `notifications` VALUES (774, 1, 'task_pending', '待确认任务：测试任务', '任务「测试任务」（销售单位：销售单位 - 宝山）已创建，等待您的确认。', 'task', 74, 1, '2026-04-22 12:33:05', '2026-04-22 04:33:10');
INSERT INTO `notifications` VALUES (775, 36, 'task_confirmed', '任务已确认：测试任务', '您发起的任务「测试任务」已被总管确认，已派发给销售单位接口人。', 'task', 74, 1, '2026-04-22 12:33:13', '2026-04-22 04:33:20');
INSERT INTO `notifications` VALUES (776, 36, 'task_confirmed', '任务已确认：测试任务', '任务「测试任务」已被总管确认，请填写详细需求单。', 'task', 74, 1, '2026-04-22 12:33:13', '2026-04-22 04:35:30');
INSERT INTO `notifications` VALUES (777, 1, 'task_detail_submitted', '详细需求已提交：测试任务', '任务「测试任务」的详细需求单已提交，请进行派单。', 'task', 74, 1, '2026-04-22 12:35:29', '2026-04-22 04:36:58');
INSERT INTO `notifications` VALUES (778, 36, 'task_dispatched', '任务已派单：测试任务', '任务「测试任务」已派单给您，请转派给具体成员。', 'work_order', 92, 1, '2026-04-22 12:37:09', '2026-04-22 04:37:15');
INSERT INTO `notifications` VALUES (779, 36, 'work_order_assigned', '工单已分配：WO74-R83-1776803829', '工单「WO74-R83-1776803829」已分配给您，请及时接单。', 'work_order', 92, 1, '2026-04-22 12:37:23', '2026-04-22 04:37:27');
INSERT INTO `notifications` VALUES (780, 36, 'work_order_accepted', '工单已接单：WO74-R83-1776803829', '工单「WO74-R83-1776803829」已被成员接单。', 'work_order', 92, 1, '2026-04-22 12:37:30', '2026-04-22 05:26:14');
INSERT INTO `notifications` VALUES (781, 36, 'visit_log_created', '新的拜访日志：WO74-R83-1776803829', '成员已提交新的拜访日志，请进行复盘。', 'visit_log', 32, 1, '2026-04-22 12:38:52', '2026-04-22 05:26:14');
INSERT INTO `notifications` VALUES (782, 36, 'visit_log_created', '新的拜访日志：WO73-R82-1776803452', '成员已提交新的拜访日志，请进行复盘。', 'visit_log', 33, 1, '2026-04-22 13:14:16', '2026-04-22 05:26:14');
INSERT INTO `notifications` VALUES (783, 1, 'work_order_completed', '工单已拜访：WO73-R82-1776803452', '工单「WO73-R82-1776803452」（任务：一体机）已标记为已拜访。', 'work_order', 91, 1, '2026-04-22 13:14:16', '2026-04-22 07:01:40');
INSERT INTO `notifications` VALUES (784, 36, 'work_order_completed', '工单已拜访：WO73-R82-1776803452', '工单「WO73-R82-1776803452」（任务：一体机）已标记为已拜访。', 'work_order', 91, 1, '2026-04-22 13:14:16', '2026-04-27 07:13:00');
INSERT INTO `notifications` VALUES (785, 35, 'task_dispatched', '收到跨组转单：WO62-R56-1769554681', '工单「WO62-R56-1769554681」（任务：222222222222）已跨组转给您，请转派给组内成员。', 'work_order', 72, 1, '2026-04-22 14:09:15', '2026-04-22 06:11:21');
INSERT INTO `notifications` VALUES (786, 8, 'work_order_assigned', '工单已分配：WO62-R56-1769554681', '工单「WO62-R56-1769554681」已分配给您，请及时接单。', 'work_order', 72, 0, '2026-04-22 14:11:45', NULL);
INSERT INTO `notifications` VALUES (787, 8, 'work_order_assigned', '工单已撤回：WO62-R56-1769554681', '工单「WO62-R56-1769554681」（任务：222222222222）已被组长撤回，请等待重新转派。', 'work_order', 72, 0, '2026-04-22 14:14:35', NULL);
INSERT INTO `notifications` VALUES (788, 35, 'work_order_assigned', '工单已分配：WO62-R56-1769554681', '工单「WO62-R56-1769554681」已分配给您，请及时接单。', 'work_order', 72, 1, '2026-04-22 14:17:28', '2026-04-22 06:17:33');
INSERT INTO `notifications` VALUES (789, 35, 'work_order_accepted', '工单已接单：WO62-R56-1769554681', '工单「WO62-R56-1769554681」已被成员接单。', 'work_order', 72, 1, '2026-04-22 14:17:35', '2026-04-22 06:17:58');
INSERT INTO `notifications` VALUES (790, 35, 'task_dispatched', '收到跨组转单：WO62-R55-1769554677', '工单「WO62-R55-1769554677」（任务：222222222222）已跨组转给您，请转派给组内成员。', 'work_order', 71, 1, '2026-04-22 14:19:04', '2026-04-22 06:19:31');
INSERT INTO `notifications` VALUES (791, 35, 'work_order_assigned', '工单已分配：WO62-R55-1769554677', '工单「WO62-R55-1769554677」已分配给您，请及时接单。', 'work_order', 71, 0, '2026-04-22 14:20:00', NULL);
INSERT INTO `notifications` VALUES (792, 1, 'task_pending', '待确认任务：智云一体机', '任务「智云一体机」（销售单位：销售单位 - 宝山）已创建，等待您的确认。', 'task', 75, 1, '2026-04-22 15:01:31', '2026-04-22 07:01:51');
INSERT INTO `notifications` VALUES (793, 36, 'task_confirmed', '任务已确认：智云一体机', '您发起的任务「智云一体机」已被总管确认，已派发给销售单位接口人。', 'task', 75, 1, '2026-04-22 15:01:51', '2026-04-22 07:02:35');
INSERT INTO `notifications` VALUES (794, 36, 'task_confirmed', '任务已确认：智云一体机', '任务「智云一体机」已被总管确认，请填写详细需求单。', 'task', 75, 1, '2026-04-22 15:01:51', '2026-04-22 07:03:12');
INSERT INTO `notifications` VALUES (795, 37, 'task_dispatched', '任务已派单：智云一体机', '任务「智云一体机」已派单给您，请转派给具体成员。', 'work_order', 93, 1, '2026-04-22 15:03:12', '2026-04-22 07:15:06');
INSERT INTO `notifications` VALUES (796, 37, 'task_dispatched', '任务已派单：智云一体机', '任务「智云一体机」已派单给您，请转派给具体成员。', 'work_order', 94, 1, '2026-04-22 15:07:47', '2026-04-22 07:14:39');
INSERT INTO `notifications` VALUES (797, 37, 'work_order_assigned', '工单已分配：WO75-R85-1776812867', '工单「WO75-R85-1776812867」已分配给您，请及时接单。', 'work_order', 94, 1, '2026-04-22 15:14:48', '2026-04-22 07:14:57');
INSERT INTO `notifications` VALUES (798, 37, 'work_order_accepted', '工单已接单：WO75-R85-1776812867', '工单「WO75-R85-1776812867」已被成员接单。', 'work_order', 94, 1, '2026-04-22 15:14:56', '2026-04-22 07:15:05');
INSERT INTO `notifications` VALUES (799, 47, 'work_order_assigned', '工单已分配：WO75-R84-1776812592', '工单「WO75-R84-1776812592」已分配给您，请及时接单。', 'work_order', 93, 0, '2026-04-22 15:15:12', NULL);
INSERT INTO `notifications` VALUES (800, 1, 'work_order_cancelled', '工单已取消：WO30-R10-1768243474', '工单「WO30-R10-1768243474」（任务：测试）已被取消，取消原因：fe。', 'work_order', 24, 0, '2026-04-24 09:13:11', NULL);
INSERT INTO `notifications` VALUES (801, 37, 'task_dispatched', '任务已派单：智云一体机', '任务「智云一体机」已派单给您，请转派给具体成员。', 'work_order', 95, 1, '2026-04-24 14:47:39', '2026-04-24 07:42:27');
INSERT INTO `notifications` VALUES (802, 37, 'task_dispatched', '任务已派单：智云一体机', '任务「智云一体机」已派单给您，请转派给具体成员。', 'work_order', 96, 1, '2026-04-24 15:23:10', '2026-04-24 07:42:26');
INSERT INTO `notifications` VALUES (803, 49, 'task_dispatched', '任务已派单：智云一体机', '任务「智云一体机」已派单给您，请转派给具体成员。', 'work_order', 97, 1, '2026-04-24 15:23:10', '2026-04-24 07:24:36');
INSERT INTO `notifications` VALUES (804, 49, 'work_order_assigned', '工单已分配：WO75-R87-L49-1776986590', '工单「WO75-R87-L49-1776986590」已分配给您，请及时接单。', 'work_order', 97, 0, '2026-04-24 15:41:02', NULL);
INSERT INTO `notifications` VALUES (805, 37, 'work_order_cancelled', '工单已由他人处理：WO75-R87-L37-1776986590', '工单「WO75-R87-L37-1776986590」（任务：智云一体机）已由hnlnw先行转派给成员，当前工单已自动失效。', 'work_order', 96, 0, '2026-04-24 15:41:02', NULL);
INSERT INTO `notifications` VALUES (806, 1, 'task_pending', '待确认任务：区别测试', '任务「区别测试」（销售单位：销售单位 - 宝山）已创建，等待您的确认。', 'task', 76, 1, '2026-04-27 09:42:19', '2026-04-27 01:42:30');
INSERT INTO `notifications` VALUES (807, 36, 'task_confirmed', '任务已确认：区别测试', '您发起的任务「区别测试」已被总管确认，已派发给销售单位接口人。', 'task', 76, 1, '2026-04-27 09:42:35', '2026-04-27 01:42:49');
INSERT INTO `notifications` VALUES (808, 36, 'task_confirmed', '任务已确认：区别测试', '任务「区别测试」已被总管确认，请填写详细需求单。', 'task', 76, 1, '2026-04-27 09:42:35', '2026-04-27 02:00:08');
INSERT INTO `notifications` VALUES (809, 1, 'task_pending', '待确认任务：百度集团', '任务「百度集团」（销售单位：销售单位 - 宝山）已创建，等待您的确认。', 'task', 77, 1, '2026-04-27 15:32:39', '2026-04-27 07:32:53');
INSERT INTO `notifications` VALUES (810, 36, 'task_confirmed', '任务已确认：百度集团', '您发起的任务「百度集团」已被总管确认，已派发给销售单位接口人。', 'task', 77, 1, '2026-04-27 15:32:52', '2026-04-27 07:33:00');
INSERT INTO `notifications` VALUES (811, 36, 'task_confirmed', '任务已确认：百度集团', '任务「百度集团」已被总管确认，请填写详细需求单。', 'task', 77, 1, '2026-04-27 15:32:52', '2026-04-27 07:33:27');
INSERT INTO `notifications` VALUES (812, 37, 'task_dispatched', '任务已派单：百度集团', '任务「百度集团」已派单给您，请转派给具体成员。', 'work_order', 98, 1, '2026-04-27 15:33:27', '2026-04-27 07:36:20');
INSERT INTO `notifications` VALUES (813, 49, 'task_dispatched', '任务已派单：百度集团', '任务「百度集团」已派单给您，请转派给具体成员。', 'work_order', 99, 0, '2026-04-27 15:33:27', NULL);
INSERT INTO `notifications` VALUES (814, 37, 'work_order_assigned', '工单已分配：WO77-R88-L37-1777246407', '工单「WO77-R88-L37-1777246407」已分配给您，请及时接单。', 'work_order', 98, 1, '2026-04-27 15:36:27', '2026-05-08 02:22:48');
INSERT INTO `notifications` VALUES (815, 49, 'work_order_cancelled', '工单已由他人处理：WO77-R88-L49-1777246407', '工单「WO77-R88-L49-1777246407」（任务：百度集团）已由asdad先行转派给成员，当前工单已自动失效。', 'work_order', 99, 0, '2026-04-27 15:36:27', NULL);
INSERT INTO `notifications` VALUES (816, 1, 'user_registration_pending', '新用户注册待审核：test1', '用户「test1」（haha）已提交注册申请，请及时审核。', 'user', 51, 1, '2026-04-28 09:46:48', '2026-04-28 01:49:29');
INSERT INTO `notifications` VALUES (817, 51, 'user_approved', '注册审核已通过', '您的注册申请已通过审核，现在可以登录系统了。', 'user', 51, 1, '2026-04-28 09:49:34', '2026-04-28 01:52:55');
INSERT INTO `notifications` VALUES (818, 1, 'task_pending', '待确认任务：测试数据', '任务「测试数据」（销售单位：销售单位 - 金融BD）已创建，等待您的确认。', 'task', 78, 1, '2026-04-28 09:52:34', '2026-04-28 01:52:44');
INSERT INTO `notifications` VALUES (819, 36, 'task_confirmed', '任务已确认：测试数据', '您发起的任务「测试数据」已被总管确认，已派发给销售单位接口人。', 'task', 78, 1, '2026-04-28 09:52:49', '2026-04-28 01:53:50');
INSERT INTO `notifications` VALUES (820, 3, 'task_confirmed', '任务已确认：测试数据', '任务「测试数据」已被总管确认，请填写详细需求单。', 'task', 78, 0, '2026-04-28 09:52:49', NULL);
INSERT INTO `notifications` VALUES (821, 1, 'task_pending', '待确认任务：测试数据', '任务「测试数据」（销售单位：销售单位 - 战略BD）已创建，等待您的确认。', 'task', 79, 1, '2026-04-28 09:56:01', '2026-04-28 01:56:07');
INSERT INTO `notifications` VALUES (822, 36, 'task_confirmed', '任务已确认：测试数据', '您发起的任务「测试数据」已被总管确认，已派发给销售单位接口人。', 'task', 79, 1, '2026-04-28 09:56:11', '2026-04-28 01:57:38');
INSERT INTO `notifications` VALUES (823, 3, 'task_confirmed', '任务已确认：测试数据', '任务「测试数据」已被总管确认，请填写详细需求单。', 'task', 79, 0, '2026-04-28 09:56:11', NULL);
INSERT INTO `notifications` VALUES (824, 51, 'task_dispatched', '任务已派单：测试数据', '任务「测试数据」已派单给您，请转派给具体成员。', 'work_order', 100, 1, '2026-04-28 10:08:06', '2026-04-28 02:09:27');
INSERT INTO `notifications` VALUES (825, 51, 'work_order_assigned', '工单已分配：WO79-R89-L51-1777313286', '工单「WO79-R89-L51-1777313286」已分配给您，请及时接单。', 'work_order', 100, 1, '2026-04-28 10:12:00', '2026-04-28 02:15:12');
INSERT INTO `notifications` VALUES (826, 51, 'work_order_accepted', '工单已接单：WO79-R89-L51-1777313286', '工单「WO79-R89-L51-1777313286」已被成员接单。', 'work_order', 100, 1, '2026-04-28 10:15:11', '2026-04-28 02:20:41');
INSERT INTO `notifications` VALUES (827, 51, 'visit_log_created', '新的拜访日志：WO79-R89-L51-1777313286', '成员已提交新的拜访日志，请进行复盘。', 'visit_log', 65, 0, '2026-04-28 10:20:41', NULL);
INSERT INTO `notifications` VALUES (828, 1, 'work_order_completed', '工单已拜访：WO79-R89-L51-1777313286', '工单「WO79-R89-L51-1777313286」（任务：测试数据）已标记为已拜访。', 'work_order', 100, 1, '2026-04-28 10:20:41', '2026-04-28 02:24:58');
INSERT INTO `notifications` VALUES (829, 36, 'work_order_completed', '工单已拜访：WO79-R89-L51-1777313286', '工单「WO79-R89-L51-1777313286」（任务：测试数据）已标记为已拜访。', 'work_order', 100, 1, '2026-04-28 10:20:41', '2026-04-30 00:29:16');
INSERT INTO `notifications` VALUES (830, 1, 'task_pending', '待确认任务：测试测试', '任务「测试测试」（销售单位：销售单位 - 战略BD）已创建，等待您的确认。', 'task', 80, 1, '2026-04-28 10:25:58', '2026-04-28 02:26:04');
INSERT INTO `notifications` VALUES (831, 52, 'task_confirmed', '任务已确认：测试测试', '您发起的任务「测试测试」已被总管确认，已派发给销售单位接口人。', 'task', 80, 1, '2026-04-28 10:26:08', '2026-04-28 02:27:26');
INSERT INTO `notifications` VALUES (832, 3, 'task_confirmed', '任务已确认：测试测试', '任务「测试测试」已被总管确认，请填写详细需求单。', 'task', 80, 0, '2026-04-28 10:26:08', NULL);
INSERT INTO `notifications` VALUES (833, 52, 'task_confirmed', '任务已确认：测试测试', '任务「测试测试」已被总管确认，请填写详细需求单。', 'task', 80, 1, '2026-04-28 10:26:08', '2026-04-28 02:26:26');
INSERT INTO `notifications` VALUES (834, 51, 'task_dispatched', '任务已派单：测试测试', '任务「测试测试」已派单给您，请转派给具体成员。', 'work_order', 101, 1, '2026-04-28 10:27:26', '2026-04-28 02:27:48');
INSERT INTO `notifications` VALUES (835, 51, 'work_order_assigned', '工单已分配：WO80-R90-L51-1777314446', '工单「WO80-R90-L51-1777314446」已分配给您，请及时接单。', 'work_order', 101, 1, '2026-04-28 10:27:47', '2026-04-28 02:27:55');
INSERT INTO `notifications` VALUES (836, 51, 'work_order_accepted', '工单已接单：WO80-R90-L51-1777314446', '工单「WO80-R90-L51-1777314446」已被成员接单。', 'work_order', 101, 0, '2026-04-28 10:27:54', NULL);
INSERT INTO `notifications` VALUES (837, 37, 'work_order_assigned', '工单待接单：WO80-R90-L51-1777314446', '工单「WO80-R90-L51-1777314446」（任务：测试测试）已由成员转单给您，请及时接单。', 'work_order', 101, 1, '2026-04-28 10:28:07', '2026-04-28 02:30:45');
INSERT INTO `notifications` VALUES (838, 51, 'work_order_accepted', '工单已接单：WO80-R90-L51-1777314446', '工单「WO80-R90-L51-1777314446」已被成员接单。', 'work_order', 101, 0, '2026-04-28 10:30:44', NULL);
INSERT INTO `notifications` VALUES (839, 51, 'work_order_assigned', '工单待接单：WO80-R90-L51-1777314446', '工单「WO80-R90-L51-1777314446」（任务：测试测试）已由成员转单给您，请及时接单。', 'work_order', 101, 1, '2026-04-28 10:30:56', '2026-04-28 06:06:33');
INSERT INTO `notifications` VALUES (840, 51, 'work_order_assigned', '成员已转单：WO80-R90-L51-1777314446', '工单「WO80-R90-L51-1777314446」（任务：测试测试）已在组内转单，当前待新成员接单。', 'work_order', 101, 1, '2026-04-28 10:30:56', '2026-04-28 06:06:33');
INSERT INTO `notifications` VALUES (841, 1, 'task_pending', '待确认任务：测试测试', '任务「测试测试」（销售单位：云能力中心）已创建，等待您的确认。', 'task', 81, 1, '2026-04-28 10:38:25', '2026-04-28 02:38:36');
INSERT INTO `notifications` VALUES (842, 53, 'task_confirmed', '任务已确认：测试测试', '您发起的任务「测试测试」已被总管确认，已派发给销售单位接口人。', 'task', 81, 1, '2026-04-28 10:38:39', '2026-04-28 02:40:32');
INSERT INTO `notifications` VALUES (843, 38, 'task_confirmed', '任务已确认：测试测试', '任务「测试测试」已被总管确认，请填写详细需求单。', 'task', 81, 0, '2026-04-28 10:38:39', NULL);
INSERT INTO `notifications` VALUES (844, 53, 'task_confirmed', '任务已确认：测试测试', '任务「测试测试」已被总管确认，请填写详细需求单。', 'task', 81, 1, '2026-04-28 10:38:39', '2026-04-28 02:40:32');
INSERT INTO `notifications` VALUES (845, 51, 'task_dispatched', '任务已派单：测试测试', '任务「测试测试」已派单给您，请转派给具体成员。', 'work_order', 102, 1, '2026-04-28 10:40:32', '2026-04-28 02:40:54');
INSERT INTO `notifications` VALUES (846, 51, 'work_order_assigned', '工单已分配：WO81-R91-L51-1777315232', '工单「WO81-R91-L51-1777315232」已分配给您，请及时接单。', 'work_order', 102, 1, '2026-04-28 10:41:05', '2026-04-28 02:41:12');
INSERT INTO `notifications` VALUES (847, 51, 'work_order_accepted', '工单已接单：WO81-R91-L51-1777315232', '工单「WO81-R91-L51-1777315232」已被成员接单。', 'work_order', 102, 1, '2026-04-28 10:41:12', '2026-04-28 02:46:48');
INSERT INTO `notifications` VALUES (848, 51, 'visit_log_created', '新的拜访日志：WO81-R91-L51-1777315232', '成员已提交新的拜访日志，请进行复盘。', 'visit_log', 66, 0, '2026-04-28 10:46:48', NULL);
INSERT INTO `notifications` VALUES (849, 1, 'work_order_completed', '工单已拜访：WO81-R91-L51-1777315232', '工单「WO81-R91-L51-1777315232」（任务：测试测试）已标记为已拜访。', 'work_order', 102, 1, '2026-04-28 10:46:48', '2026-04-28 02:47:58');
INSERT INTO `notifications` VALUES (850, 53, 'work_order_completed', '工单已拜访：WO81-R91-L51-1777315232', '工单「WO81-R91-L51-1777315232」（任务：测试测试）已标记为已拜访。', 'work_order', 102, 1, '2026-04-28 10:46:48', '2026-04-28 03:03:40');
INSERT INTO `notifications` VALUES (851, 1, 'user_registration_pending', '新用户注册待审核：杨振楠', '用户「杨振楠」（yzn）已提交注册申请，请及时审核。', 'user', 54, 1, '2026-04-28 13:37:56', '2026-04-28 05:38:09');
INSERT INTO `notifications` VALUES (852, 54, 'user_approved', '注册审核已通过', '您的注册申请已通过审核，现在可以登录系统了。', 'user', 54, 0, '2026-04-28 13:38:12', NULL);
INSERT INTO `notifications` VALUES (853, 51, 'work_order_accepted', '工单已接单：WO80-R90-L51-1777314446', '工单「WO80-R90-L51-1777314446」已被成员接单。', 'work_order', 101, 0, '2026-04-28 14:06:33', NULL);
INSERT INTO `notifications` VALUES (854, 1, 'task_pending', '待确认任务：测试测试', '任务「测试测试」（销售单位：云能力中心）已创建，等待您的确认。', 'task', 82, 1, '2026-04-28 14:43:17', '2026-04-28 06:43:27');
INSERT INTO `notifications` VALUES (855, 53, 'task_confirmed', '任务已确认：测试测试', '您发起的任务「测试测试」已被总管确认，已派发给销售单位接口人。', 'task', 82, 1, '2026-04-28 14:43:31', '2026-04-28 06:47:10');
INSERT INTO `notifications` VALUES (856, 38, 'task_confirmed', '任务已确认：测试测试', '任务「测试测试」已被总管确认，请填写详细需求单。', 'task', 82, 0, '2026-04-28 14:43:31', NULL);
INSERT INTO `notifications` VALUES (857, 53, 'task_confirmed', '任务已确认：测试测试', '任务「测试测试」已被总管确认，请填写详细需求单。', 'task', 82, 1, '2026-04-28 14:43:31', '2026-04-28 06:47:10');
INSERT INTO `notifications` VALUES (858, 37, 'task_dispatched', '任务已派单：测试测试', '任务「测试测试」已派单给您，请转派给具体成员。', 'work_order', 103, 1, '2026-04-28 14:47:10', '2026-05-08 06:25:24');
INSERT INTO `notifications` VALUES (859, 49, 'task_dispatched', '任务已派单：测试测试', '任务「测试测试」已派单给您，请转派给具体成员。', 'work_order', 104, 1, '2026-04-28 14:47:10', '2026-05-06 06:12:22');
INSERT INTO `notifications` VALUES (860, 51, 'task_dispatched', '任务已派单：测试测试', '任务「测试测试」已派单给您，请转派给具体成员。', 'work_order', 105, 1, '2026-04-28 14:51:04', '2026-04-28 06:55:23');
INSERT INTO `notifications` VALUES (861, 55, 'task_dispatched', '任务已派单：测试测试', '任务「测试测试」已派单给您，请转派给具体成员。', 'work_order', 106, 0, '2026-04-28 14:51:04', NULL);
INSERT INTO `notifications` VALUES (862, 51, 'work_order_assigned', '工单已分配：WO82-R93-L51-1777330264', '工单「WO82-R93-L51-1777330264」已分配给您，请及时接单。', 'work_order', 105, 1, '2026-04-28 14:55:23', '2026-04-28 07:16:00');
INSERT INTO `notifications` VALUES (863, 55, 'work_order_cancelled', '工单已由他人处理：WO82-R93-L55-1777330264', '工单「WO82-R93-L55-1777330264」（任务：测试测试）已由test1先行转派给成员，当前工单已自动失效。', 'work_order', 106, 0, '2026-04-28 14:55:23', NULL);
INSERT INTO `notifications` VALUES (864, 51, 'work_order_accepted', '工单已接单：WO82-R93-L51-1777330264', '工单「WO82-R93-L51-1777330264」已被成员接单。', 'work_order', 105, 1, '2026-04-28 15:16:00', '2026-04-28 07:16:36');
INSERT INTO `notifications` VALUES (865, 51, 'visit_log_created', '新的拜访日志：WO82-R93-L51-1777330264', '成员已提交新的拜访日志，请进行复盘。', 'visit_log', 67, 0, '2026-04-28 15:16:36', NULL);
INSERT INTO `notifications` VALUES (866, 1, 'work_order_completed', '工单已拜访：WO82-R93-L51-1777330264', '工单「WO82-R93-L51-1777330264」（任务：测试测试）已标记为已拜访。', 'work_order', 105, 1, '2026-04-28 15:16:36', '2026-04-28 07:29:40');
INSERT INTO `notifications` VALUES (867, 53, 'work_order_completed', '工单已拜访：WO82-R93-L51-1777330264', '工单「WO82-R93-L51-1777330264」（任务：测试测试）已标记为已拜访。', 'work_order', 105, 0, '2026-04-28 15:16:36', NULL);
INSERT INTO `notifications` VALUES (868, 51, 'task_dispatched', '任务已派单：测试测试', '任务「测试测试」已派单给您，请转派给具体成员。', 'work_order', 107, 0, '2026-04-28 15:31:14', NULL);
INSERT INTO `notifications` VALUES (869, 55, 'task_dispatched', '任务已派单：测试测试', '任务「测试测试」已派单给您，请转派给具体成员。', 'work_order', 108, 1, '2026-04-28 15:31:14', '2026-04-28 07:32:05');
INSERT INTO `notifications` VALUES (870, 55, 'work_order_assigned', '工单已分配：WO82-R94-L55-1777332674', '工单「WO82-R94-L55-1777332674」已分配给您，请及时接单。', 'work_order', 108, 1, '2026-04-28 15:32:05', '2026-04-28 07:32:41');
INSERT INTO `notifications` VALUES (871, 51, 'work_order_cancelled', '工单已由他人处理：WO82-R94-L51-1777332674', '工单「WO82-R94-L51-1777332674」（任务：测试测试）已由测试组长先行转派给成员，当前工单已自动失效。', 'work_order', 107, 0, '2026-04-28 15:32:05', NULL);
INSERT INTO `notifications` VALUES (872, 55, 'work_order_accepted', '工单已接单：WO82-R94-L55-1777332674', '工单「WO82-R94-L55-1777332674」已被成员接单。', 'work_order', 108, 0, '2026-04-28 15:32:41', NULL);
INSERT INTO `notifications` VALUES (873, 51, 'work_order_assigned', '工单待接单：WO82-R94-L55-1777332674', '工单「WO82-R94-L55-1777332674」（任务：测试测试）已由成员转单给您，请及时接单。', 'work_order', 108, 0, '2026-04-28 15:33:39', NULL);
INSERT INTO `notifications` VALUES (874, 1, 'task_pending', '待确认任务：测试数据', '任务「测试数据」（销售单位：全部）已创建，等待您的确认。', 'task', 84, 1, '2026-05-06 13:57:30', '2026-05-06 05:57:40');
INSERT INTO `notifications` VALUES (875, 36, 'task_confirmed', '任务已确认：测试数据', '您发起的任务「测试数据」已被总管确认，已派发给销售单位接口人。', 'task', 84, 1, '2026-05-06 13:57:43', '2026-05-06 05:57:52');
INSERT INTO `notifications` VALUES (876, 3, 'task_confirmed', '任务已确认：测试数据', '任务「测试数据」已被总管确认，请填写详细需求单。', 'task', 84, 0, '2026-05-06 13:57:43', NULL);
INSERT INTO `notifications` VALUES (877, 10, 'task_confirmed', '任务已确认：测试数据', '任务「测试数据」已被总管确认，请填写详细需求单。', 'task', 84, 0, '2026-05-06 13:57:43', NULL);
INSERT INTO `notifications` VALUES (878, 31, 'task_confirmed', '任务已确认：测试数据', '任务「测试数据」已被总管确认，请填写详细需求单。', 'task', 84, 0, '2026-05-06 13:57:43', NULL);
INSERT INTO `notifications` VALUES (879, 33, 'task_confirmed', '任务已确认：测试数据', '任务「测试数据」已被总管确认，请填写详细需求单。', 'task', 84, 0, '2026-05-06 13:57:43', NULL);
INSERT INTO `notifications` VALUES (880, 34, 'task_confirmed', '任务已确认：测试数据', '任务「测试数据」已被总管确认，请填写详细需求单。', 'task', 84, 0, '2026-05-06 13:57:43', NULL);
INSERT INTO `notifications` VALUES (881, 36, 'task_confirmed', '任务已确认：测试数据', '任务「测试数据」已被总管确认，请填写详细需求单。', 'task', 84, 1, '2026-05-06 13:57:43', '2026-05-06 05:58:34');
INSERT INTO `notifications` VALUES (882, 38, 'task_confirmed', '任务已确认：测试数据', '任务「测试数据」已被总管确认，请填写详细需求单。', 'task', 84, 0, '2026-05-06 13:57:43', NULL);
INSERT INTO `notifications` VALUES (883, 39, 'task_confirmed', '任务已确认：测试数据', '任务「测试数据」已被总管确认，请填写详细需求单。', 'task', 84, 0, '2026-05-06 13:57:43', NULL);
INSERT INTO `notifications` VALUES (884, 46, 'task_confirmed', '任务已确认：测试数据', '任务「测试数据」已被总管确认，请填写详细需求单。', 'task', 84, 0, '2026-05-06 13:57:43', NULL);
INSERT INTO `notifications` VALUES (885, 50, 'task_confirmed', '任务已确认：测试数据', '任务「测试数据」已被总管确认，请填写详细需求单。', 'task', 84, 0, '2026-05-06 13:57:43', NULL);
INSERT INTO `notifications` VALUES (886, 51, 'task_confirmed', '任务已确认：测试数据', '任务「测试数据」已被总管确认，请填写详细需求单。', 'task', 84, 1, '2026-05-06 13:57:43', '2026-05-06 06:00:59');
INSERT INTO `notifications` VALUES (887, 52, 'task_confirmed', '任务已确认：测试数据', '任务「测试数据」已被总管确认，请填写详细需求单。', 'task', 84, 0, '2026-05-06 13:57:43', NULL);
INSERT INTO `notifications` VALUES (888, 53, 'task_confirmed', '任务已确认：测试数据', '任务「测试数据」已被总管确认，请填写详细需求单。', 'task', 84, 1, '2026-05-06 13:57:43', '2026-05-06 06:20:53');
INSERT INTO `notifications` VALUES (889, 1, 'task_detail_submitted', '详细需求已提交：测试数据', '任务「测试数据」的详细需求单已提交，请进行派单。', 'task', 84, 1, '2026-05-06 13:58:34', '2026-05-06 06:03:18');
INSERT INTO `notifications` VALUES (890, 1, 'task_detail_submitted', '详细需求已提交：测试数据', '任务「测试数据」的详细需求单已提交，请进行派单。', 'task', 84, 1, '2026-05-06 14:01:39', '2026-05-06 06:03:21');
INSERT INTO `notifications` VALUES (891, 1, 'task_pending', '待确认任务：测试', '任务「测试」（销售单位：销售单位 - 战略BD）已创建，等待您的确认。', 'task', 85, 1, '2026-05-06 14:04:28', '2026-05-06 06:04:39');
INSERT INTO `notifications` VALUES (892, 36, 'task_confirmed', '任务已确认：测试', '您发起的任务「测试」已被总管确认，已派发给销售单位接口人。', 'task', 85, 1, '2026-05-06 14:04:45', '2026-05-06 06:05:20');
INSERT INTO `notifications` VALUES (893, 3, 'task_confirmed', '任务已确认：测试', '任务「测试」已被总管确认，请填写详细需求单。', 'task', 85, 0, '2026-05-06 14:04:45', NULL);
INSERT INTO `notifications` VALUES (894, 52, 'task_confirmed', '任务已确认：测试', '任务「测试」已被总管确认，请填写详细需求单。', 'task', 85, 0, '2026-05-06 14:04:45', NULL);
INSERT INTO `notifications` VALUES (895, 49, 'work_order_assigned', '工单已分配：WO82-R92-L49-1777330030', '工单「WO82-R92-L49-1777330030」已分配给您，请及时接单。', 'work_order', 104, 1, '2026-05-06 14:12:54', '2026-05-06 06:13:34');
INSERT INTO `notifications` VALUES (896, 37, 'work_order_cancelled', '工单已由他人处理：WO82-R92-L37-1777330030', '工单「WO82-R92-L37-1777330030」（任务：测试测试）已由hnlnw先行转派给成员，当前工单已自动失效。', 'work_order', 103, 0, '2026-05-06 14:12:54', NULL);
INSERT INTO `notifications` VALUES (897, 1, 'task_detail_submitted', '详细需求已提交：测试数据', '任务「测试数据」的详细需求单已提交，请进行派单。', 'task', 84, 1, '2026-05-06 14:15:00', '2026-05-06 06:26:12');
INSERT INTO `notifications` VALUES (898, 1, 'task_detail_submitted', '详细需求已提交：测试数据', '任务「测试数据」的详细需求单已提交，请进行派单。', 'task', 84, 1, '2026-05-06 14:20:52', '2026-05-06 06:26:09');
INSERT INTO `notifications` VALUES (899, 51, 'task_dispatched', '待认领工单：测试数据', '任务「测试数据」已派至您所在组，请尽快认领后转派成员。', 'work_order', 109, 1, '2026-05-06 14:36:56', '2026-05-06 06:37:10');
INSERT INTO `notifications` VALUES (900, 55, 'task_dispatched', '待认领工单：测试数据', '任务「测试数据」已派至您所在组，请尽快认领后转派成员。', 'work_order', 109, 1, '2026-05-06 14:36:56', '2026-05-06 06:39:41');
INSERT INTO `notifications` VALUES (901, 51, 'work_order_assigned', '工单已分配：WO84-R99-G19-1778020616', '工单「WO84-R99-G19-1778020616」已分配给您，请及时接单。', 'work_order', 109, 1, '2026-05-06 14:38:04', '2026-05-06 06:38:18');
INSERT INTO `notifications` VALUES (902, 51, 'work_order_accepted', '工单已接单：WO84-R99-G19-1778020616', '工单「WO84-R99-G19-1778020616」已被成员接单。', 'work_order', 109, 0, '2026-05-06 14:38:17', NULL);
INSERT INTO `notifications` VALUES (903, 51, 'task_dispatched', '待认领工单：测试数据', '任务「测试数据」已派至您所在组，请尽快认领后转派成员。', 'work_order', 110, 0, '2026-05-06 14:43:04', NULL);
INSERT INTO `notifications` VALUES (904, 55, 'task_dispatched', '待认领工单：测试数据', '任务「测试数据」已派至您所在组，请尽快认领后转派成员。', 'work_order', 110, 1, '2026-05-06 14:43:04', '2026-05-06 06:56:02');
INSERT INTO `notifications` VALUES (905, 51, 'task_dispatched', '待认领工单：测试数据', '任务「测试数据」已派至您所在组，请尽快认领后转派成员。', 'work_order', 111, 0, '2026-05-06 14:54:46', NULL);
INSERT INTO `notifications` VALUES (906, 55, 'task_dispatched', '待认领工单：测试数据', '任务「测试数据」已派至您所在组，请尽快认领后转派成员。', 'work_order', 111, 0, '2026-05-06 14:54:46', NULL);
INSERT INTO `notifications` VALUES (907, 55, 'work_order_assigned', '工单已分配：WO84-R98-G19-1778020984', '工单「WO84-R98-G19-1778020984」已分配给您，请及时接单。', 'work_order', 110, 0, '2026-05-06 14:56:01', NULL);
INSERT INTO `notifications` VALUES (908, 51, 'task_dispatched', '待认领工单：测试数据', '任务「测试数据」已派至您所在组，请尽快认领后转派成员。', 'work_order', 112, 0, '2026-05-06 14:56:34', NULL);
INSERT INTO `notifications` VALUES (909, 55, 'task_dispatched', '待认领工单：测试数据', '任务「测试数据」已派至您所在组，请尽快认领后转派成员。', 'work_order', 112, 0, '2026-05-06 14:56:34', NULL);
INSERT INTO `notifications` VALUES (910, 37, 'task_dispatched', '待认领工单：测试数据', '任务「测试数据」已派至您所在组，请尽快认领后转派成员。', 'work_order', 113, 1, '2026-05-08 10:10:18', '2026-05-08 02:12:55');
INSERT INTO `notifications` VALUES (911, 49, 'task_dispatched', '待认领工单：测试数据', '任务「测试数据」已派至您所在组，请尽快认领后转派成员。', 'work_order', 113, 0, '2026-05-08 10:10:18', NULL);
INSERT INTO `notifications` VALUES (912, 37, 'work_order_assigned', '工单已分配：WO84-R102-G21-1778177418', '工单「WO84-R102-G21-1778177418」已分配给您，请及时接单。', 'work_order', 113, 1, '2026-05-08 10:13:00', '2026-05-08 02:13:08');
INSERT INTO `notifications` VALUES (913, 37, 'work_order_accepted', '工单已接单：WO84-R102-G21-1778177418', '工单「WO84-R102-G21-1778177418」已被成员接单。', 'work_order', 113, 1, '2026-05-08 10:13:07', '2026-05-08 02:14:59');
INSERT INTO `notifications` VALUES (914, 37, 'visit_log_created', '新的拜访日志：WO84-R102-G21-1778177418', '成员已提交新的拜访日志，请进行复盘。', 'visit_log', 68, 1, '2026-05-08 10:14:59', '2026-05-08 06:25:12');
INSERT INTO `notifications` VALUES (915, 1, 'work_order_completed', '工单已拜访：WO84-R102-G21-1778177418', '工单「WO84-R102-G21-1778177418」（任务：测试数据）已标记为已拜访。', 'work_order', 113, 1, '2026-05-08 10:14:59', '2026-05-08 06:20:16');
INSERT INTO `notifications` VALUES (916, 36, 'work_order_completed', '工单已拜访：WO84-R102-G21-1778177418', '工单「WO84-R102-G21-1778177418」（任务：测试数据）已标记为已拜访。', 'work_order', 113, 0, '2026-05-08 10:14:59', NULL);
INSERT INTO `notifications` VALUES (917, 37, 'task_dispatched', '待认领工单：测试数据', '任务「测试数据」已派至您所在组，请尽快认领后转派成员。', 'work_order', 114, 1, '2026-05-08 14:21:52', '2026-05-08 06:24:42');
INSERT INTO `notifications` VALUES (918, 49, 'task_dispatched', '待认领工单：测试数据', '任务「测试数据」已派至您所在组，请尽快认领后转派成员。', 'work_order', 114, 0, '2026-05-08 14:21:52', NULL);
INSERT INTO `notifications` VALUES (919, 37, 'work_order_assigned', '工单已分配：WO84-R103-G21-1778192512', '工单「WO84-R103-G21-1778192512」已分配给您，请及时接单。', 'work_order', 114, 1, '2026-05-08 14:25:41', '2026-05-08 06:27:05');
INSERT INTO `notifications` VALUES (920, 37, 'work_order_accepted', '工单已接单：WO84-R103-G21-1778192512', '工单「WO84-R103-G21-1778192512」已被成员接单。', 'work_order', 114, 1, '2026-05-08 14:27:04', '2026-05-08 06:28:09');
INSERT INTO `notifications` VALUES (921, 37, 'visit_log_created', '新的拜访日志：WO84-R103-G21-1778192512', '成员已提交新的拜访日志，请进行复盘。', 'visit_log', 69, 0, '2026-05-08 14:28:09', NULL);
INSERT INTO `notifications` VALUES (922, 1, 'work_order_completed', '工单已拜访：WO84-R103-G21-1778192512', '工单「WO84-R103-G21-1778192512」（任务：测试数据）已标记为已拜访。', 'work_order', 114, 0, '2026-05-08 14:28:09', NULL);
INSERT INTO `notifications` VALUES (923, 36, 'work_order_completed', '工单已拜访：WO84-R103-G21-1778192512', '工单「WO84-R103-G21-1778192512」（任务：测试数据）已标记为已拜访。', 'work_order', 114, 0, '2026-05-08 14:28:09', NULL);
INSERT INTO `notifications` VALUES (924, 37, 'task_dispatched', '待认领工单：测试数据', '任务「测试数据」已派至您所在组，请尽快认领后转派成员。', 'work_order', 115, 1, '2026-05-08 14:37:53', '2026-05-08 07:01:14');
INSERT INTO `notifications` VALUES (925, 49, 'task_dispatched', '待认领工单：测试数据', '任务「测试数据」已派至您所在组，请尽快认领后转派成员。', 'work_order', 115, 0, '2026-05-08 14:37:53', NULL);
INSERT INTO `notifications` VALUES (926, 37, 'work_order_assigned', '工单已分配：WO84-R104-G21-1778193473', '工单「WO84-R104-G21-1778193473」已分配给您，请及时接单。', 'work_order', 115, 1, '2026-05-08 15:01:14', '2026-05-08 07:01:30');
INSERT INTO `notifications` VALUES (927, 37, 'work_order_accepted', '工单已接单：WO84-R104-G21-1778193473', '工单「WO84-R104-G21-1778193473」已被成员接单。', 'work_order', 115, 0, '2026-05-08 15:01:30', NULL);

-- ----------------------------
-- Table structure for opportunities
-- ----------------------------
DROP TABLE IF EXISTS `opportunities`;
CREATE TABLE `opportunities`  (
  `id` int(11) NOT NULL AUTO_INCREMENT,
  `lead_id` int(11) NOT NULL COMMENT '关联线索ID（商机必须从线索创建）',
  `opportunity_no` varchar(50) CHARACTER SET utf8mb4 COLLATE utf8mb4_unicode_ci NOT NULL COMMENT '商机编号',
  `task_id` int(11) NOT NULL COMMENT '所属任务ID',
  `team_leader_id` int(11) NOT NULL COMMENT '组长ID',
  `customer_unit` varchar(200) CHARACTER SET utf8mb4 COLLATE utf8mb4_unicode_ci NOT NULL COMMENT '客户单位',
  `required_products` text CHARACTER SET utf8mb4 COLLATE utf8mb4_unicode_ci NULL COMMENT '客户需要的产品',
  `description` text CHARACTER SET utf8mb4 COLLATE utf8mb4_unicode_ci NULL COMMENT '商机描述',
  `expected_amount` varchar(50) CHARACTER SET utf8mb4 COLLATE utf8mb4_unicode_ci NULL DEFAULT NULL COMMENT '预计金额',
  `status` enum('CREATED','IN_PROGRESS','LOST','WON') CHARACTER SET utf8mb4 COLLATE utf8mb4_unicode_ci NULL DEFAULT NULL COMMENT '商机状态',
  `lost_reason` text CHARACTER SET utf8mb4 COLLATE utf8mb4_unicode_ci NULL COMMENT '流失原因',
  `won_amount` varchar(50) CHARACTER SET utf8mb4 COLLATE utf8mb4_unicode_ci NULL DEFAULT NULL COMMENT '转定金额',
  `created_at` datetime NULL DEFAULT CURRENT_TIMESTAMP COMMENT '创建时间',
  `updated_at` datetime NULL DEFAULT CURRENT_TIMESTAMP COMMENT '更新时间',
  `status_changed_at` datetime NULL DEFAULT NULL COMMENT '状态变更时间',
  PRIMARY KEY (`id`) USING BTREE,
  UNIQUE INDEX `ix_opportunities_opportunity_no`(`opportunity_no`) USING BTREE,
  UNIQUE INDEX `idx_lead_id`(`lead_id`) USING BTREE,
  INDEX `task_id`(`task_id`) USING BTREE,
  INDEX `team_leader_id`(`team_leader_id`) USING BTREE,
  INDEX `ix_opportunities_id`(`id`) USING BTREE,
  CONSTRAINT `fk_opportunities_lead_id` FOREIGN KEY (`lead_id`) REFERENCES `leads` (`id`) ON DELETE RESTRICT ON UPDATE CASCADE,
  CONSTRAINT `opportunities_ibfk_1` FOREIGN KEY (`task_id`) REFERENCES `tasks` (`id`) ON DELETE RESTRICT ON UPDATE RESTRICT,
  CONSTRAINT `opportunities_ibfk_2` FOREIGN KEY (`team_leader_id`) REFERENCES `users` (`id`) ON DELETE RESTRICT ON UPDATE RESTRICT
) ENGINE = InnoDB AUTO_INCREMENT = 18 CHARACTER SET = utf8mb4 COLLATE = utf8mb4_unicode_ci ROW_FORMAT = Dynamic;

-- ----------------------------
-- Records of opportunities
-- ----------------------------
INSERT INTO `opportunities` VALUES (3, 5, 'asdasdadas', 11, 5, 'asdsada', 'computing-power - nvidia - b200 - b200-all-in-one', 'af', NULL, 'WON', NULL, '12000', '2026-01-15 10:14:55', '2026-01-15 11:13:15', '2026-01-15 03:13:16');
INSERT INTO `opportunities` VALUES (4, 4, 'qwdeq', 11, 4, 'asdsada', 'computing-power - nvidia - h200 - h200-all-in-one', 'ewfw', NULL, 'LOST', 'adawdq', NULL, '2026-01-15 10:33:06', '2026-01-15 11:03:26', '2026-01-15 03:03:26');
INSERT INTO `opportunities` VALUES (5, 3, 'asdafda', 29, 6, 'qweqe', 'model - ai-applications - digital-employee - jingling-ai-recruitment', 'asdas', NULL, 'CREATED', NULL, NULL, '2026-01-15 11:04:13', '2026-01-15 11:04:13', NULL);
INSERT INTO `opportunities` VALUES (6, 2, 'asdasdasda', 29, 6, 'wdasd', 'computing-power - domestic - alibaba-ppu - alibaba-ppu-all-in-one', 'asdadaa', NULL, 'CREATED', NULL, NULL, '2026-01-15 11:13:58', '2026-01-15 11:13:58', NULL);
INSERT INTO `opportunities` VALUES (7, 6, 'sfbsrfmngf', 4, 4, 'asdas', 'model - ai-applications - digital-employee - wenqi-digital-employee', 'adqw', NULL, 'WON', NULL, '12000', '2026-01-15 11:21:38', '2026-01-15 11:23:33', '2026-01-15 03:23:33');
INSERT INTO `opportunities` VALUES (8, 9, 'asdasdasdas', 37, 4, 'asdas', 'domestic - huawei-910b - huawei-910b-cloud-physical', 'asdas', NULL, 'CREATED', NULL, NULL, '2026-01-16 11:17:41', '2026-01-16 14:03:08', NULL);
INSERT INTO `opportunities` VALUES (9, 8, 'ada', 9, 9, 'adqd', 'domestic - huawei-910b - huawei-910b-cloud-physical', 'asdaasd', '10', 'CREATED', NULL, NULL, '2026-01-16 14:09:41', '2026-01-16 14:09:41', NULL);
INSERT INTO `opportunities` VALUES (10, 7, 'qwwq', 11, 4, 'qwdqd', 'large-models - kimi', 'ada', NULL, 'CREATED', NULL, NULL, '2026-01-16 14:16:11', '2026-01-16 14:42:28', NULL);
INSERT INTO `opportunities` VALUES (11, 10, 'qwdwq', 39, 4, 'qdqwd', 'domestic - huawei-910b - huawei-910b-cloud-physical', 'wdq', '12', 'IN_PROGRESS', NULL, NULL, '2026-01-16 14:21:25', '2026-01-16 14:51:16', '2026-01-16 06:27:33');
INSERT INTO `opportunities` VALUES (12, 11, 'dqwdwqdq', 20, 6, 'qwdqdq', 'nvidia - h800-h100 - h800-h100-all-in-one', 'qw', '1345678', 'CREATED', NULL, NULL, '2026-01-16 14:23:11', '2026-01-16 14:23:11', NULL);
INSERT INTO `opportunities` VALUES (13, 12, 'asdas', 29, 6, 'asdsa', 'domestic - huawei-910b - huawei-910b-cloud-physical', 'asdas', NULL, 'CREATED', NULL, NULL, '2026-01-16 14:30:50', '2026-01-16 14:30:50', NULL);
INSERT INTO `opportunities` VALUES (14, 13, 'dq', 11, 4, 'asdada', 'domestic - huawei-910b - huawei-910b-cloud-physical', 'd', '12', 'WON', NULL, '10', '2026-01-16 14:52:02', '2026-01-16 15:09:37', '2026-01-16 07:09:37');
INSERT INTO `opportunities` VALUES (15, 14, 'qwdqdqd', 39, 4, 'qwqd', 'nvidia - h800-h100 - h800-h100-cloud-physical', 'dqwdq', '1222', 'WON', NULL, '10', '2026-01-16 15:03:47', '2026-01-16 15:09:24', '2026-01-16 07:09:24');
INSERT INTO `opportunities` VALUES (16, 15, 'wdwqd', 39, 4, 'fewfaf', 'domestic - huawei-910b - huawei-910b-cloud-physical', 'dwqd', '10', 'CREATED', NULL, NULL, '2026-01-17 23:14:15', '2026-01-17 23:14:15', NULL);
INSERT INTO `opportunities` VALUES (17, 17, 'qwdqwdwq', 20, 6, 'qwdwqdq', '[\"domestic\",\"test\",\"large-models - kimi\",\"large-models - qwen\",\"ai-wenxuan\",\"ai-recruitment\",\"ai-programming\",\"ai-document-writing\",\"customized-ai-service\"]', 'wdqdqwdqw', '12', 'IN_PROGRESS', NULL, NULL, '2026-01-20 09:16:08', '2026-01-20 09:16:23', '2026-01-20 01:16:23');

-- ----------------------------
-- Table structure for option_configs
-- ----------------------------
DROP TABLE IF EXISTS `option_configs`;
CREATE TABLE `option_configs`  (
  `id` int(11) NOT NULL AUTO_INCREMENT COMMENT '主键ID',
  `option_type` varchar(50) CHARACTER SET utf8mb4 COLLATE utf8mb4_unicode_ci NOT NULL COMMENT '选项类型：requirement_direction 或 product',
  `value` varchar(200) CHARACTER SET utf8mb4 COLLATE utf8mb4_unicode_ci NOT NULL COMMENT '选项值（用于存储和匹配）',
  `label` varchar(200) CHARACTER SET utf8mb4 COLLATE utf8mb4_unicode_ci NOT NULL COMMENT '选项标签（用于显示）',
  `parent_id` int(11) NULL DEFAULT NULL COMMENT '父选项ID（用于构建树形结构）',
  `level` int(11) NOT NULL DEFAULT 1 COMMENT '层级（1为顶级，2为二级，以此类推）',
  `sort_order` int(11) NOT NULL DEFAULT 0 COMMENT '排序顺序（数字越小越靠前）',
  `is_active` tinyint(1) NOT NULL DEFAULT 1 COMMENT '是否启用',
  `description` text CHARACTER SET utf8mb4 COLLATE utf8mb4_unicode_ci NULL COMMENT '选项描述',
  `created_at` datetime(6) NOT NULL DEFAULT CURRENT_TIMESTAMP(6) COMMENT '创建时间',
  `updated_at` datetime(6) NOT NULL DEFAULT CURRENT_TIMESTAMP(6) ON UPDATE CURRENT_TIMESTAMP(6) COMMENT '更新时间',
  PRIMARY KEY (`id`) USING BTREE,
  INDEX `idx_option_type`(`option_type`) USING BTREE,
  INDEX `idx_parent_id`(`parent_id`) USING BTREE,
  CONSTRAINT `fk_option_configs_parent_id` FOREIGN KEY (`parent_id`) REFERENCES `option_configs` (`id`) ON DELETE RESTRICT ON UPDATE CASCADE
) ENGINE = InnoDB AUTO_INCREMENT = 66 CHARACTER SET = utf8mb4 COLLATE = utf8mb4_unicode_ci COMMENT = '选项配置表' ROW_FORMAT = Dynamic;

-- ----------------------------
-- Records of option_configs
-- ----------------------------
INSERT INTO `option_configs` VALUES (1, 'requirement_direction', '算力', '算力', NULL, 1, 1, 1, NULL, '2026-01-16 10:06:16.000000', '2026-01-16 10:06:16.000000');
INSERT INTO `option_configs` VALUES (2, 'requirement_direction', '国产算力', '国产算力', 1, 2, 1, 1, NULL, '2026-01-16 10:06:30.000000', '2026-01-16 10:06:30.000000');
INSERT INTO `option_configs` VALUES (3, 'requirement_direction', '英伟达算力', '英伟达算力', 1, 2, 2, 1, NULL, '2026-01-16 10:06:30.000000', '2026-01-16 10:06:30.000000');
INSERT INTO `option_configs` VALUES (4, 'requirement_direction', '模型', '模型', NULL, 1, 2, 1, NULL, '2026-01-16 10:06:35.000000', '2026-01-16 10:06:35.000000');
INSERT INTO `option_configs` VALUES (5, 'requirement_direction', '通用大模型', '通用大模型', 4, 2, 1, 1, NULL, '2026-01-16 10:06:42.000000', '2026-01-16 10:06:42.000000');
INSERT INTO `option_configs` VALUES (6, 'requirement_direction', '编程大模型', '编程大模型', 4, 2, 2, 1, NULL, '2026-01-16 10:06:42.000000', '2026-01-16 10:06:42.000000');
INSERT INTO `option_configs` VALUES (7, 'requirement_direction', '多模态大模型', '多模态大模型', 4, 2, 3, 1, NULL, '2026-01-16 10:06:42.000000', '2026-01-16 10:06:42.000000');
INSERT INTO `option_configs` VALUES (8, 'requirement_direction', 'cv模型', 'cv模型', 4, 2, 4, 1, NULL, '2026-01-16 10:06:42.000000', '2026-01-16 10:06:42.000000');
INSERT INTO `option_configs` VALUES (9, 'requirement_direction', '应用', '应用', NULL, 1, 3, 1, NULL, '2026-01-16 10:06:45.000000', '2026-01-16 10:06:45.000000');
INSERT INTO `option_configs` VALUES (10, 'requirement_direction', 'AI客服', 'AI客服', 9, 2, 1, 1, NULL, '2026-01-16 10:06:52.000000', '2026-01-16 10:06:52.000000');
INSERT INTO `option_configs` VALUES (11, 'requirement_direction', 'AI文宣', 'AI文宣', 9, 2, 2, 1, NULL, '2026-01-16 10:06:52.000000', '2026-01-16 10:06:52.000000');
INSERT INTO `option_configs` VALUES (12, 'requirement_direction', 'AI招聘', 'AI招聘', 9, 2, 3, 1, NULL, '2026-01-16 10:06:52.000000', '2026-01-16 10:06:52.000000');
INSERT INTO `option_configs` VALUES (13, 'requirement_direction', 'AI编程', 'AI编程', 9, 2, 4, 1, NULL, '2026-01-16 10:06:52.000000', '2026-01-16 10:06:52.000000');
INSERT INTO `option_configs` VALUES (14, 'requirement_direction', 'AI云电脑', 'AI云电脑', 9, 2, 5, 1, NULL, '2026-01-16 10:06:52.000000', '2026-01-16 10:06:52.000000');
INSERT INTO `option_configs` VALUES (15, 'requirement_direction', '云渲染', '云渲染', 9, 2, 6, 1, NULL, '2026-01-16 10:06:52.000000', '2026-01-16 10:06:52.000000');
INSERT INTO `option_configs` VALUES (16, 'requirement_direction', '云电竞', '云电竞', 9, 2, 7, 1, NULL, '2026-01-16 10:06:52.000000', '2026-01-16 10:06:52.000000');
INSERT INTO `option_configs` VALUES (17, 'requirement_direction', 'AI导诊', 'AI导诊', 9, 2, 8, 1, NULL, '2026-01-16 10:06:52.000000', '2026-01-16 10:06:52.000000');
INSERT INTO `option_configs` VALUES (18, 'requirement_direction', 'AI公文写作', 'AI公文写作', 9, 2, 9, 1, NULL, '2026-01-16 10:06:52.000000', '2026-01-16 10:06:52.000000');
INSERT INTO `option_configs` VALUES (19, 'requirement_direction', 'AI学术写作', 'AI学术写作', 9, 2, 10, 1, NULL, '2026-01-16 10:06:52.000000', '2026-01-16 10:06:52.000000');
INSERT INTO `option_configs` VALUES (20, 'requirement_direction', '定制化AI应用服务', '定制化AI应用服务', NULL, 1, 4, 1, NULL, '2026-01-16 10:06:57.000000', '2026-01-16 10:06:57.000000');
INSERT INTO `option_configs` VALUES (21, 'product', 'nvidia', '英伟达', NULL, 1, 1, 1, NULL, '2026-01-16 10:07:07.000000', '2026-01-16 10:07:07.000000');
INSERT INTO `option_configs` VALUES (22, 'product', 'h800-h100', 'H800/H100同等算力系列', 21, 2, 1, 1, NULL, '2026-01-16 10:07:11.000000', '2026-01-16 10:07:11.000000');
INSERT INTO `option_configs` VALUES (23, 'product', 'h800-h100-cloud-physical', '云端物理机', 22, 3, 1, 1, NULL, '2026-01-16 10:07:15.000000', '2026-01-16 10:07:15.000000');
INSERT INTO `option_configs` VALUES (24, 'product', 'h800-h100-all-in-one', '一体机', 22, 3, 2, 1, NULL, '2026-01-16 10:07:15.000000', '2026-01-16 10:07:15.000000');
INSERT INTO `option_configs` VALUES (25, 'product', 'h200', 'H200同等算力系列', 21, 2, 2, 1, NULL, '2026-01-16 10:07:18.000000', '2026-01-16 10:07:18.000000');
INSERT INTO `option_configs` VALUES (26, 'product', 'h200-cloud-physical', '云端物理机', 25, 3, 1, 1, NULL, '2026-01-16 10:07:22.000000', '2026-01-16 10:07:22.000000');
INSERT INTO `option_configs` VALUES (27, 'product', 'h200-all-in-one', '一体机', 25, 3, 2, 1, NULL, '2026-01-16 10:07:22.000000', '2026-01-16 10:07:22.000000');
INSERT INTO `option_configs` VALUES (28, 'product', 'domestic', '国产', NULL, 1, 2, 1, NULL, '2026-01-16 10:07:25.000000', '2026-04-21 14:20:35.000000');
INSERT INTO `option_configs` VALUES (29, 'product', 'huawei-910b', '华为910B2/B3/B4', 28, 2, 1, 1, NULL, '2026-01-16 10:07:30.000000', '2026-01-16 10:07:30.000000');
INSERT INTO `option_configs` VALUES (30, 'product', 'huawei-910b-intelligent-computing', '智算单卡多卡', 29, 3, 1, 1, NULL, '2026-01-16 10:07:34.000000', '2026-01-16 10:07:34.000000');
INSERT INTO `option_configs` VALUES (31, 'product', 'huawei-910b-cloud-physical', '云端物理机', 29, 3, 2, 1, NULL, '2026-01-16 10:07:34.000000', '2026-01-16 10:07:34.000000');
INSERT INTO `option_configs` VALUES (32, 'product', 'huawei-910b-all-in-one', '一体机', 29, 3, 3, 1, NULL, '2026-01-16 10:07:34.000000', '2026-01-16 10:07:34.000000');
INSERT INTO `option_configs` VALUES (33, 'product', 'large-models', '大模型', NULL, 1, 3, 1, NULL, '2026-01-16 10:07:37.000000', '2026-01-16 10:07:37.000000');
INSERT INTO `option_configs` VALUES (34, 'product', 'deepseek', 'Deepseek', 33, 2, 1, 1, NULL, '2026-01-16 10:07:40.000000', '2026-01-16 10:07:40.000000');
INSERT INTO `option_configs` VALUES (35, 'product', 'qwen', 'Qwen', 33, 2, 2, 1, NULL, '2026-01-16 10:07:40.000000', '2026-01-16 10:07:40.000000');
INSERT INTO `option_configs` VALUES (36, 'product', 'kimi', 'Kimi', 33, 2, 3, 1, NULL, '2026-01-16 10:07:40.000000', '2026-01-16 10:07:40.000000');
INSERT INTO `option_configs` VALUES (37, 'product', 'ai-customer-service', 'AI客服', NULL, 1, 4, 1, NULL, '2026-01-16 10:07:46.000000', '2026-01-16 10:07:46.000000');
INSERT INTO `option_configs` VALUES (38, 'product', 'ai-wenxuan', 'AI文宣', NULL, 1, 5, 1, NULL, '2026-01-16 10:07:46.000000', '2026-01-16 10:07:46.000000');
INSERT INTO `option_configs` VALUES (39, 'product', 'ai-recruitment', 'AI招聘', NULL, 1, 6, 1, NULL, '2026-01-16 10:07:46.000000', '2026-01-16 10:07:46.000000');
INSERT INTO `option_configs` VALUES (40, 'product', 'ai-programming', 'AI编程', NULL, 1, 7, 1, NULL, '2026-01-16 10:07:46.000000', '2026-01-16 10:07:46.000000');
INSERT INTO `option_configs` VALUES (41, 'product', 'ai-cloud-computer', 'AI云电脑', NULL, 1, 8, 1, NULL, '2026-01-16 10:07:46.000000', '2026-01-16 10:07:46.000000');
INSERT INTO `option_configs` VALUES (42, 'product', 'cloud-rendering', '云渲染', NULL, 1, 9, 1, NULL, '2026-01-16 10:07:46.000000', '2026-01-16 10:07:46.000000');
INSERT INTO `option_configs` VALUES (43, 'product', 'cloud-gaming', '云电竞', NULL, 1, 10, 1, NULL, '2026-01-16 10:07:46.000000', '2026-01-16 10:07:46.000000');
INSERT INTO `option_configs` VALUES (44, 'product', 'ai-diagnosis', 'AI导诊', NULL, 1, 11, 1, NULL, '2026-01-16 10:07:46.000000', '2026-01-16 10:07:46.000000');
INSERT INTO `option_configs` VALUES (45, 'product', 'ai-document-writing', 'AI公文写作', NULL, 1, 12, 1, NULL, '2026-01-16 10:07:46.000000', '2026-01-16 10:07:46.000000');
INSERT INTO `option_configs` VALUES (46, 'product', 'ai-academic-writing', 'AI学术写作', NULL, 1, 13, 1, NULL, '2026-01-16 10:07:46.000000', '2026-01-16 10:07:46.000000');
INSERT INTO `option_configs` VALUES (47, 'product', 'customized-ai-service', '定制化AI应用服务', NULL, 1, 14, 1, NULL, '2026-01-16 10:07:51.000000', '2026-01-16 10:07:51.000000');
INSERT INTO `option_configs` VALUES (48, 'product', 'qwd', 'qqwdq', NULL, 1, 0, 1, 'qwd', '2026-01-16 10:35:22.530640', '2026-01-20 13:54:44.000000');
INSERT INTO `option_configs` VALUES (49, 'product', 'w', 'wwq', NULL, 1, 0, 1, 'w', '2026-01-16 10:38:19.352141', '2026-01-20 13:54:46.000000');
INSERT INTO `option_configs` VALUES (50, 'product', 'test', '测试', NULL, 1, 3, 1, NULL, '2026-01-16 11:14:36.671528', '2026-01-16 11:14:36.671528');
INSERT INTO `option_configs` VALUES (51, 'product', 'test1', '测试子项目', 50, 2, 4, 1, 'adas', '2026-01-16 11:16:30.577002', '2026-01-16 11:16:30.577002');
INSERT INTO `option_configs` VALUES (52, 'requirement_direction', 'test2', '测试2', NULL, 1, 5, 1, 'asdsa', '2026-01-16 13:36:42.712041', '2026-01-16 13:36:42.712041');
INSERT INTO `option_configs` VALUES (53, 'requirement_direction', 'test6', '测试2', NULL, 1, 5, 1, 'asdsa', '2026-01-16 13:36:58.033341', '2026-01-16 13:36:58.033341');
INSERT INTO `option_configs` VALUES (54, 'requirement_direction', 'ddadfq', '测试9', NULL, 1, 5, 1, 'asdas', '2026-01-16 13:39:43.025661', '2026-01-16 13:39:43.025661');
INSERT INTO `option_configs` VALUES (55, 'requirement_direction', 'adasd', 'adas', NULL, 1, 6, 1, '6asdas', '2026-01-16 13:43:13.709362', '2026-04-15 09:40:35.000000');
INSERT INTO `option_configs` VALUES (56, 'requirement_direction', 'aada', 'adasdasdas', NULL, 1, 7, 1, 'adas', '2026-01-16 13:45:05.529850', '2026-04-15 09:40:37.000000');
INSERT INTO `option_configs` VALUES (57, 'requirement_direction', 'xasx', '测试6', NULL, 1, 5, 1, '阿斯顿撒', '2026-01-18 10:13:40.834056', '2026-01-18 10:13:40.834056');
INSERT INTO `option_configs` VALUES (58, 'requirement_direction', 'axasc', 'cssdvsdv', 54, 2, 6, 1, 'ac', '2026-01-18 10:14:07.213719', '2026-01-18 10:14:07.213719');
INSERT INTO `option_configs` VALUES (59, 'product', 'ces', '测试三级', 51, 3, 5, 1, 'asda', '2026-01-19 13:12:10.822127', '2026-01-19 13:12:10.822127');
INSERT INTO `option_configs` VALUES (60, 'product', 'cewvew', '测试四级', 59, 4, 6, 1, 'asda', '2026-01-19 13:12:38.823948', '2026-01-19 13:12:38.823948');
INSERT INTO `option_configs` VALUES (61, 'requirement_direction', '3', '测试3', 58, 3, 0, 1, 'qwdqw', '2026-01-19 13:18:35.224781', '2026-01-19 13:18:35.224781');
INSERT INTO `option_configs` VALUES (62, 'requirement_direction', 'qwdqwd', '测试4', 61, 4, 0, 1, NULL, '2026-01-19 13:18:46.708196', '2026-01-19 13:18:46.708196');
INSERT INTO `option_configs` VALUES (63, 'member_menu_visibility', '/statistics', '数据统计', NULL, 1, 1, 1, '成员侧栏菜单可见性配置', '2026-04-22 14:04:03.237194', '2026-04-22 14:04:04.000000');
INSERT INTO `option_configs` VALUES (64, 'member_menu_visibility', '/opportunities', '商机管理', NULL, 1, 5, 0, '成员侧栏菜单可见性配置', '2026-04-22 14:04:07.291677', '2026-05-06 10:57:49.000000');
INSERT INTO `option_configs` VALUES (65, 'member_menu_visibility', '/reviews', '复盘管理', NULL, 1, 6, 0, '成员侧栏菜单可见性配置', '2026-04-22 14:04:07.958088', '2026-05-06 10:57:50.000000');

-- ----------------------------
-- Table structure for reviews
-- ----------------------------
DROP TABLE IF EXISTS `reviews`;
CREATE TABLE `reviews`  (
  `id` int(11) NOT NULL AUTO_INCREMENT,
  `visit_log_id` int(11) NOT NULL COMMENT '拜访日志ID',
  `team_leader_id` int(11) NOT NULL COMMENT '组长ID',
  `comment` text CHARACTER SET utf8mb4 COLLATE utf8mb4_unicode_ci NULL COMMENT '批注内容',
  `review_summary` text CHARACTER SET utf8mb4 COLLATE utf8mb4_unicode_ci NULL COMMENT '复盘总结',
  `created_at` datetime NULL DEFAULT CURRENT_TIMESTAMP COMMENT '创建时间',
  `updated_at` datetime NULL DEFAULT CURRENT_TIMESTAMP COMMENT '更新时间',
  PRIMARY KEY (`id`) USING BTREE,
  UNIQUE INDEX `visit_log_id`(`visit_log_id`) USING BTREE,
  INDEX `team_leader_id`(`team_leader_id`) USING BTREE,
  INDEX `ix_reviews_id`(`id`) USING BTREE,
  CONSTRAINT `reviews_ibfk_1` FOREIGN KEY (`visit_log_id`) REFERENCES `visit_logs` (`id`) ON DELETE RESTRICT ON UPDATE RESTRICT,
  CONSTRAINT `reviews_ibfk_2` FOREIGN KEY (`team_leader_id`) REFERENCES `users` (`id`) ON DELETE RESTRICT ON UPDATE RESTRICT
) ENGINE = InnoDB AUTO_INCREMENT = 3 CHARACTER SET = utf8mb4 COLLATE = utf8mb4_unicode_ci ROW_FORMAT = Dynamic;

-- ----------------------------
-- Records of reviews
-- ----------------------------
INSERT INTO `reviews` VALUES (1, 1, 4, '测试', '测试', '2026-01-04 15:58:10', '2026-01-04 15:58:10');
INSERT INTO `reviews` VALUES (2, 4, 36, 'asdsa', 'asdsa', '2026-01-13 11:19:11', '2026-01-13 11:19:11');

-- ----------------------------
-- Table structure for task_detail_requirements
-- ----------------------------
DROP TABLE IF EXISTS `task_detail_requirements`;
CREATE TABLE `task_detail_requirements`  (
  `id` int(11) NOT NULL AUTO_INCREMENT COMMENT '主键ID',
  `task_id` int(11) NOT NULL COMMENT '任务ID',
  `customer_unit` varchar(200) CHARACTER SET utf8mb4 COLLATE utf8mb4_unicode_ci NOT NULL COMMENT '客户单位',
  `industry_type` varchar(100) CHARACTER SET utf8mb4 COLLATE utf8mb4_unicode_ci NOT NULL COMMENT '行业类型',
  `customer_source` varchar(200) CHARACTER SET utf8mb4 COLLATE utf8mb4_unicode_ci NULL DEFAULT NULL COMMENT '客户来源（部门信息，如：销售单位 - 东区、云能力中心等）',
  `requirement_content` text CHARACTER SET utf8mb4 COLLATE utf8mb4_unicode_ci NOT NULL COMMENT '详细需求内容（拜访线索单内容）',
  `expected_visit_time` datetime(6) NULL DEFAULT NULL COMMENT '预期拜访时间',
  `customer_visit_address` varchar(500) CHARACTER SET utf8mb4 COLLATE utf8mb4_unicode_ci NULL DEFAULT NULL COMMENT '客户拜访地址',
  `customer_manager_name` varchar(100) CHARACTER SET utf8mb4 COLLATE utf8mb4_unicode_ci NULL DEFAULT NULL COMMENT '客户经理姓名',
  `customer_manager_contact` varchar(100) CHARACTER SET utf8mb4 COLLATE utf8mb4_unicode_ci NULL DEFAULT NULL COMMENT '客户经理联系方式',
  `sales_contact_id` int(11) NOT NULL COMMENT '提交的销售接口人ID',
  `created_at` datetime(6) NOT NULL DEFAULT CURRENT_TIMESTAMP(6) COMMENT '创建时间',
  `updated_at` datetime(6) NOT NULL DEFAULT CURRENT_TIMESTAMP(6) ON UPDATE CURRENT_TIMESTAMP(6) COMMENT '更新时间',
  PRIMARY KEY (`id`) USING BTREE,
  INDEX `idx_task_id`(`task_id`) USING BTREE,
  INDEX `idx_sales_contact_id`(`sales_contact_id`) USING BTREE,
  CONSTRAINT `fk_task_detail_requirements_sales_contact_id` FOREIGN KEY (`sales_contact_id`) REFERENCES `users` (`id`) ON DELETE RESTRICT ON UPDATE CASCADE,
  CONSTRAINT `fk_task_detail_requirements_task_id` FOREIGN KEY (`task_id`) REFERENCES `tasks` (`id`) ON DELETE CASCADE ON UPDATE CASCADE
) ENGINE = InnoDB AUTO_INCREMENT = 105 CHARACTER SET = utf8mb4 COLLATE = utf8mb4_unicode_ci COMMENT = '任务详细需求表（支持一个任务多个客户）' ROW_FORMAT = Dynamic;

-- ----------------------------
-- Records of task_detail_requirements
-- ----------------------------
INSERT INTO `task_detail_requirements` VALUES (1, 28, 'asdz', '金融', '销售单位 - 理想公司', '需要AI技术支sds持，包括智能客服和数据分析功能', '2024-05-12 00:00:00.000000', NULL, NULL, NULL, 34, '2026-01-12 15:33:12.450938', '2026-01-29 15:58:12.422000');
INSERT INTO `task_detail_requirements` VALUES (2, 28, 'aasd', 'asa', '销售单位 - 理想公司', 'asda', '2026-01-12 00:00:00.000000', NULL, NULL, NULL, 34, '2026-01-12 15:33:12.455968', '2026-01-29 15:58:12.422000');
INSERT INTO `task_detail_requirements` VALUES (3, 29, 'asdz', '金融', '销售单位 - 理想公司', '需要AI技术支sds持，包括智能客服和数据分析功能', '2024-05-12 00:00:00.000000', NULL, NULL, NULL, 34, '2026-01-12 16:05:57.637929', '2026-01-29 15:58:12.422000');
INSERT INTO `task_detail_requirements` VALUES (4, 29, 'aasd', 'asa', '销售单位 - 理想公司', 'asda', '2026-01-12 00:00:00.000000', NULL, NULL, NULL, 34, '2026-01-12 16:05:57.639997', '2026-01-29 15:58:12.422000');
INSERT INTO `task_detail_requirements` VALUES (5, 29, 'asdz', '金融', '销售单位 - 理想公司', '需要AI技术支sds持，包括智能客服和数据分析功能', '2024-05-12 00:00:00.000000', NULL, NULL, NULL, 34, '2026-01-12 16:06:31.550465', '2026-01-29 15:58:12.422000');
INSERT INTO `task_detail_requirements` VALUES (6, 29, 'aasd', 'asa', '销售单位 - 理想公司', 'asda', '2026-01-12 00:00:00.000000', NULL, NULL, NULL, 34, '2026-01-12 16:06:31.553371', '2026-01-29 15:58:12.422000');
INSERT INTO `task_detail_requirements` VALUES (7, 29, 'asda', 'asd', '销售单位 - 理想公司', 'asda', '2026-01-14 00:00:00.000000', NULL, NULL, NULL, 34, '2026-01-12 16:06:47.178533', '2026-01-29 15:58:12.422000');
INSERT INTO `task_detail_requirements` VALUES (8, 29, 'asdasda', 'asdada', '销售单位 - 理想公司', 'sdasdasd', '2026-01-22 00:00:00.000000', NULL, NULL, NULL, 33, '2026-01-12 16:08:01.638953', '2026-01-29 15:58:12.422000');
INSERT INTO `task_detail_requirements` VALUES (9, 29, 'ASDA', 'ASDA', '销售单位 - 理想公司', 'DASDADAD', '2026-01-30 00:00:00.000000', NULL, NULL, NULL, 33, '2026-01-12 16:09:10.040065', '2026-01-29 15:58:12.422000');
INSERT INTO `task_detail_requirements` VALUES (10, 30, 'asdz', '金融', '销售单位 - 宝山', '需要AI技术支sds持，包括智能客服和数据分析功能', '2024-05-12 00:00:00.000000', NULL, NULL, NULL, 36, '2026-01-13 10:32:28.536625', '2026-01-29 15:58:12.422000');
INSERT INTO `task_detail_requirements` VALUES (11, 30, 'aasd', 'asa', '销售单位 - 宝山', 'asda', '2026-01-12 00:00:00.000000', NULL, NULL, NULL, 36, '2026-01-13 10:32:28.540724', '2026-01-29 15:58:12.422000');
INSERT INTO `task_detail_requirements` VALUES (12, 31, 'asdz', '金融', '销售单位 - 宝山', '需要AI技术支sds持，包括智能客服和数据分析功能', '2024-05-12 00:00:00.000000', NULL, NULL, NULL, 36, '2026-01-13 11:17:38.772503', '2026-01-29 15:58:12.422000');
INSERT INTO `task_detail_requirements` VALUES (13, 31, 'aasd', 'asa', '销售单位 - 宝山', 'asda', '2026-01-12 00:00:00.000000', NULL, NULL, NULL, 36, '2026-01-13 11:17:38.774459', '2026-01-29 15:58:12.422000');
INSERT INTO `task_detail_requirements` VALUES (14, 32, 'asdz', '金融', '销售单位 - 理想公司', '需要AI技术支sds持，包括智能客服和数据分析功能', '2024-05-12 00:00:00.000000', NULL, NULL, NULL, 34, '2026-01-14 09:20:43.201496', '2026-01-29 15:58:12.422000');
INSERT INTO `task_detail_requirements` VALUES (15, 32, 'aasd', 'asa', '销售单位 - 理想公司', 'asda', '2026-01-12 00:00:00.000000', NULL, NULL, NULL, 34, '2026-01-14 09:20:43.203259', '2026-01-29 15:58:12.422000');
INSERT INTO `task_detail_requirements` VALUES (16, 33, 'asdz', '金融', '销售单位 - 宝山', '需要AI技术支sds持，包括智能客服和数据分析功能', '2024-05-12 00:00:00.000000', NULL, NULL, NULL, 36, '2026-01-14 11:28:13.991004', '2026-01-29 15:58:12.422000');
INSERT INTO `task_detail_requirements` VALUES (17, 33, 'aasd', 'asa', '销售单位 - 宝山', 'asda', '2026-01-12 00:00:00.000000', NULL, NULL, NULL, 36, '2026-01-14 11:28:13.993145', '2026-01-29 15:58:12.422000');
INSERT INTO `task_detail_requirements` VALUES (18, 34, 'asdz', '金融', '销售单位 - 理想公司', '需要AI技术支sds持，包括智能客服和数据分析功能', '2024-05-12 00:00:00.000000', NULL, NULL, NULL, 31, '2026-01-14 13:14:23.559621', '2026-01-29 15:58:12.422000');
INSERT INTO `task_detail_requirements` VALUES (19, 34, 'aasd', 'asa', '销售单位 - 理想公司', 'asda', '2026-01-12 00:00:00.000000', NULL, NULL, NULL, 31, '2026-01-14 13:14:23.562291', '2026-01-29 15:58:12.422000');
INSERT INTO `task_detail_requirements` VALUES (20, 34, 'asda', 'adsa', '销售单位 - 理想公司', 'asdas', '2026-01-14 00:00:00.000000', NULL, NULL, NULL, 31, '2026-01-14 13:14:34.092296', '2026-01-29 15:58:12.422000');
INSERT INTO `task_detail_requirements` VALUES (21, 35, 'asdz', '金融', '销售单位 - 宝山', '需要AI技术支sds持，包括智能客服和数据分析功能', '2024-05-12 00:00:00.000000', NULL, NULL, NULL, 36, '2026-01-14 14:15:07.081124', '2026-01-29 15:58:12.422000');
INSERT INTO `task_detail_requirements` VALUES (22, 35, 'aasd', 'asa', '销售单位 - 宝山', 'asda', '2026-01-12 00:00:00.000000', NULL, NULL, NULL, 36, '2026-01-14 14:15:07.085322', '2026-01-29 15:58:12.422000');
INSERT INTO `task_detail_requirements` VALUES (23, 35, 'asdz', '金融', '销售单位 - 理想公司', '需要AI技术支sds持，包括智能客服和数据分析功能', '2024-05-12 00:00:00.000000', NULL, NULL, NULL, 31, '2026-01-14 14:16:20.329145', '2026-01-29 15:58:12.422000');
INSERT INTO `task_detail_requirements` VALUES (24, 35, 'aasd', 'asa', '销售单位 - 理想公司', 'asda', '2026-01-12 00:00:00.000000', NULL, NULL, NULL, 31, '2026-01-14 14:16:20.330903', '2026-01-29 15:58:12.422000');
INSERT INTO `task_detail_requirements` VALUES (25, 35, 'asda', 'asdsa', '销售单位 - 理想公司', 'ad', '2026-01-22 00:00:00.000000', NULL, NULL, NULL, 31, '2026-01-14 14:16:32.837874', '2026-01-29 15:58:12.422000');
INSERT INTO `task_detail_requirements` VALUES (26, 36, 'asdz', '金融', '销售单位 - 宝山', '需要AI技术支sds持，包括智能客服和数据分析功能', '2024-05-12 00:00:00.000000', NULL, NULL, NULL, 36, '2026-01-14 15:06:37.463231', '2026-01-29 15:58:12.422000');
INSERT INTO `task_detail_requirements` VALUES (27, 36, 'aasd', 'asa', '销售单位 - 宝山', 'asda', '2026-01-12 00:00:00.000000', NULL, NULL, NULL, 36, '2026-01-14 15:06:37.465835', '2026-01-29 15:58:12.422000');
INSERT INTO `task_detail_requirements` VALUES (28, 37, 'ad', 'asdsa', '销售单位 - 宝山', 'asdas', '2026-01-15 00:00:00.000000', NULL, NULL, NULL, 36, '2026-01-15 15:13:02.484235', '2026-01-29 15:58:12.422000');
INSERT INTO `task_detail_requirements` VALUES (29, 37, 'asdz', '金融', '销售单位 - 宝山', '需要AI技术支sds持，包括智能客服和数据分析功能', '2024-05-12 00:00:00.000000', NULL, NULL, NULL, 36, '2026-01-15 15:13:13.530316', '2026-01-29 15:58:12.422000');
INSERT INTO `task_detail_requirements` VALUES (30, 37, 'aasd', 'asa', '销售单位 - 宝山', 'asda', '2026-01-12 00:00:00.000000', NULL, NULL, NULL, 36, '2026-01-15 15:13:13.532167', '2026-01-29 15:58:12.422000');
INSERT INTO `task_detail_requirements` VALUES (31, 38, 'asdz', '金融', '销售单位 - 理想公司', '需要AI技术支sds持，包括智能客服和数据分析功能', '2024-05-12 00:00:00.000000', NULL, NULL, NULL, 34, '2026-01-16 12:51:38.629122', '2026-01-29 15:58:12.422000');
INSERT INTO `task_detail_requirements` VALUES (32, 38, 'aasd', 'asa', '销售单位 - 理想公司', 'asda', '2026-01-12 00:00:00.000000', NULL, NULL, NULL, 34, '2026-01-16 12:51:38.633522', '2026-01-29 15:58:12.422000');
INSERT INTO `task_detail_requirements` VALUES (33, 39, 'asdz', '金融', '销售单位 - 理想公司', '需要AI技术支sds持，包括智能客服和数据分析功能', '2024-05-12 00:00:00.000000', NULL, NULL, NULL, 34, '2026-01-16 13:02:46.501631', '2026-01-29 15:58:12.422000');
INSERT INTO `task_detail_requirements` VALUES (34, 39, 'aasd', 'asa', '销售单位 - 理想公司', 'asda', '2026-01-12 00:00:00.000000', NULL, NULL, NULL, 34, '2026-01-16 13:02:46.504782', '2026-01-29 15:58:12.422000');
INSERT INTO `task_detail_requirements` VALUES (35, 39, 'aaa', 'asda', '销售单位 - 理想公司', 'adas', '2026-01-16 00:00:00.000000', NULL, NULL, NULL, 34, '2026-01-16 13:08:05.453049', '2026-01-29 15:58:12.422000');
INSERT INTO `task_detail_requirements` VALUES (36, 40, 'asda', 'adas', '销售单位 - 宝山', 'asdas', '2026-01-29 00:00:00.000000', NULL, NULL, NULL, 36, '2026-01-16 13:13:48.542771', '2026-01-29 15:58:12.422000');
INSERT INTO `task_detail_requirements` VALUES (37, 38, '2e23', 'qwqdqd', '销售单位 - 理想公司', 'dqwq', '2026-01-20 00:00:00.000000', NULL, NULL, NULL, 34, '2026-01-20 09:47:07.428699', '2026-01-29 15:58:12.422000');
INSERT INTO `task_detail_requirements` VALUES (38, 41, 'asdas', 'asdas', '销售单位 - 宝山', 'asdas', '2026-01-21 00:00:00.000000', NULL, NULL, NULL, 36, '2026-01-21 10:02:55.584341', '2026-01-29 15:58:12.422000');
INSERT INTO `task_detail_requirements` VALUES (39, 41, 'asda', 'asda', '销售单位 - 宝山', 'adad', '2026-01-21 12:30:00.000000', NULL, NULL, NULL, 36, '2026-01-21 10:24:05.341371', '2026-01-29 15:58:12.422000');
INSERT INTO `task_detail_requirements` VALUES (40, 41, '特色t', '金融', '销售单位 - 宝山', '需要AI技术支持，包括智能客服和数据分析功能', '2026-01-11 14:30:00.000000', NULL, NULL, NULL, 36, '2026-01-21 10:28:09.868460', '2026-01-29 15:58:12.422000');
INSERT INTO `task_detail_requirements` VALUES (41, 41, 'qwdqw', 'dqwd', '销售单位 - 宝山', 'qwdq', NULL, NULL, NULL, NULL, 36, '2026-01-21 10:38:15.665364', '2026-01-29 15:58:12.422000');
INSERT INTO `task_detail_requirements` VALUES (42, 41, '特色t', '金融', '销售单位 - 宝山', '需要AI技术支持，包括智能客服和数据分析功能', '2026-01-11 14:30:00.000000', NULL, NULL, NULL, 36, '2026-01-22 10:33:33.986674', '2026-01-29 15:58:12.422000');
INSERT INTO `task_detail_requirements` VALUES (43, 41, 'wdwqdqdq', 'wdqwdqwd', '销售单位 - 宝山', 'qwdwqdqwdqferehtrjyhtrrt', NULL, NULL, NULL, NULL, 36, '2026-01-22 10:33:43.007200', '2026-01-29 15:58:12.422000');
INSERT INTO `task_detail_requirements` VALUES (44, 55, 'fwe', 'wwef', '销售单位 - 宝山', 'wefw', '2026-01-23 00:00:00.000000', NULL, NULL, NULL, 36, '2026-01-23 10:04:32.016275', '2026-01-29 15:58:12.422000');
INSERT INTO `task_detail_requirements` VALUES (45, 55, '特色t', '金融', '销售单位 - 宝山', '需要AI技术支持，包括智能客服和数据分析功能', '2026-01-11 14:30:00.000000', NULL, NULL, NULL, 36, '2026-01-23 10:04:37.831641', '2026-01-29 15:58:12.422000');
INSERT INTO `task_detail_requirements` VALUES (46, 59, 'asdasdas', 'asdasdas', '销售单位 - 宝山', 'asdasd', '2026-01-26 05:06:00.000000', 'asdadsa', 'asdada', 'asdasd', 36, '2026-01-26 15:03:54.681290', '2026-01-29 15:58:12.422000');
INSERT INTO `task_detail_requirements` VALUES (47, 59, 'asdasd', 'asdsa', '销售单位 - 宝山', 'asdsa', '2026-01-08 05:05:00.000000', 'asdada', '测试', '18454848545', 36, '2026-01-26 15:04:31.541073', '2026-01-29 15:58:12.422000');
INSERT INTO `task_detail_requirements` VALUES (48, 59, 'wfdqwa', 'dwqd', '销售单位 - 宝山', 'qwdqw', '2026-01-08 06:06:00.000000', 'dqwdwqd', 'qwdqwdqwdwq', '15484596521', 36, '2026-01-26 15:09:09.366585', '2026-01-29 15:58:12.422000');
INSERT INTO `task_detail_requirements` VALUES (49, 59, 'asas', 'asasdas', '销售单位 - 宝山', 'asdas', '2026-01-25 14:30:00.000000', '上海市浦东新区XX路XX号', 'asas', '15154254151', 36, '2026-01-26 15:10:10.558711', '2026-01-29 15:58:12.422000');
INSERT INTO `task_detail_requirements` VALUES (50, 59, '阿萨大大', '金融', '销售单位 - 宝山', '需要AI技术支持，包括智能客服和数据分析功能', '2024-12-31 14:30:00.000000', '上海市浦东新区XX路XX号', '张三', '13800138000', 36, '2026-01-26 15:11:11.660150', '2026-01-29 15:58:12.422000');
INSERT INTO `task_detail_requirements` VALUES (51, 59, '啊实打实', '阿大撒d', '销售单位 - 宝山', '发给你发个', '2026-01-25 14:30:00.000000', '上海市浦东新区XX路XX号', 'asas', '15154254151', 36, '2026-01-26 15:11:11.662791', '2026-01-29 15:58:12.422000');
INSERT INTO `task_detail_requirements` VALUES (52, 62, 'asdas', 'asdas', '销售单位 - 宝山', 'asdas', '2026-01-28 00:00:00.000000', NULL, NULL, NULL, 36, '2026-01-26 15:44:44.447543', '2026-01-29 15:58:12.422000');
INSERT INTO `task_detail_requirements` VALUES (53, 59, 'asdsa', 'asd', '销售单位 - 宝山', 'asdas', '2026-01-30 00:00:00.000000', 'asda', 'asda', 'asdas', 36, '2026-01-26 15:45:44.021082', '2026-01-29 15:58:12.422000');
INSERT INTO `task_detail_requirements` VALUES (54, 60, 'asdas', 'asdas', '销售单位 - 宝山', 'asdas', '2026-01-28 00:00:00.000000', 'asdas', 'asda', 'asdas', 36, '2026-01-26 15:46:13.818651', '2026-01-29 15:58:12.422000');
INSERT INTO `task_detail_requirements` VALUES (55, 62, 'wdq', 'a', '销售单位 - 宝山', 'qwdqw', '2026-01-28 05:05:00.000000', NULL, NULL, NULL, 36, '2026-01-28 14:42:52.062098', '2026-01-28 14:42:52.062098');
INSERT INTO `task_detail_requirements` VALUES (56, 62, '1111', 'adwqfd', '销售单位 - 宝山', 'fwefq', '2026-01-28 06:06:00.000000', NULL, NULL, NULL, 36, '2026-01-28 14:43:26.278912', '2026-01-28 14:43:26.278912');
INSERT INTO `task_detail_requirements` VALUES (57, 62, 'qdqw', 'qwdqwd', '销售单位 - 宝山', 'qwdqwd', '2026-01-29 07:07:00.000000', NULL, NULL, NULL, 36, '2026-01-28 14:47:20.561107', '2026-01-28 14:47:20.561107');
INSERT INTO `task_detail_requirements` VALUES (58, 59, 'dqwd', 'qwdq', '销售单位 - 宝山', 'qwdq', '2026-01-21 06:06:00.000000', 'wdqwd', 'qwdqwd', '18545484841', 36, '2026-01-28 14:50:05.880036', '2026-01-28 14:50:05.880036');
INSERT INTO `task_detail_requirements` VALUES (59, 59, '222', 'ww2', '销售单位 - 宝山', '2e2e', '2026-01-28 08:08:00.000000', '2w2w', '2e2', '12121212121', 36, '2026-01-28 14:52:39.089657', '2026-01-28 14:52:39.089657');
INSERT INTO `task_detail_requirements` VALUES (60, 62, 'qwq', 'qweq', '销售单位 - 宝山', 'qweqw', '2026-01-28 07:07:00.000000', NULL, NULL, NULL, 36, '2026-01-28 15:09:59.705457', '2026-01-28 15:09:59.705457');
INSERT INTO `task_detail_requirements` VALUES (61, 63, '客户单位', '金融', '销售单位 - 东区', '需要AI技术支持，包括智能客服和数据分析功能', '2024-12-31 14:30:00.000000', '上海市浦东新区XX路XX号', '张三', '13800138000', 36, '2026-01-28 15:20:41.897745', '2026-01-28 15:20:41.897745');
INSERT INTO `task_detail_requirements` VALUES (62, 66, 'dwqqwfqw', 'wfdqwfqwfqw', '海卓', 'qwdqwd', '2026-01-28 07:07:00.000000', 'qwdqwd', '测试', '16585956232', 46, '2026-01-28 16:07:06.871471', '2026-01-28 16:07:06.871471');
INSERT INTO `task_detail_requirements` VALUES (63, 66, '客户单位', '金融', '海卓', '需要AI技术支持，包括智能客服和数据分析功能', '2024-12-31 14:30:00.000000', '上海市浦东新区XX路XX号', '张三', '13800138000', 46, '2026-01-28 16:09:19.455724', '2026-01-28 16:09:19.455724');
INSERT INTO `task_detail_requirements` VALUES (64, 66, '随时', '教育', '海卓', '需要AI技术支持，包括智能客服和数据分析功能', '2026-01-25 14:30:00.000000', '上海市浦东新区XX路XX号', '李四', '18888888888', 46, '2026-01-28 16:09:19.458854', '2026-01-28 16:09:19.458854');
INSERT INTO `task_detail_requirements` VALUES (65, 66, 'ssss', 'asa', '海卓', 'asdsa', '2026-01-28 07:07:00.000000', 'asasa', '测试', '16585956232', 46, '2026-01-28 16:10:09.872690', '2026-01-28 16:10:09.872690');
INSERT INTO `task_detail_requirements` VALUES (66, 65, '客户单位', '金融', '海卓', '需要AI技术支持，包括智能客服和数据分析功能', '2024-12-31 14:30:00.000000', '上海市浦东新区XX路XX号', '张三', '13800138000', 46, '2026-01-28 16:10:48.213250', '2026-01-28 16:10:48.213250');
INSERT INTO `task_detail_requirements` VALUES (67, 65, '随时', '教育', '海卓', '需要AI技术支持，包括智能客服和数据分析功能', '2026-01-25 14:30:00.000000', '上海市浦东新区XX路XX号', '李四', '18888888888', 46, '2026-01-28 16:10:48.215789', '2026-01-28 16:10:48.215789');
INSERT INTO `task_detail_requirements` VALUES (68, 65, '客户单位', '金融', '海卓', '需要AI技术支持，包括智能客服和数据分析功能', '2024-12-31 14:30:00.000000', '上海市浦东新区XX路XX号', '张三', '13800138000', 46, '2026-01-28 16:12:39.482484', '2026-01-28 16:12:39.482484');
INSERT INTO `task_detail_requirements` VALUES (69, 65, '随时', '教育', '海卓', '需要AI技术支持，包括智能客服和数据分析功能', '2026-01-25 14:30:00.000000', '上海市浦东新区XX路XX号', '李四', '18888888888', 46, '2026-01-28 16:12:39.485191', '2026-01-28 16:12:39.485191');
INSERT INTO `task_detail_requirements` VALUES (70, 67, '1111111111', '111', '海卓', 'dqwdqwd', '2026-01-29 08:08:00.000000', 'qdqwd', 'qdqwdq', '18215451920', 46, '2026-01-29 09:46:47.715125', '2026-01-29 09:46:47.715125');
INSERT INTO `task_detail_requirements` VALUES (71, 67, '客户单位', '金融', '海卓', '需要AI技术支持，包括智能客服和数据分析功能', '2024-12-31 14:30:00.000000', '上海市浦东新区XX路XX号', '张三', '13800138000', 46, '2026-01-29 10:50:57.810917', '2026-01-29 10:50:57.810917');
INSERT INTO `task_detail_requirements` VALUES (72, 67, '随时', '教育', '海卓', '需要AI技术支持，包括智能客服和数据分析功能', '2026-01-25 14:30:00.000000', '上海市浦东新区XX路XX号', '李四', '18888888888', 46, '2026-01-29 10:50:57.815126', '2026-01-29 10:50:57.815126');
INSERT INTO `task_detail_requirements` VALUES (76, 68, '随时', '教育', '海卓', '需要AI技术支持，包括智能客服和数据分析功能', '2026-01-25 14:30:00.000000', '上海市浦东新区XX路XX号', '李四', '18888888888', 46, '2026-01-29 13:47:25.729866', '2026-01-29 13:47:25.729866');
INSERT INTO `task_detail_requirements` VALUES (77, 69, 'asa', 'as', '海卓', 'asdasd', '2026-01-29 07:07:00.000000', 'asdsada', 'asdasd', '18245859652', 46, '2026-01-29 15:24:29.691620', '2026-01-29 15:24:29.691620');
INSERT INTO `task_detail_requirements` VALUES (78, 63, '4-7测试', '测试行业', '海卓', '测试', '2026-04-22 05:05:00.000000', '测试地址', '李四', '16589542145', 36, '2026-04-07 09:50:38.650312', '2026-04-07 09:50:38.650312');
INSERT INTO `task_detail_requirements` VALUES (79, 63, '上海海卓云智技术服务有限公司', '科技服务', '销售单位 - 战略BD', '需要云电脑', '2026-04-15 06:06:00.000000', '浦东新区', '鲁斯', '18457588595', 36, '2026-04-07 14:04:08.156155', '2026-04-07 14:04:08.156155');
INSERT INTO `task_detail_requirements` VALUES (80, 72, '上海电机学院', '教育', '销售单位 - 宝山', '测试', '2026-04-07 04:04:00.000000', '浦东新区', '鲁斯', '18457588595', 36, '2026-04-07 14:16:38.322534', '2026-04-07 14:16:38.322534');
INSERT INTO `task_detail_requirements` VALUES (81, 63, '测试', '测试', '云能力中心', '测试', '2026-04-22 05:05:00.000000', '浦东新区', '测试', '16585956232', 36, '2026-04-21 14:12:39.713144', '2026-04-21 14:12:39.713144');
INSERT INTO `task_detail_requirements` VALUES (82, 73, '上海来伊份股份有限公司	', '金融', '销售单位 - 宝山', '需要算力', '2026-04-23 09:13:00.000000', NULL, NULL, NULL, 36, '2026-04-22 12:30:31.054171', '2026-04-22 12:30:31.054171');
INSERT INTO `task_detail_requirements` VALUES (83, 74, '上海邮乐网络技术有限公司	', '科技', '销售单位 - 宝山', '需要智云一体机', '2026-04-22 07:07:00.000000', '上海市浦东新区XX路XX号', '李四', '18545458452', 36, '2026-04-22 12:35:29.650059', '2026-04-22 12:35:29.650059');
INSERT INTO `task_detail_requirements` VALUES (84, 75, '网宿科技股份有限公司', '科技', '销售单位 - 宝山', '算力', '2026-04-24 06:06:00.000000', '上海市浦东新区XX路XX号', '李四', '18545458452', 36, '2026-04-22 15:03:12.323285', '2026-04-22 15:03:12.323285');
INSERT INTO `task_detail_requirements` VALUES (85, 75, '中国移动通信集团上海有限公司', '科技', '销售单位 - 宝山', '算力', '2026-04-22 06:06:00.000000', '上海市浦东新区XX路XX号', '李四', '18545458452', 36, '2026-04-22 15:07:47.473547', '2026-04-22 15:07:47.473547');
INSERT INTO `task_detail_requirements` VALUES (86, 75, 'cwecwe', 'cwecwe', '销售单位 - 宝山', 'cwecw', '2026-04-24 00:00:00.000000', '上海市浦东新区XX路XX号', 'ecewc', '16585956232', 36, '2026-04-24 14:47:39.854726', '2026-04-24 14:47:39.854726');
INSERT INTO `task_detail_requirements` VALUES (87, 75, 'fwefewfw', 'wefewfewfewfw', '销售单位 - 宝山', 'wefewfew', '2026-04-22 07:07:00.000000', 'wefewfw', 'wefwew', '18545965265', 36, '2026-04-24 15:23:10.351894', '2026-04-24 15:23:10.351894');
INSERT INTO `task_detail_requirements` VALUES (88, 77, '百度科技', '科技', '销售单位 - 宝山', '挖的青蛙哇', '2026-04-22 05:05:00.000000', '青蛙打网球的', '测试', '18245859652', 36, '2026-04-27 15:33:26.970119', '2026-04-27 15:33:26.970119');
INSERT INTO `task_detail_requirements` VALUES (89, 79, '周康四村', '街道', '销售单位 - 战略BD', '测试数据', '2026-04-29 00:00:00.000000', '上海市 / 市辖区 / 浦东新区', 'zhksc', '15138241798', 52, '2026-04-28 10:08:06.204318', '2026-04-28 10:08:06.204318');
INSERT INTO `task_detail_requirements` VALUES (90, 80, '周康四村', '街道', '销售单位 - 战略BD', '测试测试', NULL, '上海市 / 市辖区 / 浦东新区', 'sczhr', '15138241797', 52, '2026-04-28 10:27:26.094533', '2026-04-28 10:27:26.094533');
INSERT INTO `task_detail_requirements` VALUES (91, 81, '建桥', '学校', '销售单位 - 战略BD', '测试数据', NULL, '上海市 / 市辖区 / 浦东新区', '朱瑞庭', '18888888888', 53, '2026-04-28 10:40:32.486347', '2026-04-28 10:40:32.486347');
INSERT INTO `task_detail_requirements` VALUES (92, 82, '建桥', '学校', '销售单位 - 宝山', '测试', '2026-04-29 00:00:00.000000', '上海市 / 市辖区 / 浦东新区', '朱瑞庭', '18888888888', 53, '2026-04-28 14:47:10.315900', '2026-04-28 14:47:10.315900');
INSERT INTO `task_detail_requirements` VALUES (93, 82, '建桥', '学校', '销售单位 - 战略BD', '测试数据', NULL, '上海市 / 市辖区 / 浦东新区', '朱瑞庭', '18888888888', 53, '2026-04-28 14:51:04.274558', '2026-04-28 14:51:04.274558');
INSERT INTO `task_detail_requirements` VALUES (94, 82, '建桥', '学校', '销售单位 - 战略BD', '测试', NULL, '上海市 / 市辖区 / 浦东新区', '朱瑞庭', '18888888888', 53, '2026-04-28 15:31:14.194268', '2026-04-28 15:31:14.194268');
INSERT INTO `task_detail_requirements` VALUES (95, 84, '建桥', '学校', '销售单位 - 宝山', '测试数据', '2026-05-07 00:00:00.000000', '上海市 / 市辖区 / 浦东新区', '陈千龙', '15138241797', 36, '2026-05-06 13:58:34.479939', '2026-05-06 13:58:34.479939');
INSERT INTO `task_detail_requirements` VALUES (96, 84, '测试', '测试', '海卓', '测试', '2026-05-08 00:00:00.000000', '上海', '张三', '15934978124', 51, '2026-05-06 14:01:39.560010', '2026-05-06 14:01:39.560010');
INSERT INTO `task_detail_requirements` VALUES (97, 84, 'hhhh', '121', '销售单位 - 宝山', '测试', '2026-05-13 00:00:00.000000', '上海市 / 市辖区 / 浦东新区', 'cc', '15138241797', 36, '2026-05-06 14:15:00.614046', '2026-05-06 14:15:00.614046');
INSERT INTO `task_detail_requirements` VALUES (98, 84, '天翼云', '通信', '销售单位 - 战略BD', '111', '2026-05-13 00:00:00.000000', '上海市 / 市辖区 / 浦东新区', '朱瑞庭', '18888888888', 53, '2026-05-06 14:20:52.622755', '2026-05-06 14:20:52.622755');
INSERT INTO `task_detail_requirements` VALUES (99, 84, '云能力', '通信', '销售单位 - 工商BD', '111', NULL, '上海市 / 市辖区 / 浦东新区', '朱瑞庭', '18888888888', 53, '2026-05-06 14:36:56.522385', '2026-05-06 14:36:56.522385');
INSERT INTO `task_detail_requirements` VALUES (100, 84, '认领', '通信', '销售单位 - 政务BD', '111', NULL, '上海市 / 市辖区 / 浦东新区', '朱瑞庭', '18888888888', 53, '2026-05-06 14:54:46.797506', '2026-05-06 14:54:46.797506');
INSERT INTO `task_detail_requirements` VALUES (101, 84, '认领2', '通信', '销售单位 - 政务BD', '111', NULL, '上海市 / 市辖区 / 浦东新区', '朱瑞庭', '18888888888', 53, '2026-05-06 14:56:34.632130', '2026-05-06 14:56:34.632130');
INSERT INTO `task_detail_requirements` VALUES (102, 84, '百事应', '通信', '销售单位 - 宝山', '需要一体机', '2026-05-22 06:06:00.000000', '休言细语咯', '王先生', '18545859652', 36, '2026-05-08 10:10:18.089089', '2026-05-08 10:10:18.089089');
INSERT INTO `task_detail_requirements` VALUES (103, 84, 'ADADSADAS', 'ASFASF', '销售单位 - 宝山', 'ASFASF', '2026-05-26 07:07:00.000000', '青蛙打网球的', 'AASDAS', '18545859652', 36, '2026-05-08 14:21:52.176958', '2026-05-08 14:21:52.176958');
INSERT INTO `task_detail_requirements` VALUES (104, 84, 'wdwqd', 'qwdfq', '销售单位 - 宝山', 'qwdwq', '2026-05-15 04:04:00.000000', 'qdqwd', 'qdwd', '18545458485', 36, '2026-05-08 14:37:53.743465', '2026-05-08 14:37:53.743465');

-- ----------------------------
-- Table structure for tasks
-- ----------------------------
DROP TABLE IF EXISTS `tasks`;
CREATE TABLE `tasks`  (
  `id` int(11) NOT NULL AUTO_INCREMENT,
  `task_name` varchar(200) CHARACTER SET utf8mb4 COLLATE utf8mb4_unicode_ci NOT NULL COMMENT '任务名称',
  `sales_unit` text CHARACTER SET utf8mb4 COLLATE utf8mb4_unicode_ci NOT NULL COMMENT '面向的销售单位（多个值用逗号分隔）',
  `start_date` date NOT NULL COMMENT '任务开始日期',
  `end_date` date NOT NULL COMMENT '任务结束日期',
  `fde_count` int(11) NOT NULL COMMENT 'FDE支撑人员数量',
  `customer_unit` varchar(200) CHARACTER SET utf8mb4 COLLATE utf8mb4_unicode_ci NULL DEFAULT NULL COMMENT '客户单位',
  `industry_type` varchar(100) CHARACTER SET utf8mb4 COLLATE utf8mb4_unicode_ci NULL DEFAULT NULL COMMENT '行业类型',
  `requirement_content` text CHARACTER SET utf8mb4 COLLATE utf8mb4_unicode_ci NULL COMMENT '详细需求内容（拜访线索单内容）',
  `expected_visit_time` datetime(6) NULL DEFAULT NULL COMMENT '预期拜访时间',
  `status` enum('draft','pending','rejected','confirmed','detail_required','detail_submitted','dispatched','in_progress','completed','cancelled') CHARACTER SET utf8mb4 COLLATE utf8mb4_unicode_ci NOT NULL DEFAULT 'draft',
  `rejection_reason` text CHARACTER SET utf8mb4 COLLATE utf8mb4_unicode_ci NULL COMMENT '拒绝原因',
  `initiator_id` int(11) NOT NULL COMMENT '发起人ID',
  `initiator_role` varchar(50) CHARACTER SET utf8mb4 COLLATE utf8mb4_unicode_ci NULL DEFAULT NULL COMMENT '任务创建时发起人使用的角色（task_initiator或sales_contact）',
  `manager_id` int(11) NULL DEFAULT NULL COMMENT '总管ID',
  `sales_contact_id` int(11) NULL DEFAULT NULL COMMENT '销售接口人ID',
  `created_at` datetime NULL DEFAULT CURRENT_TIMESTAMP COMMENT '创建时间',
  `updated_at` datetime NULL DEFAULT CURRENT_TIMESTAMP COMMENT '更新时间',
  `confirmed_at` datetime NULL DEFAULT NULL COMMENT '确认时间',
  `detail_submitted_at` datetime NULL DEFAULT NULL COMMENT '详细需求提交时间',
  PRIMARY KEY (`id`) USING BTREE,
  INDEX `initiator_id`(`initiator_id`) USING BTREE,
  INDEX `manager_id`(`manager_id`) USING BTREE,
  INDEX `sales_contact_id`(`sales_contact_id`) USING BTREE,
  INDEX `ix_tasks_id`(`id`) USING BTREE,
  CONSTRAINT `tasks_ibfk_1` FOREIGN KEY (`initiator_id`) REFERENCES `users` (`id`) ON DELETE RESTRICT ON UPDATE RESTRICT,
  CONSTRAINT `tasks_ibfk_2` FOREIGN KEY (`manager_id`) REFERENCES `users` (`id`) ON DELETE RESTRICT ON UPDATE RESTRICT,
  CONSTRAINT `tasks_ibfk_3` FOREIGN KEY (`sales_contact_id`) REFERENCES `users` (`id`) ON DELETE RESTRICT ON UPDATE RESTRICT
) ENGINE = InnoDB AUTO_INCREMENT = 86 CHARACTER SET = utf8mb4 COLLATE = utf8mb4_unicode_ci ROW_FORMAT = Dynamic;

-- ----------------------------
-- Records of tasks
-- ----------------------------
INSERT INTO `tasks` VALUES (1, '测试任务', 'BD', '2026-01-10', '2026-02-11', 5, NULL, NULL, NULL, NULL, 'confirmed', NULL, 2, 'task_initiator', 1, NULL, '2026-01-04 12:52:23', '2026-01-04 13:06:02', '2026-01-04 05:06:02', NULL);
INSERT INTO `tasks` VALUES (2, '测试任务2', '中国数联', '2026-01-16', '2026-01-24', 4, NULL, NULL, NULL, NULL, 'confirmed', NULL, 2, 'task_initiator', 1, NULL, '2026-01-04 12:52:41', '2026-01-04 13:06:06', '2026-01-04 05:06:07', NULL);
INSERT INTO `tasks` VALUES (3, 'ceafa', 'asdaad', '2026-01-29', '2026-01-31', 8, '税务局', '政企', '开题晓捂使用', NULL, 'in_progress', NULL, 2, 'task_initiator', 1, 3, '2026-01-04 13:16:22', '2026-01-04 13:24:40', '2026-01-04 05:16:44', '2026-01-04 05:17:42');
INSERT INTO `tasks` VALUES (4, '云桌面', '中国数联物流', '2026-01-29', '2026-01-31', 8, '中国数联物流', 'test', '开题云桌面使用', NULL, 'in_progress', NULL, 2, 'task_initiator', 1, 3, '2026-01-04 13:21:48', '2026-01-04 13:24:42', '2026-01-04 05:22:21', '2026-01-04 05:23:18');
INSERT INTO `tasks` VALUES (5, '智能客服', '上海商汤科技开发有限公司', '2026-01-06', '2026-01-14', 5, '淘宝（中国）软件有限公司', '互联网', '无', NULL, 'in_progress', NULL, 2, 'task_initiator', 1, 10, '2026-01-06 10:05:34', '2026-01-06 10:28:47', '2026-01-06 02:19:40', '2026-01-06 02:23:09');
INSERT INTO `tasks` VALUES (6, '智云一体机', '应用材料（中国）有限公司', '2026-01-07', '2026-01-15', 6, NULL, NULL, NULL, NULL, 'cancelled', 'aXas', 2, 'task_initiator', 1, NULL, '2026-01-06 10:06:39', '2026-01-18 10:02:07', NULL, NULL);
INSERT INTO `tasks` VALUES (7, '算例服务', '康宝莱（上海）管理有限公司', '2026-01-08', '2026-01-15', 8, NULL, NULL, NULL, NULL, 'confirmed', NULL, 2, 'task_initiator', 1, 3, '2026-01-06 10:07:40', '2026-01-06 10:16:51', '2026-01-06 02:16:51', NULL);
INSERT INTO `tasks` VALUES (8, '测试', '测试', '2026-01-22', '2026-01-23', 5, 'www', 'wdada', 'asdada', NULL, 'in_progress', NULL, 2, 'task_initiator', 1, 3, '2026-01-06 10:44:43', '2026-01-06 10:47:06', '2026-01-06 02:45:13', '2026-01-06 02:45:44');
INSERT INTO `tasks` VALUES (9, 'asda', 'asdasd', '2026-01-21', '2026-01-29', 5, 'asdad', 'asda', 'dasda', NULL, 'in_progress', NULL, 2, 'task_initiator', 1, 10, '2026-01-06 11:30:45', '2026-01-12 11:09:37', '2026-01-06 03:31:38', '2026-01-12 02:02:43');
INSERT INTO `tasks` VALUES (10, 'asdas', 'sda', '2026-01-06', '2026-01-08', 5, 'asdas', 'ada', 'asda', NULL, 'in_progress', NULL, 2, 'task_initiator', 1, 10, '2026-01-06 11:37:44', '2026-01-06 11:40:00', '2026-01-06 03:38:01', '2026-01-06 03:38:53');
INSERT INTO `tasks` VALUES (11, '晓助理', '工商BD', '2026-01-28', '2026-01-29', 5, 'asdd', 'dsaf', 'asfasf', NULL, 'in_progress', NULL, 2, 'task_initiator', 1, 3, '2026-01-09 13:40:34', '2026-01-09 14:21:08', '2026-01-09 06:09:32', '2026-01-09 06:12:02');
INSERT INTO `tasks` VALUES (12, 'adsfsa', 'afas', '2026-01-08', '2026-01-09', 5, NULL, NULL, NULL, NULL, 'cancelled', 'gwes', 2, 'task_initiator', 1, NULL, '2026-01-09 15:30:19', '2026-01-18 10:31:21', NULL, NULL);
INSERT INTO `tasks` VALUES (13, 'asdasda', 'sdad', '2026-01-27', '2026-01-29', 5, NULL, NULL, NULL, NULL, 'rejected', 'cascas', 2, 'task_initiator', 1, NULL, '2026-01-09 15:47:16', '2026-01-14 14:02:58', NULL, NULL);
INSERT INTO `tasks` VALUES (14, 'asaf', 'asf', '2026-01-09', '2026-01-10', 5, NULL, NULL, NULL, NULL, 'rejected', 'qwdq', 2, 'task_initiator', 1, NULL, '2026-01-09 15:49:04', '2026-01-15 15:09:55', NULL, NULL);
INSERT INTO `tasks` VALUES (15, 'asda', 'asda', '2026-01-09', '2026-01-10', 5, NULL, NULL, NULL, NULL, 'cancelled', 'nf', 2, 'task_initiator', 1, NULL, '2026-01-09 15:51:13', '2026-01-18 10:31:11', NULL, NULL);
INSERT INTO `tasks` VALUES (16, 'daqw', 'fqwfq', '2026-01-09', '2026-01-17', 5, NULL, NULL, NULL, NULL, 'rejected', 'asdas', 2, 'task_initiator', 1, NULL, '2026-01-09 15:51:51', '2026-01-14 14:03:39', NULL, NULL);
INSERT INTO `tasks` VALUES (17, 'asdasd', 'asd', '2026-01-28', '2026-01-30', 6, NULL, NULL, NULL, NULL, 'rejected', 'asdas', 2, 'task_initiator', 1, NULL, '2026-01-09 15:54:08', '2026-01-16 13:08:35', NULL, NULL);
INSERT INTO `tasks` VALUES (18, 'asdas', 'asd', '2026-01-29', '2026-01-30', 6, NULL, NULL, NULL, NULL, 'confirmed', NULL, 2, 'task_initiator', 1, 10, '2026-01-09 15:59:47', '2026-01-12 10:50:12', '2026-01-12 02:50:12', NULL);
INSERT INTO `tasks` VALUES (19, 'asdasd', 'asdasd', '2026-01-28', '2026-01-29', 4, NULL, NULL, NULL, NULL, 'rejected', 'adad', 2, 'task_initiator', 1, NULL, '2026-01-12 09:32:50', '2026-01-14 14:03:14', NULL, NULL);
INSERT INTO `tasks` VALUES (20, 'asda', 'dasda', '2026-01-20', '2026-01-21', 6, 'asda', 'asdas', 'asdsa', '2026-01-14 00:00:00.000000', 'in_progress', NULL, 2, 'task_initiator', 1, 3, '2026-01-12 09:35:45', '2026-01-14 09:23:08', '2026-01-12 03:07:02', '2026-01-12 03:07:22');
INSERT INTO `tasks` VALUES (21, 'asda', 'asda', '2026-01-27', '2026-01-28', 6, NULL, NULL, NULL, NULL, 'confirmed', NULL, 2, 'task_initiator', 1, 10, '2026-01-12 09:38:43', '2026-01-12 10:49:32', '2026-01-12 02:49:33', NULL);
INSERT INTO `tasks` VALUES (22, 'asda', 'asdas', '2026-01-27', '2026-01-28', 3, 'asda', 'asdas', 'asdas', NULL, 'in_progress', NULL, 2, 'task_initiator', 1, 10, '2026-01-12 09:45:08', '2026-01-12 10:11:37', '2026-01-12 02:10:21', '2026-01-12 02:10:40');
INSERT INTO `tasks` VALUES (23, 'asda', 'asdas', '2026-01-27', '2026-01-28', 3, 'asdsad', 'asda', 'das', NULL, 'dispatched', NULL, 2, 'task_initiator', 1, 10, '2026-01-12 09:45:50', '2026-01-12 10:03:14', '2026-01-12 02:01:59', '2026-01-12 02:02:49');
INSERT INTO `tasks` VALUES (24, 'dwd', 'qwdqw', '2026-01-27', '2026-01-28', 6, 'asdsad', 'asdasd', 'asdsadsad', NULL, 'in_progress', NULL, 2, 'task_initiator', 1, 3, '2026-01-12 09:50:27', '2026-01-14 09:58:14', '2026-01-12 01:57:57', '2026-01-12 01:58:17');
INSERT INTO `tasks` VALUES (25, 'asdad', '互联网BD/信网部,战略BD', '2026-01-27', '2026-01-30', 6, NULL, NULL, NULL, NULL, 'rejected', 'asdas', 2, 'task_initiator', 1, NULL, '2026-01-12 11:25:09', '2026-01-14 14:03:25', NULL, NULL);
INSERT INTO `tasks` VALUES (26, 'asda', '理想公司', '2026-01-28', '2026-01-29', 6, 'asdas', 'asda', 'asda', '2026-01-12 00:00:00.000000', 'dispatched', NULL, 2, 'task_initiator', 1, 33, '2026-01-12 13:46:35', '2026-01-12 14:20:56', '2026-01-12 05:52:41', '2026-01-12 06:20:08');
INSERT INTO `tasks` VALUES (27, '测试', '理想公司', '2026-01-28', '2026-01-29', 6, 'asda', '工商', '啊实打实', '2026-01-13 00:00:00.000000', 'dispatched', NULL, 2, 'task_initiator', 1, 33, '2026-01-12 14:10:47', '2026-01-12 14:20:51', '2026-01-12 06:11:08', '2026-01-12 06:12:09');
INSERT INTO `tasks` VALUES (28, 'sdfgh', '理想公司,宝山', '2026-01-21', '2026-01-22', 6, NULL, NULL, NULL, NULL, 'in_progress', NULL, 2, 'task_initiator', 1, 34, '2026-01-12 14:39:19', '2026-01-14 09:35:42', '2026-01-12 06:40:18', '2026-01-12 07:33:12');
INSERT INTO `tasks` VALUES (29, '理想公司', '理想公司', '2026-01-28', '2026-01-30', 40, NULL, NULL, NULL, NULL, 'in_progress', NULL, 2, 'task_initiator', 1, NULL, '2026-01-12 15:56:13', '2026-01-14 09:23:03', '2026-01-12 07:57:11', '2026-01-12 08:05:58');
INSERT INTO `tasks` VALUES (30, '测试', '宝山', '2026-01-27', '2026-01-28', 56, NULL, NULL, NULL, NULL, 'in_progress', NULL, 36, 'task_initiator', 1, NULL, '2026-01-13 10:24:12', '2026-01-13 10:45:31', '2026-01-13 02:32:02', '2026-01-13 02:32:29');
INSERT INTO `tasks` VALUES (31, 'asdas', '宝山', '2026-01-27', '2026-01-28', 10, NULL, NULL, NULL, NULL, 'cancelled', 'wqf', 36, 'task_initiator', 1, NULL, '2026-01-13 11:16:16', '2026-01-22 15:48:43', '2026-01-13 03:17:09', '2026-01-13 03:17:39');
INSERT INTO `tasks` VALUES (32, 'adadas', '理想公司', '2026-01-21', '2026-01-30', 10, NULL, NULL, NULL, NULL, 'in_progress', NULL, 2, 'task_initiator', 1, NULL, '2026-01-14 09:19:49', '2026-01-14 09:23:06', '2026-01-14 01:20:04', '2026-01-14 01:20:43');
INSERT INTO `tasks` VALUES (33, 'asdsadas', '宝山', '2026-01-14', '2026-01-16', 10, NULL, NULL, NULL, NULL, 'completed', NULL, 36, 'task_initiator', 1, NULL, '2026-01-14 11:25:39', '2026-04-23 15:48:36', '2026-01-14 03:26:40', '2026-01-14 03:28:14');
INSERT INTO `tasks` VALUES (34, '测试', '理想公司', '2026-01-14', '2026-01-31', 5, NULL, NULL, NULL, NULL, 'in_progress', NULL, 2, 'task_initiator', 1, NULL, '2026-01-14 13:13:09', '2026-01-14 13:16:47', '2026-01-14 05:13:27', '2026-01-14 05:14:24');
INSERT INTO `tasks` VALUES (35, '宝山项目', '宝山,理想公司', '2026-01-14', '2026-01-31', 15, NULL, NULL, NULL, NULL, 'in_progress', NULL, 2, 'task_initiator', 1, NULL, '2026-01-14 14:13:48', '2026-01-15 09:01:30', '2026-01-14 06:14:06', '2026-01-14 06:15:07');
INSERT INTO `tasks` VALUES (36, '宝山', '宝山,理想公司', '2026-01-14', '2026-01-30', 15, NULL, NULL, NULL, NULL, 'completed', NULL, 36, 'task_initiator', 1, NULL, '2026-01-14 15:04:39', '2026-04-23 15:48:36', '2026-01-14 07:06:09', '2026-01-14 07:06:37');
INSERT INTO `tasks` VALUES (37, '任务1', '宝山,理想公司', '2026-01-15', '2026-01-23', 80, NULL, NULL, NULL, NULL, 'in_progress', NULL, 36, 'task_initiator', 1, NULL, '2026-01-15 15:11:52', '2026-01-15 15:15:50', '2026-01-15 07:12:18', '2026-01-15 07:13:02');
INSERT INTO `tasks` VALUES (38, '任务2', '宝山,理想公司', '2026-01-21', '2026-01-31', 50, NULL, NULL, NULL, NULL, 'in_progress', NULL, 2, 'task_initiator', 1, NULL, '2026-01-16 12:50:05', '2026-01-16 12:52:27', '2026-01-16 04:50:41', '2026-01-16 04:51:39');
INSERT INTO `tasks` VALUES (39, 'asdasdasd', '宝山,理想公司', '2026-01-28', '2026-01-31', 526, NULL, NULL, NULL, NULL, 'cancelled', 'hauda', 2, 'task_initiator', 1, NULL, '2026-01-16 13:02:10', '2026-01-16 13:15:36', '2026-01-16 05:02:24', '2026-01-16 05:02:47');
INSERT INTO `tasks` VALUES (40, 'asdsa', '宝山', '2026-01-28', '2026-01-31', 10, NULL, NULL, NULL, NULL, 'in_progress', NULL, 2, 'task_initiator', 1, NULL, '2026-01-16 13:11:33', '2026-01-20 13:40:35', '2026-01-16 05:12:28', '2026-01-16 05:13:49');
INSERT INTO `tasks` VALUES (41, 'qwdqwfqw', '东区,西区,中区,宝山', '2026-01-21', '2026-01-24', 2, NULL, NULL, NULL, NULL, 'in_progress', NULL, 36, 'task_initiator', 1, NULL, '2026-01-21 10:01:57', '2026-01-22 10:44:42', '2026-01-21 02:02:24', '2026-01-21 02:02:56');
INSERT INTO `tasks` VALUES (42, 'qwdwq', '全部', '2026-01-22', '2026-01-24', 10, NULL, NULL, NULL, NULL, 'confirmed', NULL, 36, 'task_initiator', 1, NULL, '2026-01-22 14:03:32', '2026-01-22 14:10:05', '2026-01-22 06:10:06', NULL);
INSERT INTO `tasks` VALUES (43, 'wqdqw', '全部', '2026-01-22', '2026-01-24', 10, NULL, NULL, NULL, NULL, 'confirmed', NULL, 36, 'task_initiator', 1, NULL, '2026-01-22 14:14:21', '2026-01-22 15:27:32', '2026-01-22 07:27:33', NULL);
INSERT INTO `tasks` VALUES (44, 'asdada', '中区,北区,浦东,西区,东区,金山,工商BD,数集', '2026-01-21', '2026-01-23', 20, NULL, NULL, NULL, NULL, 'cancelled', 'wefwe', 36, 'task_initiator', 1, NULL, '2026-01-22 14:31:17', '2026-01-22 14:36:41', '2026-01-22 06:31:35', NULL);
INSERT INTO `tasks` VALUES (45, 'dqwd', '东区,中区,西区,北区,金山,浦东,嘉定,青浦,南区,科创BD（含号百）', '2026-01-22', '2026-01-31', 50, NULL, NULL, NULL, NULL, 'cancelled', NULL, 36, 'task_initiator', 1, NULL, '2026-01-22 14:38:25', '2026-01-22 14:42:58', '2026-01-22 06:42:52', NULL);
INSERT INTO `tasks` VALUES (46, 'qwfqw', '全部', '2026-01-21', '2026-01-24', 12, NULL, NULL, NULL, NULL, 'confirmed', NULL, 36, 'task_initiator', 1, NULL, '2026-01-22 14:59:11', '2026-01-22 15:15:00', '2026-01-22 07:15:01', NULL);
INSERT INTO `tasks` VALUES (47, 'qwdqw', '东区,中区,西区,北区,金山,浦东,嘉定,莘闵,南区,科创BD（含号百）,青浦,松江,数集', '2026-01-23', '2026-01-31', 50, NULL, NULL, NULL, NULL, 'cancelled', 'qwdq', 36, 'task_initiator', 1, NULL, '2026-01-22 14:59:23', '2026-01-22 16:05:30', NULL, NULL);
INSERT INTO `tasks` VALUES (48, 'test', '全部', '2026-01-23', '2026-01-31', 15, NULL, NULL, NULL, NULL, 'confirmed', NULL, 36, 'task_initiator', 1, NULL, '2026-01-23 09:14:25', '2026-01-26 14:13:03', '2026-01-26 06:13:03', NULL);
INSERT INTO `tasks` VALUES (49, 'twtetfewt', '全部', '2026-01-23', '2026-01-30', 15, NULL, NULL, NULL, NULL, 'confirmed', NULL, 36, 'task_initiator', 1, NULL, '2026-01-23 09:15:23', '2026-01-26 14:13:58', '2026-01-26 06:13:58', NULL);
INSERT INTO `tasks` VALUES (50, 'asdasd', '中区,东区', '2026-01-16', '2026-01-31', 12, NULL, NULL, NULL, NULL, 'rejected', 'ewfwe', 36, 'task_initiator', 1, NULL, '2026-01-23 09:17:19', '2026-01-26 14:14:13', NULL, NULL);
INSERT INTO `tasks` VALUES (51, 'asda', '全部', '2026-01-23', '2026-01-24', 10, NULL, NULL, NULL, NULL, 'confirmed', NULL, 36, 'task_initiator', 1, NULL, '2026-01-23 09:21:21', '2026-01-23 09:21:35', '2026-01-23 01:21:36', NULL);
INSERT INTO `tasks` VALUES (52, 'asdas', '全部', '2026-01-23', '2026-01-31', 15, NULL, NULL, NULL, NULL, 'confirmed', NULL, 36, 'task_initiator', 1, NULL, '2026-01-23 09:25:13', '2026-01-23 09:30:59', '2026-01-23 01:30:59', NULL);
INSERT INTO `tasks` VALUES (53, 'asda', '西区,浦东,公共BD,北区,金山,东区,中区,数集,嘉定', '2026-01-16', '2026-01-24', 12, NULL, NULL, NULL, NULL, 'rejected', 'wefw', 36, 'task_initiator', 1, NULL, '2026-01-23 09:25:26', '2026-01-26 14:13:50', NULL, NULL);
INSERT INTO `tasks` VALUES (54, 'asdas', '宝山,互联网BD/信网部,战略BD,奉贤,崇明', '2026-01-23', '2026-01-31', 12, NULL, NULL, NULL, NULL, 'rejected', '3fw', 36, 'task_initiator', 1, NULL, '2026-01-23 09:25:59', '2026-01-26 14:13:23', NULL, NULL);
INSERT INTO `tasks` VALUES (55, '测试任务2026', '全部', '2026-01-23', '2026-01-31', 20, NULL, NULL, NULL, NULL, 'dispatched', NULL, 36, 'task_initiator', 1, NULL, '2026-01-23 09:33:12', '2026-01-23 10:05:07', '2026-01-23 01:33:27', '2026-01-23 02:04:32');
INSERT INTO `tasks` VALUES (56, 'asda', '全部', '2026-01-23', '2026-01-31', 20, NULL, NULL, NULL, NULL, 'confirmed', NULL, 36, 'task_initiator', 1, NULL, '2026-01-23 17:10:21', '2026-01-26 14:13:33', '2026-01-26 06:13:34', NULL);
INSERT INTO `tasks` VALUES (57, 'asdasd', '中区,北区,浦东,金山,西区,东区,政务BD,互联网部', '2026-01-23', '2026-01-31', 10, NULL, NULL, NULL, NULL, 'draft', NULL, 36, 'task_initiator', NULL, NULL, '2026-01-23 17:14:51', '2026-01-23 17:19:39', NULL, NULL);
INSERT INTO `tasks` VALUES (58, '123', '东区,中区,西区,北区', '2026-01-21', '2026-01-29', 15, NULL, NULL, NULL, NULL, 'rejected', 'sada', 36, 'task_initiator', 1, NULL, '2026-01-26 15:02:01', '2026-01-26 15:47:41', NULL, NULL);
INSERT INTO `tasks` VALUES (59, '7777', '全部', '2026-01-22', '2026-01-30', 10, NULL, NULL, NULL, NULL, 'completed', NULL, 36, 'task_initiator', 1, NULL, '2026-01-26 15:02:53', '2026-04-23 15:48:36', '2026-01-26 07:03:10', '2026-01-26 07:03:55');
INSERT INTO `tasks` VALUES (60, '8888', '理想公司,宝山', '2026-01-22', '2026-01-30', 50, NULL, NULL, NULL, NULL, 'completed', NULL, 36, 'task_initiator', 1, NULL, '2026-01-26 15:32:07', '2026-04-10 15:49:41', '2026-01-26 07:32:55', '2026-01-26 07:46:14');
INSERT INTO `tasks` VALUES (61, '999999999999999', '宝山,理想公司', '2026-01-22', '2026-01-31', 50, NULL, NULL, NULL, NULL, 'confirmed', NULL, 36, 'task_initiator', 1, NULL, '2026-01-26 15:35:10', '2026-01-26 15:47:48', '2026-01-26 07:47:49', NULL);
INSERT INTO `tasks` VALUES (62, '222222222222', '宝山,理想公司', '2026-01-26', '2026-01-30', 20, NULL, NULL, NULL, NULL, 'in_progress', NULL, 36, 'sales_contact', 1, NULL, '2026-01-26 15:43:55', '2026-04-07 09:48:34', '2026-01-26 07:44:14', '2026-01-26 07:44:44');
INSERT INTO `tasks` VALUES (63, 'asdas', '全部', '2026-01-08', '2026-01-30', 20, NULL, NULL, NULL, NULL, 'in_progress', NULL, 36, 'task_initiator', 1, NULL, '2026-01-28 13:40:59', '2026-04-07 09:48:31', '2026-01-28 07:10:38', '2026-01-28 07:20:42');
INSERT INTO `tasks` VALUES (64, '测试任务', '东区,中区,西区', '2026-01-22', '2026-01-30', 20, NULL, NULL, NULL, NULL, 'cancelled', NULL, 36, 'task_initiator', 1, NULL, '2026-01-28 15:02:16', '2026-01-28 15:10:59', NULL, NULL);
INSERT INTO `tasks` VALUES (65, '测试任务1', '海卓', '2026-01-28', '2026-01-29', 20, NULL, NULL, NULL, NULL, 'dispatched', NULL, 36, 'task_initiator', 1, NULL, '2026-01-28 16:04:35', '2026-01-28 16:14:26', '2026-01-28 08:05:57', '2026-01-28 08:10:48');
INSERT INTO `tasks` VALUES (66, '测试任务2', '海卓', '2026-01-28', '2026-01-30', 30, NULL, NULL, NULL, NULL, 'dispatched', NULL, 36, 'task_initiator', 1, NULL, '2026-01-28 16:04:50', '2026-01-28 16:13:56', '2026-01-28 08:05:53', '2026-01-28 08:07:07');
INSERT INTO `tasks` VALUES (67, '测试任务3', '海卓', '2026-01-29', '2026-01-31', 12, NULL, NULL, NULL, NULL, 'confirmed', NULL, 36, 'task_initiator', 1, NULL, '2026-01-29 09:45:11', '2026-01-29 11:11:50', '2026-01-29 03:11:50', '2026-01-29 01:46:48');
INSERT INTO `tasks` VALUES (68, '测试任务4', '海卓,恒联', '2026-01-29', '2026-01-31', 5, NULL, NULL, NULL, NULL, 'confirmed', NULL, 36, 'task_initiator', 1, NULL, '2026-01-29 13:08:35', '2026-01-29 13:48:12', '2026-01-29 05:48:12', '2026-01-29 05:47:15');
INSERT INTO `tasks` VALUES (69, '理想公司', '海卓', '2026-01-29', '2026-01-31', 30, NULL, NULL, NULL, NULL, 'confirmed', NULL, 36, 'task_initiator', 1, NULL, '2026-01-29 14:41:01', '2026-01-29 15:24:29', '2026-01-29 06:41:28', '2026-01-29 07:24:30');
INSERT INTO `tasks` VALUES (70, '测试任务', '海卓', '2026-01-29', '2026-01-31', 20, NULL, NULL, NULL, NULL, 'draft', NULL, 46, 'sales_contact', NULL, NULL, '2026-01-29 16:07:01', '2026-01-29 16:07:01', NULL, NULL);
INSERT INTO `tasks` VALUES (71, 'gerer', '云能力中心,阿网', '2026-03-13', '2026-03-21', 2, NULL, NULL, NULL, NULL, 'cancelled', 'erre', 36, 'task_initiator', 1, NULL, '2026-03-13 13:29:52', '2026-04-15 11:16:09', NULL, NULL);
INSERT INTO `tasks` VALUES (72, '宝山', '销售单位 - 宝山', '2026-04-29', '2026-04-30', 10, NULL, NULL, NULL, NULL, 'completed', NULL, 36, 'task_initiator', 1, NULL, '2026-04-07 14:06:21', '2026-04-08 16:59:12', '2026-04-07 06:06:44', '2026-04-07 06:16:38');
INSERT INTO `tasks` VALUES (73, '一体机', '销售单位 - 宝山', '2026-04-22', '2026-05-27', 50, NULL, NULL, NULL, NULL, 'completed', NULL, 36, 'sales_contact', 1, NULL, '2026-04-22 12:28:21', '2026-04-22 13:14:16', '2026-04-22 04:28:48', '2026-04-22 04:30:31');
INSERT INTO `tasks` VALUES (74, '测试任务', '销售单位 - 宝山', '2026-04-22', '2026-05-26', 20, NULL, NULL, NULL, NULL, 'in_progress', NULL, 36, 'task_initiator', 1, NULL, '2026-04-22 12:32:58', '2026-04-22 12:37:30', '2026-04-22 04:33:13', '2026-04-22 04:35:30');
INSERT INTO `tasks` VALUES (75, '智云一体机', '销售单位 - 宝山', '2026-04-22', '2026-05-25', 60, NULL, NULL, NULL, NULL, 'in_progress', NULL, 36, 'task_initiator', 1, NULL, '2026-04-22 14:59:22', '2026-04-22 15:14:56', '2026-04-22 07:01:51', '2026-04-22 07:03:12');
INSERT INTO `tasks` VALUES (76, '区别测试', '销售单位 - 宝山', '2026-04-23', '2026-05-28', 20, NULL, NULL, NULL, NULL, 'confirmed', NULL, 36, 'sales_contact', 1, NULL, '2026-04-27 09:42:07', '2026-04-27 09:42:35', '2026-04-27 01:42:36', NULL);
INSERT INTO `tasks` VALUES (77, '百度集团', '销售单位 - 宝山', '2026-04-27', '2026-04-30', 20, NULL, NULL, NULL, NULL, 'dispatched', NULL, 36, 'task_initiator', 1, NULL, '2026-04-27 15:32:35', '2026-04-27 15:33:27', '2026-04-27 07:32:53', '2026-04-27 07:33:27');
INSERT INTO `tasks` VALUES (78, '测试数据', '销售单位 - 金融BD', '2026-04-28', '2026-05-02', 10, NULL, NULL, NULL, NULL, 'cancelled', NULL, 36, 'task_initiator', 1, NULL, '2026-04-28 09:36:03', '2026-04-28 09:55:25', '2026-04-28 01:52:49', NULL);
INSERT INTO `tasks` VALUES (79, '测试数据', '销售单位 - 战略BD', '2026-04-28', '2026-04-30', 10, NULL, NULL, NULL, NULL, 'completed', NULL, 36, 'task_initiator', 1, NULL, '2026-04-28 09:55:56', '2026-04-28 10:20:41', '2026-04-28 01:56:12', '2026-04-28 02:08:06');
INSERT INTO `tasks` VALUES (80, '测试测试', '销售单位 - 战略BD', '2026-04-28', '2026-05-01', 10, NULL, NULL, NULL, NULL, 'in_progress', NULL, 52, 'task_initiator', 1, NULL, '2026-04-28 10:25:53', '2026-04-28 10:27:54', '2026-04-28 02:26:08', '2026-04-28 02:27:26');
INSERT INTO `tasks` VALUES (81, '测试测试', '云能力中心', '2026-04-29', '2026-04-30', 10, NULL, NULL, NULL, NULL, 'completed', NULL, 53, 'task_initiator', 1, NULL, '2026-04-28 10:38:21', '2026-04-28 10:46:48', '2026-04-28 02:38:39', '2026-04-28 02:40:32');
INSERT INTO `tasks` VALUES (82, '测试测试', '云能力中心', '2026-04-28', '2026-05-03', 10, NULL, NULL, NULL, NULL, 'in_progress', NULL, 53, 'task_initiator', 1, NULL, '2026-04-28 14:42:30', '2026-04-28 15:16:00', '2026-04-28 06:43:31', '2026-04-28 06:47:10');
INSERT INTO `tasks` VALUES (83, '测试测试', '云能力中心', '2026-04-28', '2026-04-30', 1, NULL, NULL, NULL, NULL, 'draft', NULL, 53, 'task_initiator', NULL, NULL, '2026-04-28 15:51:20', '2026-04-28 15:51:20', NULL, NULL);
INSERT INTO `tasks` VALUES (84, '测试数据', '全部', '2026-05-06', '2026-05-08', 10, NULL, NULL, NULL, NULL, 'confirmed', NULL, 36, 'task_initiator', 1, NULL, '2026-05-06 13:57:25', '2026-05-06 13:58:34', '2026-05-06 05:57:44', '2026-05-06 05:58:34');
INSERT INTO `tasks` VALUES (85, '测试', '销售单位 - 战略BD', '2026-05-06', '2026-05-08', 1, NULL, NULL, NULL, NULL, 'confirmed', NULL, 36, 'task_initiator', 1, NULL, '2026-05-06 14:03:11', '2026-05-06 14:04:45', '2026-05-06 06:04:45', NULL);

-- ----------------------------
-- Table structure for user_roles
-- ----------------------------
DROP TABLE IF EXISTS `user_roles`;
CREATE TABLE `user_roles`  (
  `id` int(11) NOT NULL AUTO_INCREMENT,
  `user_id` int(11) NOT NULL COMMENT '用户ID',
  `role` enum('TASK_INITIATOR','MANAGER','SALES_CONTACT','TEAM_LEADER','MEMBER') CHARACTER SET utf8mb4 COLLATE utf8mb4_unicode_ci NOT NULL COMMENT '角色',
  `sales_unit` varchar(100) CHARACTER SET utf8mb4 COLLATE utf8mb4_unicode_ci NULL DEFAULT NULL COMMENT '所属销售单位',
  `is_current` tinyint(1) NULL DEFAULT NULL COMMENT '是否为当前激活的角色',
  `is_active` tinyint(1) NULL DEFAULT NULL COMMENT '该角色身份是否激活',
  `approval_status` varchar(20) CHARACTER SET utf8mb4 COLLATE utf8mb4_unicode_ci NULL DEFAULT NULL COMMENT '审核状态',
  `rejection_reason` varchar(500) CHARACTER SET utf8mb4 COLLATE utf8mb4_unicode_ci NULL DEFAULT NULL COMMENT '拒绝原因',
  `approved_at` datetime NULL DEFAULT NULL COMMENT '审核通过时间',
  `approved_by` int(11) NULL DEFAULT NULL COMMENT '审核人ID',
  `created_at` datetime NULL DEFAULT CURRENT_TIMESTAMP COMMENT '创建时间',
  `updated_at` datetime NULL DEFAULT CURRENT_TIMESTAMP COMMENT '更新时间',
  PRIMARY KEY (`id`) USING BTREE,
  UNIQUE INDEX `idx_user_role`(`user_id`, `role`) USING BTREE,
  INDEX `ix_user_roles_id`(`id`) USING BTREE,
  CONSTRAINT `user_roles_ibfk_1` FOREIGN KEY (`user_id`) REFERENCES `users` (`id`) ON DELETE CASCADE ON UPDATE RESTRICT
) ENGINE = InnoDB AUTO_INCREMENT = 65 CHARACTER SET = utf8mb4 COLLATE = utf8mb4_unicode_ci ROW_FORMAT = Dynamic;

-- ----------------------------
-- Records of user_roles
-- ----------------------------
INSERT INTO `user_roles` VALUES (1, 1, 'MANAGER', '海卓', 1, 1, 'approved', NULL, NULL, NULL, '2026-01-13 09:12:56', '2026-01-13 09:12:56');
INSERT INTO `user_roles` VALUES (2, 2, 'TASK_INITIATOR', '海卓', 1, 1, 'approved', NULL, NULL, NULL, '2026-01-13 09:12:56', '2026-01-13 09:12:56');
INSERT INTO `user_roles` VALUES (3, 3, 'SALES_CONTACT', 'BD', 1, 1, 'approved', NULL, NULL, NULL, '2026-01-13 09:12:56', '2026-01-13 09:12:56');
INSERT INTO `user_roles` VALUES (4, 4, 'TEAM_LEADER', '恒联', 1, 1, 'approved', NULL, NULL, NULL, '2026-01-13 09:12:56', '2026-01-13 09:12:56');
INSERT INTO `user_roles` VALUES (5, 5, 'MEMBER', '海卓', 1, 1, 'approved', NULL, NULL, NULL, '2026-01-13 09:12:56', '2026-01-13 09:12:56');
INSERT INTO `user_roles` VALUES (6, 6, 'TEAM_LEADER', '海卓', 1, 1, 'approved', NULL, NULL, NULL, '2026-01-13 09:12:56', '2026-01-13 09:12:56');
INSERT INTO `user_roles` VALUES (7, 7, 'MEMBER', '阿网', 1, 1, 'approved', NULL, NULL, NULL, '2026-01-13 09:12:56', '2026-01-13 09:12:56');
INSERT INTO `user_roles` VALUES (8, 8, 'MEMBER', '海卓', 1, 1, 'approved', NULL, NULL, NULL, '2026-01-13 09:12:56', '2026-01-13 09:12:56');
INSERT INTO `user_roles` VALUES (9, 9, 'TEAM_LEADER', '云能力中心', 1, 1, 'approved', NULL, NULL, NULL, '2026-01-13 09:12:56', '2026-01-13 09:12:56');
INSERT INTO `user_roles` VALUES (10, 10, 'SALES_CONTACT', '恒联', 1, 1, 'approved', NULL, NULL, NULL, '2026-01-13 09:12:56', '2026-01-13 09:12:56');
INSERT INTO `user_roles` VALUES (14, 31, 'SALES_CONTACT', '销售单位 - 理想公司', 1, 1, 'approved', NULL, '2026-01-12 05:28:23', 1, '2026-01-13 09:12:56', '2026-01-13 09:12:56');
INSERT INTO `user_roles` VALUES (16, 33, 'SALES_CONTACT', '销售单位 - 理想公司', 1, 1, 'approved', NULL, '2026-01-12 05:45:28', 1, '2026-01-13 09:12:56', '2026-01-13 09:12:56');
INSERT INTO `user_roles` VALUES (17, 34, 'SALES_CONTACT', '销售单位 - 理想公司', 1, 1, 'approved', NULL, '2026-01-12 06:36:35', 1, '2026-01-13 09:12:56', '2026-01-13 09:12:56');
INSERT INTO `user_roles` VALUES (18, 35, 'MEMBER', '销售单位 - 公共BD', 0, 1, 'approved', NULL, '2026-01-13 01:41:20', 1, '2026-01-13 09:34:09', '2026-04-22 14:17:54');
INSERT INTO `user_roles` VALUES (19, 35, 'TEAM_LEADER', '销售单位 - 公共BD', 1, 1, 'approved', NULL, '2026-01-13 01:41:20', 1, '2026-01-13 09:34:09', '2026-04-22 14:17:54');
INSERT INTO `user_roles` VALUES (20, 36, 'MEMBER', '销售单位 - 宝山', 0, 1, 'approved', NULL, '2026-01-13 02:10:00', 1, '2026-01-13 10:09:44', '2026-05-08 10:08:21');
INSERT INTO `user_roles` VALUES (21, 36, 'TEAM_LEADER', '销售单位 - 宝山', 0, 1, 'approved', NULL, '2026-01-13 02:10:00', 1, '2026-01-13 10:09:44', '2026-05-08 10:08:43');
INSERT INTO `user_roles` VALUES (22, 36, 'TASK_INITIATOR', '销售单位 - 宝山', 0, 1, 'approved', NULL, '2026-01-13 02:10:00', 1, '2026-01-13 10:09:45', '2026-05-06 15:40:53');
INSERT INTO `user_roles` VALUES (23, 36, 'SALES_CONTACT', '销售单位 - 宝山', 1, 1, 'approved', NULL, '2026-01-13 02:10:00', 1, '2026-01-13 10:09:45', '2026-05-08 10:08:43');
INSERT INTO `user_roles` VALUES (24, 37, 'MEMBER', '销售单位 - 浦东', 1, 1, 'approved', NULL, '2026-01-13 03:12:19', 1, '2026-01-13 10:55:52', '2026-05-08 15:01:19');
INSERT INTO `user_roles` VALUES (25, 37, 'TEAM_LEADER', '销售单位 - 浦东', 0, 1, 'approved', NULL, '2026-01-13 03:12:19', 1, '2026-01-13 10:55:52', '2026-05-08 15:01:19');
INSERT INTO `user_roles` VALUES (26, 38, 'TASK_INITIATOR', '云能力中心', 1, 1, 'approved', NULL, '2026-01-14 05:48:43', 1, '2026-01-14 13:48:42', '2026-01-14 13:48:42');
INSERT INTO `user_roles` VALUES (27, 38, 'SALES_CONTACT', '云能力中心', 0, 1, 'approved', NULL, '2026-01-14 05:48:43', 1, '2026-01-14 13:48:42', '2026-01-14 13:48:42');
INSERT INTO `user_roles` VALUES (28, 39, 'TASK_INITIATOR', '销售单位 - 金山', 0, 1, 'approved', NULL, '2026-01-14 05:49:22', 1, '2026-01-14 13:49:22', '2026-01-14 13:59:28');
INSERT INTO `user_roles` VALUES (29, 39, 'SALES_CONTACT', '销售单位 - 金山', 1, 1, 'approved', NULL, '2026-01-14 05:49:22', 1, '2026-01-14 13:49:22', '2026-01-14 13:59:28');
INSERT INTO `user_roles` VALUES (30, 39, 'TEAM_LEADER', '销售单位 - 金山', 0, 1, 'approved', NULL, '2026-01-14 05:49:22', 1, '2026-01-14 13:49:22', '2026-01-14 13:59:28');
INSERT INTO `user_roles` VALUES (38, 45, 'MEMBER', '恒联', 1, 1, 'approved', NULL, '2026-01-28 07:10:29', 1, '2026-01-28 15:06:23', '2026-01-28 15:10:28');
INSERT INTO `user_roles` VALUES (39, 46, 'SALES_CONTACT', '海卓', 1, 1, 'approved', NULL, '2026-01-28 07:51:54', 1, '2026-01-28 15:51:40', '2026-01-28 15:51:53');
INSERT INTO `user_roles` VALUES (40, 47, 'MEMBER', '云能力中心', 1, 1, 'approved', NULL, '2026-04-09 09:06:33', 1, '2026-04-09 17:06:32', '2026-04-09 17:06:32');
INSERT INTO `user_roles` VALUES (41, 46, 'MEMBER', '云能力中心', 0, 1, 'approved', NULL, '2026-04-10 02:46:49', 1, '2026-04-10 10:46:48', '2026-04-10 10:46:48');
INSERT INTO `user_roles` VALUES (42, 48, 'TEAM_LEADER', '恒联', 1, 1, 'approved', NULL, '2026-04-24 03:01:00', 1, '2026-04-24 11:00:59', '2026-04-24 11:00:59');
INSERT INTO `user_roles` VALUES (43, 48, 'MEMBER', '恒联', 0, 1, 'approved', NULL, '2026-04-24 03:01:00', 1, '2026-04-24 11:00:59', '2026-04-24 11:00:59');
INSERT INTO `user_roles` VALUES (44, 49, 'TEAM_LEADER', '恒联', 1, 1, 'approved', NULL, '2026-04-24 06:46:25', 1, '2026-04-24 14:46:24', '2026-05-06 14:13:48');
INSERT INTO `user_roles` VALUES (45, 49, 'MEMBER', '恒联', 0, 1, 'approved', NULL, '2026-04-24 06:46:25', 1, '2026-04-24 14:46:24', '2026-05-06 14:13:48');
INSERT INTO `user_roles` VALUES (46, 50, 'TEAM_LEADER', '阿网', 0, 1, 'approved', NULL, '2026-04-27 06:53:07', 1, '2026-04-27 14:53:07', '2026-04-27 14:53:38');
INSERT INTO `user_roles` VALUES (47, 50, 'MEMBER', '阿网', 0, 1, 'approved', NULL, '2026-04-27 06:53:07', 1, '2026-04-27 14:53:07', '2026-04-27 14:53:07');
INSERT INTO `user_roles` VALUES (48, 50, 'TASK_INITIATOR', '阿网', 1, 1, 'approved', NULL, '2026-04-27 06:53:07', 1, '2026-04-27 14:53:07', '2026-04-27 15:07:55');
INSERT INTO `user_roles` VALUES (49, 50, 'SALES_CONTACT', '阿网', 0, 1, 'approved', NULL, '2026-04-27 06:53:07', 1, '2026-04-27 14:53:07', '2026-04-27 15:07:55');
INSERT INTO `user_roles` VALUES (50, 51, 'TEAM_LEADER', '海卓', 1, 1, 'approved', NULL, '2026-04-28 01:49:34', 1, '2026-04-28 09:46:48', '2026-05-06 14:57:09');
INSERT INTO `user_roles` VALUES (51, 51, 'MEMBER', '海卓', 0, 1, 'approved', NULL, '2026-04-28 01:49:34', 1, '2026-04-28 09:46:48', '2026-05-06 14:57:09');
INSERT INTO `user_roles` VALUES (52, 51, 'SALES_CONTACT', '海卓', 0, 1, 'approved', NULL, '2026-04-28 01:54:13', 1, '2026-04-28 09:54:13', '2026-05-06 14:22:21');
INSERT INTO `user_roles` VALUES (53, 52, 'SALES_CONTACT', '销售单位 - 战略BD', 1, 1, 'approved', NULL, '2026-04-28 02:05:52', 1, '2026-04-28 10:05:52', '2026-04-28 10:26:16');
INSERT INTO `user_roles` VALUES (54, 52, 'TASK_INITIATOR', '销售单位 - 战略BD', 0, 1, 'approved', NULL, '2026-04-28 02:05:52', 1, '2026-04-28 10:05:52', '2026-04-28 10:26:16');
INSERT INTO `user_roles` VALUES (55, 53, 'SALES_CONTACT', '云能力中心', 1, 1, 'approved', NULL, '2026-04-28 02:36:31', 1, '2026-04-28 10:36:30', '2026-05-06 14:20:16');
INSERT INTO `user_roles` VALUES (56, 53, 'TASK_INITIATOR', '云能力中心', 0, 1, 'approved', NULL, '2026-04-28 02:36:31', 1, '2026-04-28 10:36:31', '2026-05-06 14:20:16');
INSERT INTO `user_roles` VALUES (57, 53, 'TEAM_LEADER', '云能力中心', 0, 1, 'approved', NULL, '2026-04-28 02:36:31', 1, '2026-04-28 10:36:31', '2026-04-28 14:42:02');
INSERT INTO `user_roles` VALUES (58, 53, 'MEMBER', '云能力中心', 0, 1, 'approved', NULL, '2026-04-28 02:36:31', 1, '2026-04-28 10:36:31', '2026-04-28 13:44:29');
INSERT INTO `user_roles` VALUES (59, 54, 'MEMBER', '政企群', 1, 1, 'approved', NULL, '2026-04-28 05:38:13', 1, '2026-04-28 13:37:56', '2026-04-28 13:38:12');
INSERT INTO `user_roles` VALUES (60, 54, 'TEAM_LEADER', '政企群', 0, 1, 'approved', NULL, '2026-04-28 05:38:13', 1, '2026-04-28 13:37:56', '2026-04-28 13:38:12');
INSERT INTO `user_roles` VALUES (61, 3, 'TEAM_LEADER', '海卓', 0, 1, 'approved', NULL, '2026-04-28 06:08:46', 1, '2026-04-28 14:08:45', '2026-04-28 14:08:45');
INSERT INTO `user_roles` VALUES (62, 3, 'MEMBER', '海卓', 0, 1, 'approved', NULL, '2026-04-28 06:08:46', 1, '2026-04-28 14:08:45', '2026-04-28 14:08:45');
INSERT INTO `user_roles` VALUES (63, 55, 'TEAM_LEADER', '海卓', 1, 1, 'approved', NULL, '2026-04-28 06:10:12', 1, '2026-04-28 14:10:12', '2026-05-06 14:56:50');
INSERT INTO `user_roles` VALUES (64, 55, 'MEMBER', '海卓', 0, 1, 'approved', NULL, '2026-04-28 06:10:12', 1, '2026-04-28 14:10:12', '2026-05-06 14:56:50');

-- ----------------------------
-- Table structure for users
-- ----------------------------
DROP TABLE IF EXISTS `users`;
CREATE TABLE `users`  (
  `id` int(11) NOT NULL AUTO_INCREMENT,
  `username` varchar(50) CHARACTER SET utf8mb4 COLLATE utf8mb4_unicode_ci NOT NULL COMMENT '用户名',
  `password_hash` varchar(255) CHARACTER SET utf8mb4 COLLATE utf8mb4_unicode_ci NOT NULL COMMENT '密码哈希',
  `real_name` varchar(50) CHARACTER SET utf8mb4 COLLATE utf8mb4_unicode_ci NOT NULL COMMENT '真实姓名',
  `email` varchar(100) CHARACTER SET utf8mb4 COLLATE utf8mb4_unicode_ci NULL DEFAULT NULL COMMENT '邮箱',
  `phone` varchar(20) CHARACTER SET utf8mb4 COLLATE utf8mb4_unicode_ci NULL DEFAULT NULL COMMENT '手机号',
  `role` enum('TASK_INITIATOR','MANAGER','SALES_CONTACT','TEAM_LEADER','MEMBER') CHARACTER SET utf8mb4 COLLATE utf8mb4_unicode_ci NOT NULL COMMENT '角色',
  `sales_unit` varchar(100) CHARACTER SET utf8mb4 COLLATE utf8mb4_unicode_ci NULL DEFAULT NULL COMMENT '所属销售单位',
  `is_active` tinyint(1) NULL DEFAULT NULL COMMENT '是否激活',
  `created_at` datetime NULL DEFAULT CURRENT_TIMESTAMP COMMENT '创建时间',
  `updated_at` datetime NULL DEFAULT CURRENT_TIMESTAMP COMMENT '更新时间',
  `avatar` varchar(255) CHARACTER SET utf8mb4 COLLATE utf8mb4_unicode_ci NULL DEFAULT NULL COMMENT '头像URL',
  `failed_login_attempts` int(11) NULL DEFAULT 0,
  `locked_until` datetime NULL DEFAULT NULL,
  `approval_status` enum('pending','approved','rejected') CHARACTER SET utf8mb4 COLLATE utf8mb4_unicode_ci NOT NULL DEFAULT 'pending' COMMENT '审核状态',
  `rejection_reason` varchar(500) CHARACTER SET utf8mb4 COLLATE utf8mb4_unicode_ci NULL DEFAULT NULL COMMENT '拒绝原因',
  `approved_at` datetime NULL DEFAULT NULL COMMENT '审核通过时间',
  `approved_by` int(11) NULL DEFAULT NULL COMMENT '审核人ID',
  PRIMARY KEY (`id`) USING BTREE,
  UNIQUE INDEX `ix_users_username`(`username`) USING BTREE,
  INDEX `ix_users_id`(`id`) USING BTREE,
  INDEX `fk_users_approved_by`(`approved_by`) USING BTREE,
  CONSTRAINT `fk_users_approved_by` FOREIGN KEY (`approved_by`) REFERENCES `users` (`id`) ON DELETE RESTRICT ON UPDATE RESTRICT
) ENGINE = InnoDB AUTO_INCREMENT = 56 CHARACTER SET = utf8mb4 COLLATE = utf8mb4_unicode_ci ROW_FORMAT = Dynamic;

-- ----------------------------
-- Records of users
-- ----------------------------
INSERT INTO `users` VALUES (1, 'admin', '$2b$12$vwQSKfUMmpKWCmT893feZefAZsTUHPADh9LRPfUDH473st05V5yFe', '杨振楠', 'sfs@qq.com', '18745454541', 'MANAGER', '海卓', 1, '2026-01-04 11:22:25', '2026-04-28 09:04:05', '/api/upload/avatars/ec7cf741-10bc-4359-a0f0-e24e02db062e.jpg', 0, NULL, 'approved', NULL, NULL, NULL);
INSERT INTO `users` VALUES (2, 'test1', '$2b$12$lsl/uIwqdEr9kbhCvFQokOL/8w2zsHmt9RUTO/kpYvGwHHKR6Z/xu', '赵四四', 'asdas@qq.com', '18545124552', 'TASK_INITIATOR', '海卓', 1, '2026-01-04 12:44:43', '2026-05-06 13:36:44', '/api/upload/avatars/2be6c1ba-8ce4-4ac9-a062-dbbe4e0ca219.png', 2, NULL, 'approved', NULL, NULL, NULL);
INSERT INTO `users` VALUES (3, 'test2', '$2b$12$V6PrvosJtRnpOIdH9Z6kcukIClHRjrYxNtwx/rUTZoijMdDAQsD6q', '李四', 'asdad@qq.com', '18215451511', 'SALES_CONTACT', 'BD', 1, '2026-01-04 12:45:17', '2026-01-04 15:52:58', '/api/upload/avatars/d71ff99c-48a8-4c25-b56c-1ba1182a9e9b.jpg', 0, NULL, 'approved', NULL, NULL, NULL);
INSERT INTO `users` VALUES (4, 'test3', '$2b$12$Ejvf9rvrZ70YnCX5IqCA6eVo4BwL.E7CeWuL97.V.5wRivcG2qyli', '小红', 'aaa@qq.com', '18215451854', 'TEAM_LEADER', '恒联', 1, '2026-01-04 12:48:05', '2026-01-21 09:42:27', '/api/upload/avatars/cea2f77c-7481-437b-810c-47bbe9562a24.jpg', 0, NULL, 'approved', NULL, NULL, NULL);
INSERT INTO `users` VALUES (5, 'user', '$2b$12$jgwD9pHniMAPqDaRkm2ireUJ18eV5Xgy4G.jRfu8s4s3LUgGut.7e', '张三', 'user@qq.com', '13215459562', 'MEMBER', '海卓', 1, '2026-01-04 12:49:38', '2026-04-09 16:45:30', '/api/upload/avatars/160051f9-dc1a-47d6-a4c6-f88c1f08d59d.jpg', 0, NULL, 'approved', NULL, NULL, NULL);
INSERT INTO `users` VALUES (6, 'test4', '$2b$12$ODfRKeGaUn7MGLUK3YBgiu/nhE65OkCM1utz.XNqb2xxa4qkX5DJK', '小李', 'asd@qq.com', '18215451541', 'TEAM_LEADER', '海卓', 1, '2026-01-04 16:46:51', '2026-01-06 10:39:12', '/api/upload/avatars/170ac393-6cbf-4cd4-9899-588fbcdad534.jpg', 0, NULL, 'approved', NULL, NULL, NULL);
INSERT INTO `users` VALUES (7, 'user2', '$2b$12$OcqaV7FozSwEqugujid5S.Fhg8P1Rfd4Crwc1HDdH7SGq4tdKAoIO', '李俊', 'adas@qq.com', '16565656565', 'MEMBER', '阿网', 1, '2026-01-05 11:04:14', '2026-01-15 14:08:30', '/api/upload/avatars/f965c084-cdd6-4935-9696-74f1bac8f63d.jpg', 0, NULL, 'approved', NULL, NULL, NULL);
INSERT INTO `users` VALUES (8, 'user3', '$2b$12$vl2EejX18dU3b9TanwRE..wNBnqSnqJjpN8rECo0963MEEIN08rLC', '李明', 'asas@qq.com', '18787878787', 'MEMBER', '海卓', 1, '2026-01-05 11:07:00', '2026-01-12 10:11:34', '/api/upload/avatars/14f1e312-bb76-4b83-9acc-711751169d27.jpg', 0, NULL, 'approved', NULL, NULL, NULL);
INSERT INTO `users` VALUES (9, 'leader', '$2b$12$rhSofyn7ppF7jkgSNhNbtO3eta2JUH/YVxGaUgkq8hmEh807xlmyi', '张希', 'ybasb@qq.com', '17474747474', 'TEAM_LEADER', '云能力中心', 1, '2026-01-06 09:59:14', '2026-01-06 10:25:19', '/api/upload/avatars/d42339e9-5820-4af7-b907-a58a9653579b.png', 0, NULL, 'approved', NULL, NULL, NULL);
INSERT INTO `users` VALUES (10, 'test5', '$2b$12$RNUXCng2sf.Nm/2O.Joo/OqEZgvVdpyUv7Da3LaarhgEYxAKkpIUm', '王飞', 'asda@qq.com', '18787878787', 'SALES_CONTACT', '恒联', 1, '2026-01-06 10:19:09', '2026-01-12 10:10:32', '/api/upload/avatars/959034c0-4db6-4012-8b0b-4ca9353c3666.jpg', 0, NULL, 'approved', NULL, NULL, NULL);
INSERT INTO `users` VALUES (31, 'test8', '$2b$12$.sLlqLCREzhtOMgEYcZuUOsTpDlJPIF7pVGDvtbpb4uvHHqJEpyeW', '杨振楠', 'asasdadda@qq.com', '18545454848', 'SALES_CONTACT', '销售单位 - 理想公司', 1, '2026-01-12 13:27:03', '2026-01-14 14:16:09', NULL, 0, NULL, 'approved', NULL, '2026-01-12 05:28:23', 1);
INSERT INTO `users` VALUES (33, 'asdfgnhj', '$2b$12$quWmM3sSJBTLJEGOl5IKVuWhqX7WmsKwa/DUvveeUG4Dmn62MYFnC', '小王', 'affafasfaf@qq.com', '18454696325', 'SALES_CONTACT', '销售单位 - 理想公司', 1, '2026-01-12 13:45:05', '2026-01-21 12:41:30', NULL, 0, NULL, 'approved', NULL, '2026-01-12 05:45:28', 1);
INSERT INTO `users` VALUES (34, 'test7', '$2b$12$30Yj0psC/9hTHZU.g9MD6emRNcE5SsVxFbSKEOiams90lWFZxU386', '李四', 'aaaa@qq.com', '18545454510', 'SALES_CONTACT', '销售单位 - 理想公司', 1, '2026-01-12 14:36:07', '2026-01-20 10:17:47', NULL, 0, NULL, 'approved', NULL, '2026-01-12 06:36:35', 1);
INSERT INTO `users` VALUES (35, 'test11', '$2b$12$NJcwHxR8Y0vpJ/t8TNQrGezSWugAEgNXvauGW1H9W43AQBHPGWzn2', '丽丽撒', 'DWFAEGRHET@qq.com', '18454545451', 'MEMBER', '销售单位 - 公共BD', 1, '2026-01-13 09:34:09', '2026-04-02 14:26:03', NULL, 0, NULL, 'approved', NULL, '2026-01-13 01:41:20', 1);
INSERT INTO `users` VALUES (36, 'test12', '$2b$12$V9i5cJnyoUbUzo0rxv//O.lGr/NOCLuKRkQZKgFkcxwBL6Vs9Epfm', '阿楠', 'qdwfeertsr@qq.com', '14141414142', 'MEMBER', '销售单位 - 宝山', 1, '2026-01-13 10:09:44', '2026-05-08 11:43:26', '/api/upload/avatars/55152df6-31b5-48bb-ab9b-885e8cb58157.jpg', 0, NULL, 'approved', NULL, '2026-01-13 02:10:00', 1);
INSERT INTO `users` VALUES (37, 'asdada', '$2b$12$4izEACx1dpEEIe6dEcjOlO2c5AeRFVxRRsMqdEg4TCa/CWo9LGR4a', 'asdad', 'ADA@qq.com', '15454512365', 'MEMBER', '销售单位 - 公共BD', 1, '2026-01-13 10:55:52', '2026-05-08 10:12:49', NULL, 0, NULL, 'approved', NULL, '2026-01-13 03:12:19', 1);
INSERT INTO `users` VALUES (38, 'test20', '$2b$12$FquIIEf.LQ7/KIoaplqa4ONbDsv00NBQzjWaupRhcZziYT3kGgFu6', '小明', 'asfdfhcjgfgxh@qq.com', '15151515151', 'TASK_INITIATOR', '云能力中心', 1, '2026-01-14 13:48:42', '2026-01-21 12:41:46', NULL, 0, NULL, 'approved', NULL, '2026-01-14 05:48:43', 1);
INSERT INTO `users` VALUES (39, 'test40', '$2b$12$w9ZAEn25b85/G8WhFMmKDeS.Ym4rP4clAOQO0d9QYvrdh.qF7ALvG', '小李', 'asasdasdasfasfas@qq.com', '18181818181', 'TASK_INITIATOR', '销售单位 - 金山', 1, '2026-01-14 13:49:22', '2026-01-21 12:41:19', NULL, 0, NULL, 'approved', NULL, '2026-01-14 05:49:22', 1);
INSERT INTO `users` VALUES (45, 'adasdasdsa', '$2b$12$C5/6eAvCLb3Wsn7SpLrIFujoEYNL1WHEnRXOEJNE9IsF407kz6ibi', 'asdasdasdas', 'adadas@qq.com', '18488585965', 'MEMBER', '恒联', 1, '2026-01-28 15:06:23', '2026-01-28 15:10:28', NULL, 0, NULL, 'approved', NULL, '2026-01-28 07:10:29', 1);
INSERT INTO `users` VALUES (46, 'user12', '$2b$12$QkJnlQnJeSTlkeeDFBqTfuM4cKU35NxKekNxLxfHgA9RQ5tNGXvPm', 'yznn', 'qqww@qq.com', '16585954251', 'SALES_CONTACT', '海卓', 1, '2026-01-28 15:51:40', '2026-01-28 15:51:53', NULL, 0, NULL, 'approved', NULL, '2026-01-28 07:51:54', 1);
INSERT INTO `users` VALUES (47, 'test121', '$2b$12$6KH2.DPVszochGaT/9HtmOPtG68iHmmvLLhWEL.dNmAEUMrcNkCHm', 'dffe', 'jhgfcccccwws@qq.com', '18484848485', 'MEMBER', '云能力中心', 1, '2026-04-09 17:06:32', '2026-04-22 15:04:11', NULL, 0, NULL, 'approved', NULL, '2026-04-09 09:06:33', 1);
INSERT INTO `users` VALUES (48, 'hl', '$2b$12$8bl.ZNRndCx1UqYhP0yjCeZCTX.HydEJiCukY8HVUcN3uMq91KFT2', '恒联', 'hl@hl.com', '18545114515', 'TEAM_LEADER', '恒联', 1, '2026-04-24 11:00:59', '2026-04-24 11:00:59', NULL, 0, NULL, 'approved', NULL, '2026-04-24 03:01:00', 1);
INSERT INTO `users` VALUES (49, 'hl2', '$2b$12$PZUOiG3S2/5uObw89BeYruJxtqVdZCtmfHPmpFCqPkT2JTNSUzFES', 'hnlnw', 'asdadasxs@qq.com', '18215451854', 'TEAM_LEADER', '恒联', 1, '2026-04-24 14:46:24', '2026-04-24 14:46:24', NULL, 0, NULL, 'approved', NULL, '2026-04-24 06:46:25', 1);
INSERT INTO `users` VALUES (50, 'aw', '$2b$12$bMVWMJy5a0IwcdUrbR1XFOuhbkpcbPYEFKsvKkzCbsW89cTNEi8qm', '阿网用户', 'asdvcvcvcv@qq.com', '18545458596', 'TEAM_LEADER', '阿网', 1, '2026-04-27 14:53:07', '2026-04-27 14:53:07', NULL, 0, NULL, 'approved', NULL, '2026-04-27 06:53:07', 1);
INSERT INTO `users` VALUES (51, 'haha', '$2b$12$CF5WXcs5nCzVnsMiNlsCtunrof4Atbr6R7FInUmpmKEoxzrMRAsKS', 'test1', '123456@qq.com', '15379424671', 'TEAM_LEADER', '海卓', 1, '2026-04-28 09:46:48', '2026-04-28 09:49:34', NULL, 0, NULL, 'approved', NULL, '2026-04-28 01:49:34', 1);
INSERT INTO `users` VALUES (52, 'zhlbd', '$2b$12$cHn42p72JAJyAlewkjMfn.nHkj4o/Xl1r0SC1TmSjo4O2Vk0ExqBu', '战略BD', NULL, NULL, 'SALES_CONTACT', '销售单位 - 战略BD', 1, '2026-04-28 10:05:52', '2026-04-28 10:05:52', NULL, 0, NULL, 'approved', NULL, '2026-04-28 02:05:52', 1);
INSERT INTO `users` VALUES (53, 'ynl', '$2b$12$BdWQNMYgatoKX.F7Viaw6.BdeDBDGmaNSbpvSZ4DFdEu.0FvuLUyy', '云能力', NULL, NULL, 'SALES_CONTACT', '云能力中心', 1, '2026-04-28 10:36:30', '2026-04-28 10:36:30', NULL, 0, NULL, 'approved', NULL, '2026-04-28 02:36:31', 1);
INSERT INTO `users` VALUES (54, 'yzn', '$2b$12$j5BfsRuVvHNViHwa7ZvzCOL1MlRNBWy3/7gvZbdYJiX81.9yaTlSG', '杨振楠', 'dddd@qq.com', '18545415262', 'MEMBER', '政企群', 1, '2026-04-28 13:37:56', '2026-04-28 13:38:12', NULL, 0, NULL, 'approved', NULL, '2026-04-28 05:38:13', 1);
INSERT INTO `users` VALUES (55, 'test02', '$2b$12$.ExgM8mmJnqkseGJ7N8ope3GQl/wROfFA/tMl.VV7711sNh3VVq3a', '测试组长', NULL, NULL, 'TEAM_LEADER', '海卓', 1, '2026-04-28 14:10:12', '2026-05-06 13:45:28', NULL, 0, NULL, 'approved', NULL, '2026-04-28 06:10:12', 1);

-- ----------------------------
-- Table structure for visit_log_maintenance_logs
-- ----------------------------
DROP TABLE IF EXISTS `visit_log_maintenance_logs`;
CREATE TABLE `visit_log_maintenance_logs`  (
  `id` int(11) NOT NULL AUTO_INCREMENT,
  `visit_log_id` int(11) NOT NULL COMMENT '线索维护记录ID',
  `operator_id` int(11) NOT NULL COMMENT '操作人ID',
  `operated_at` datetime(6) NOT NULL DEFAULT CURRENT_TIMESTAMP(6) COMMENT '操作时间',
  `fields_changed` text CHARACTER SET utf8mb4 COLLATE utf8mb4_general_ci NULL COMMENT '本次变更字段 JSON 数组',
  PRIMARY KEY (`id`) USING BTREE,
  INDEX `idx_vl_maint_visit`(`visit_log_id`) USING BTREE,
  INDEX `idx_vl_maint_time`(`operated_at`) USING BTREE,
  INDEX `fk_vl_maint_user`(`operator_id`) USING BTREE,
  CONSTRAINT `fk_vl_maint_user` FOREIGN KEY (`operator_id`) REFERENCES `users` (`id`) ON DELETE RESTRICT ON UPDATE RESTRICT,
  CONSTRAINT `fk_vl_maint_visit` FOREIGN KEY (`visit_log_id`) REFERENCES `visit_logs` (`id`) ON DELETE CASCADE ON UPDATE RESTRICT
) ENGINE = InnoDB AUTO_INCREMENT = 7 CHARACTER SET = utf8mb4 COLLATE = utf8mb4_general_ci COMMENT = '线索维护窄域更新操作记录' ROW_FORMAT = Dynamic;

-- ----------------------------
-- Records of visit_log_maintenance_logs
-- ----------------------------
INSERT INTO `visit_log_maintenance_logs` VALUES (1, 31, 36, '2026-04-22 10:50:21.396367', '[\"clue_related_products\", \"current_stage\", \"promotion_requirements\", \"promotion_progress\"]');
INSERT INTO `visit_log_maintenance_logs` VALUES (2, 31, 36, '2026-04-22 10:56:04.806729', '[\"clue_related_products\", \"current_stage\", \"stage_effort_breakdown\", \"promotion_requirements\", \"promotion_progress\"]');
INSERT INTO `visit_log_maintenance_logs` VALUES (3, 31, 36, '2026-04-22 11:02:49.624603', '[\"promotion_requirements\", \"promotion_progress\"]');
INSERT INTO `visit_log_maintenance_logs` VALUES (4, 32, 36, '2026-04-22 12:39:24.943197', '[\"promotion_requirements\", \"promotion_progress\"]');
INSERT INTO `visit_log_maintenance_logs` VALUES (5, 65, 51, '2026-04-28 10:24:23.927578', '[\"current_stage\", \"stage_effort_breakdown\", \"promotion_requirements\", \"promotion_progress\"]');
INSERT INTO `visit_log_maintenance_logs` VALUES (6, 65, 51, '2026-04-28 10:24:53.509451', '[\"current_stage\", \"promotion_progress\"]');

-- ----------------------------
-- Table structure for visit_logs
-- ----------------------------
DROP TABLE IF EXISTS `visit_logs`;
CREATE TABLE `visit_logs`  (
  `id` int(11) NOT NULL AUTO_INCREMENT,
  `work_order_id` int(11) NOT NULL COMMENT '工单ID',
  `member_id` int(11) NOT NULL COMMENT '成员ID',
  `visit_date` date NOT NULL COMMENT '拜访日期',
  `visit_content` text CHARACTER SET utf8mb4 COLLATE utf8mb4_unicode_ci NOT NULL COMMENT '拜访内容',
  `visit_object_position` varchar(100) CHARACTER SET utf8mb4 COLLATE utf8mb4_unicode_ci NULL DEFAULT NULL COMMENT '拜访对象职位',
  `opportunity_no` varchar(50) CHARACTER SET utf8mb4 COLLATE utf8mb4_unicode_ci NULL DEFAULT NULL COMMENT '商机编号',
  `created_at` datetime NULL DEFAULT CURRENT_TIMESTAMP COMMENT '创建时间',
  `updated_at` datetime NULL DEFAULT CURRENT_TIMESTAMP COMMENT '更新时间',
  `group_name` varchar(100) CHARACTER SET utf8mb4 COLLATE utf8mb4_unicode_ci NULL DEFAULT NULL COMMENT '组别（工单组长所属 FDE 组名快照）',
  `customer_unit` varchar(500) CHARACTER SET utf8mb4 COLLATE utf8mb4_unicode_ci NULL DEFAULT NULL COMMENT '客户单位快照',
  `industry` varchar(200) CHARACTER SET utf8mb4 COLLATE utf8mb4_unicode_ci NULL DEFAULT NULL COMMENT '行业（手动填写）',
  `enterprise_type` varchar(50) CHARACTER SET utf8mb4 COLLATE utf8mb4_unicode_ci NULL DEFAULT NULL COMMENT '企业类型（大型企业/小微企业/中型企业）',
  `customer_visit_address` varchar(500) CHARACTER SET utf8mb4 COLLATE utf8mb4_unicode_ci NULL DEFAULT NULL COMMENT '客户拜访地址快照',
  `customer_manager_name` varchar(100) CHARACTER SET utf8mb4 COLLATE utf8mb4_unicode_ci NULL DEFAULT NULL COMMENT '客户经理姓名快照',
  `customer_manager_contact` varchar(100) CHARACTER SET utf8mb4 COLLATE utf8mb4_unicode_ci NULL DEFAULT NULL COMMENT '客户经理联系方式快照',
  `escort_staff` varchar(200) CHARACTER SET utf8mb4 COLLATE utf8mb4_unicode_ci NULL DEFAULT NULL COMMENT '陪跑人员（手动填写）',
  `has_decision_authority` varchar(20) CHARACTER SET utf8mb4 COLLATE utf8mb4_unicode_ci NULL DEFAULT NULL COMMENT '拜访对象权限：建议权、决策权、无',
  `sales_unit` text CHARACTER SET utf8mb4 COLLATE utf8mb4_unicode_ci NULL COMMENT '所属销售单位快照（任务 sales_unit）',
  `remark` text CHARACTER SET utf8mb4 COLLATE utf8mb4_unicode_ci NULL COMMENT '备注',
  `has_requirement_scenario_sorted` tinyint(1) NOT NULL DEFAULT 0 COMMENT '客户是否梳理过需求场景',
  `requirement_scenario_category` text CHARACTER SET utf8mb4 COLLATE utf8mb4_unicode_ci NULL COMMENT '需求场景分类（JSON数组格式，支持多选）',
  `has_clue` tinyint(1) NOT NULL DEFAULT 0 COMMENT '是否有线索',
  `clue_related_products` text CHARACTER SET utf8mb4 COLLATE utf8mb4_unicode_ci NULL COMMENT '线索对应产品（JSON数组格式，支持多选）',
  `is_customized_development` tinyint(1) NOT NULL DEFAULT 0 COMMENT '是否定开',
  `customized_development_requirements` text CHARACTER SET utf8mb4 COLLATE utf8mb4_unicode_ci NULL COMMENT '定开要求（是否定开为是时填写）',
  `project_amount` varchar(50) CHARACTER SET utf8mb4 COLLATE utf8mb4_unicode_ci NULL DEFAULT NULL COMMENT '项目金额（万元）',
  `current_stage` varchar(50) CHARACTER SET utf8mb4 COLLATE utf8mb4_unicode_ci NULL DEFAULT NULL COMMENT '当前阶段',
  `promotion_progress` text CHARACTER SET utf8mb4 COLLATE utf8mb4_unicode_ci NULL COMMENT '推进进展',
  `promotion_progress_history` text CHARACTER SET utf8mb4 COLLATE utf8mb4_unicode_ci NULL COMMENT '推进进展追加历史 JSON：[{at,user_id,user_name,text},...]',
  `promotion_requirements` text CHARACTER SET utf8mb4 COLLATE utf8mb4_unicode_ci NULL COMMENT '推进要求',
  `stage_effort_breakdown` text CHARACTER SET utf8mb4 COLLATE utf8mb4_unicode_ci NULL COMMENT '阶段人员与时长(JSON数组：[{sub_phase,people,days}])',
  PRIMARY KEY (`id`) USING BTREE,
  INDEX `work_order_id`(`work_order_id`) USING BTREE,
  INDEX `member_id`(`member_id`) USING BTREE,
  INDEX `ix_visit_logs_id`(`id`) USING BTREE,
  INDEX `ix_visit_logs_opportunity_no`(`opportunity_no`) USING BTREE,
  CONSTRAINT `visit_logs_ibfk_1` FOREIGN KEY (`work_order_id`) REFERENCES `work_orders` (`id`) ON DELETE RESTRICT ON UPDATE RESTRICT,
  CONSTRAINT `visit_logs_ibfk_2` FOREIGN KEY (`member_id`) REFERENCES `users` (`id`) ON DELETE RESTRICT ON UPDATE RESTRICT
) ENGINE = InnoDB AUTO_INCREMENT = 70 CHARACTER SET = utf8mb4 COLLATE = utf8mb4_unicode_ci ROW_FORMAT = Dynamic;

-- ----------------------------
-- Records of visit_logs
-- ----------------------------
INSERT INTO `visit_logs` VALUES (1, 1, 5, '2026-01-04', 'asdsadas', NULL, 'adasda', '2026-01-04 13:25:00', '2026-01-04 13:25:00', NULL, NULL, NULL, NULL, NULL, NULL, NULL, NULL, NULL, NULL, NULL, 0, NULL, 0, NULL, 0, NULL, NULL, NULL, NULL, NULL, NULL, NULL);
INSERT INTO `visit_logs` VALUES (2, 3, 7, '2026-01-06', '测试', NULL, 'a\'s\'da\'s', '2026-01-06 10:29:17', '2026-01-06 10:29:17', NULL, NULL, NULL, NULL, NULL, NULL, NULL, NULL, NULL, NULL, NULL, 0, NULL, 0, NULL, 0, NULL, NULL, NULL, NULL, NULL, NULL, NULL);
INSERT INTO `visit_logs` VALUES (3, 6, 5, '2026-01-12', 'qweq', '开发', 'adas', '2026-01-12 11:17:45', '2026-01-14 10:04:48', NULL, NULL, NULL, NULL, NULL, NULL, NULL, NULL, NULL, NULL, NULL, 0, NULL, 0, NULL, 0, NULL, NULL, NULL, NULL, NULL, NULL, NULL);
INSERT INTO `visit_logs` VALUES (4, 24, 36, '2026-01-21', 'qdwqf', NULL, 'adas', '2026-01-13 10:51:35', '2026-01-13 10:51:35', NULL, NULL, NULL, NULL, NULL, NULL, NULL, NULL, NULL, NULL, NULL, 0, NULL, 0, NULL, 0, NULL, NULL, NULL, NULL, NULL, NULL, NULL);
INSERT INTO `visit_logs` VALUES (5, 10, 5, '2026-01-14', 'a\'s\'da\'s\'dasdasd', '开发', 'asdsa', '2026-01-14 10:05:16', '2026-01-14 10:05:16', NULL, NULL, NULL, NULL, NULL, NULL, NULL, NULL, NULL, NULL, NULL, 0, NULL, 0, NULL, 0, NULL, NULL, NULL, NULL, NULL, NULL, NULL);
INSERT INTO `visit_logs` VALUES (6, 36, 5, '2026-01-15', 'asdasda', '开发', NULL, '2026-01-15 09:45:08', '2026-01-15 09:45:08', NULL, NULL, NULL, NULL, NULL, NULL, NULL, NULL, NULL, NULL, NULL, 0, NULL, 0, NULL, 0, NULL, NULL, NULL, NULL, NULL, NULL, NULL);
INSERT INTO `visit_logs` VALUES (7, 20, 5, '2026-01-15', 'asdsad', 'ada', NULL, '2026-01-15 09:45:21', '2026-01-15 09:45:21', NULL, NULL, NULL, NULL, NULL, NULL, NULL, NULL, NULL, NULL, NULL, 0, NULL, 0, NULL, 0, NULL, NULL, NULL, NULL, NULL, NULL, NULL);
INSERT INTO `visit_logs` VALUES (8, 20, 5, '2026-01-15', 'asdas', '开发', NULL, '2026-01-15 09:57:35', '2026-01-15 09:57:35', NULL, NULL, NULL, NULL, NULL, NULL, NULL, NULL, NULL, NULL, NULL, 0, NULL, 0, NULL, 0, NULL, NULL, NULL, NULL, NULL, NULL, NULL);
INSERT INTO `visit_logs` VALUES (9, 6, 5, '2026-01-15', 'asdad', 'ada', NULL, '2026-01-15 10:05:44', '2026-01-15 10:05:44', NULL, NULL, NULL, NULL, NULL, NULL, NULL, NULL, NULL, NULL, NULL, 0, NULL, 0, NULL, 0, NULL, NULL, NULL, NULL, NULL, NULL, NULL);
INSERT INTO `visit_logs` VALUES (10, 2, 5, '2026-01-15', 'wqdqwd', '开发', NULL, '2026-01-15 11:20:43', '2026-01-15 11:20:43', NULL, NULL, NULL, NULL, NULL, NULL, NULL, NULL, NULL, NULL, NULL, 0, NULL, 0, NULL, 0, NULL, NULL, NULL, NULL, NULL, NULL, NULL);
INSERT INTO `visit_logs` VALUES (11, 10, 5, '2026-01-16', 'asda', '开发', NULL, '2026-01-16 09:37:32', '2026-01-16 09:37:32', NULL, NULL, NULL, NULL, NULL, NULL, NULL, NULL, NULL, NULL, NULL, 0, NULL, 0, NULL, 0, NULL, NULL, NULL, NULL, NULL, NULL, NULL);
INSERT INTO `visit_logs` VALUES (12, 41, 5, '2026-01-16', 'adas', '开发', NULL, '2026-01-16 10:31:44', '2026-01-16 10:31:44', NULL, NULL, NULL, NULL, NULL, NULL, NULL, NULL, NULL, NULL, NULL, 0, NULL, 0, NULL, 0, NULL, NULL, NULL, NULL, NULL, NULL, NULL);
INSERT INTO `visit_logs` VALUES (13, 20, 5, '2026-01-16', 'DAS', '开发', NULL, '2026-01-16 11:36:34', '2026-01-16 11:36:34', NULL, NULL, NULL, NULL, NULL, NULL, NULL, NULL, NULL, NULL, NULL, 0, NULL, 0, NULL, 0, NULL, NULL, NULL, NULL, NULL, NULL, NULL);
INSERT INTO `visit_logs` VALUES (14, 21, 5, '2026-01-16', 'qwdq', 'qwdqw', NULL, '2026-01-16 12:46:58', '2026-01-16 12:46:58', NULL, NULL, NULL, NULL, NULL, NULL, NULL, NULL, NULL, NULL, NULL, 0, NULL, 0, NULL, 0, NULL, NULL, NULL, NULL, NULL, NULL, NULL);
INSERT INTO `visit_logs` VALUES (15, 11, 5, '2026-01-16', 'asdsa', 'ad', NULL, '2026-01-16 13:24:20', '2026-01-16 13:24:20', NULL, NULL, NULL, NULL, NULL, NULL, NULL, NULL, NULL, NULL, NULL, 0, NULL, 0, NULL, 0, NULL, NULL, NULL, NULL, NULL, NULL, NULL);
INSERT INTO `visit_logs` VALUES (16, 46, 5, '2026-01-16', 'dwqdq', 'fqwfq', NULL, '2026-01-16 14:20:41', '2026-01-16 14:20:41', NULL, NULL, NULL, NULL, NULL, NULL, NULL, NULL, NULL, NULL, NULL, 0, NULL, 0, NULL, 0, NULL, NULL, NULL, NULL, NULL, NULL, NULL);
INSERT INTO `visit_logs` VALUES (17, 47, 5, '2026-01-16', 'qwdwq', 'wd', NULL, '2026-01-16 15:03:23', '2026-01-16 15:03:23', NULL, NULL, NULL, NULL, NULL, NULL, NULL, NULL, NULL, NULL, NULL, 0, NULL, 0, NULL, 0, NULL, NULL, NULL, NULL, NULL, NULL, NULL);
INSERT INTO `visit_logs` VALUES (18, 23, 36, '2026-01-22', 'wqdqw', 'wdqwd', NULL, '2026-01-22 11:01:30', '2026-01-22 11:01:30', NULL, NULL, NULL, NULL, NULL, NULL, NULL, NULL, NULL, NULL, NULL, 0, NULL, 0, NULL, 0, NULL, NULL, NULL, NULL, NULL, NULL, NULL);
INSERT INTO `visit_logs` VALUES (19, 64, 36, '2026-04-02', 'dsdcsd', 'sdfs', NULL, '2026-04-02 14:28:36', '2026-04-02 14:28:36', NULL, NULL, NULL, NULL, NULL, NULL, NULL, NULL, NULL, NULL, NULL, 0, NULL, 0, NULL, 0, NULL, NULL, NULL, NULL, NULL, NULL, NULL);
INSERT INTO `visit_logs` VALUES (20, 62, 36, '2026-04-02', 'qwewq', 'qweqw', NULL, '2026-04-02 16:20:58', '2026-04-02 16:20:58', NULL, NULL, NULL, NULL, NULL, NULL, NULL, NULL, NULL, NULL, NULL, 0, NULL, 0, NULL, 0, NULL, NULL, NULL, NULL, NULL, NULL, NULL);
INSERT INTO `visit_logs` VALUES (21, 87, 36, '2026-04-07', '范文芳哇', '文档我', NULL, '2026-04-07 11:09:07', '2026-04-07 11:09:07', NULL, NULL, NULL, NULL, NULL, NULL, NULL, NULL, NULL, NULL, NULL, 0, NULL, 0, NULL, 0, NULL, NULL, NULL, NULL, NULL, NULL, NULL);
INSERT INTO `visit_logs` VALUES (22, 74, 36, '2026-04-07', 'asdsad', 'asda', NULL, '2026-04-07 11:23:20', '2026-04-07 11:23:20', '云能力中心组', NULL, NULL, NULL, NULL, NULL, NULL, NULL, NULL, NULL, NULL, 0, NULL, 0, NULL, 0, NULL, NULL, NULL, NULL, NULL, NULL, NULL);
INSERT INTO `visit_logs` VALUES (23, 63, 36, '2026-04-07', '无法为', '驱蚊器', NULL, '2026-04-07 13:30:44', '2026-04-07 13:30:44', '云能力中心组', 'asdasd', '切尔茜', '大型企业', 'asdada', '测试', '18454848545', NULL, NULL, NULL, NULL, 0, NULL, 0, NULL, 0, NULL, NULL, NULL, NULL, NULL, NULL, NULL);
INSERT INTO `visit_logs` VALUES (24, 88, 36, '2026-04-07', '撒大苏打', 'IT', NULL, '2026-04-07 14:14:58', '2026-04-07 14:14:58', '云能力中心组', '上海海卓云智技术服务有限公司', '教育业', '大型企业', '浦东新区', '鲁斯', '18457588595', '爱死', '决策权', '全部', NULL, 0, NULL, 0, NULL, 0, NULL, NULL, NULL, NULL, NULL, NULL, NULL);
INSERT INTO `visit_logs` VALUES (25, 89, 36, '2026-04-07', '讨厌就讨厌', '有一天', NULL, '2026-04-07 14:35:37', '2026-04-07 14:35:37', '云能力中心组', '上海电机学院', '教育', '大型企业', '浦东新区', '鲁斯', '18457588595', '天涯吉他', '建议权', '销售单位 - 宝山', NULL, 0, NULL, 0, NULL, 0, NULL, NULL, NULL, NULL, NULL, NULL, NULL);
INSERT INTO `visit_logs` VALUES (26, 59, 36, '2026-04-09', '测试poc', 'IT', NULL, '2026-04-09 10:06:24', '2026-04-09 10:06:24', '云能力中心组', '啊实打实', '阿大撒d', '大型企业', '上海市浦东新区XX路XX号', 'asas', '15154254151', '杨振楠', '建议权', '全部', '没有', 1, '[\"算力\",\"模型 - 多模态大模型\"]', 1, '[\"nvidia - h200 - h200-all-in-one\",\"domestic\",\"ai-wenxuan\",\"large-models\"]', 1, NULL, '15.02', 'POC测试', '测试', NULL, '测试', '[{\"sub_phase\": \"需求排摸\", \"people\": 2.0, \"days\": 6.0}, {\"sub_phase\": \"标品试用\", \"people\": 4.0, \"days\": 5.0}, {\"sub_phase\": \"POC测试\", \"people\": 5.0, \"days\": 5.0}]');
INSERT INTO `visit_logs` VALUES (27, 73, 36, '2026-04-09', 'a\'s\'da', NULL, NULL, '2026-04-09 14:13:07', '2026-04-09 14:13:07', '云能力中心组', 'qwq', 'qweq', '大型企业', NULL, NULL, NULL, 's', '决策权', '销售单位 - 宝山', 'asd', 1, '[\"应用-营销类\"]', 1, '[\"nvidia - h200 - h200-all-in-one\",\"domestic - huawei-910b - huawei-910b-intelligent-computing\",\"domestic - huawei-910b - huawei-910b-all-in-one\"]', 1, NULL, '50', '流失', 'qdwwqd', NULL, 'qwdqw', '[{\"sub_phase\": \"需求排摸\", \"people\": 10.0, \"days\": 2.0}, {\"sub_phase\": \"方案报价\", \"people\": 10.0, \"days\": 2.0}]');
INSERT INTO `visit_logs` VALUES (28, 83, 36, '2026-04-21', '啊啊', 'IT', NULL, '2026-04-21 15:23:01', '2026-04-21 15:23:01', '云能力中心组', '随时', '教育', '小微企业', '上海市浦东新区XX路XX号', '李四', '18888888888', NULL, '建议权', '海卓', '测试', 1, '[\"基础算力类\"]', 0, NULL, 0, NULL, NULL, NULL, NULL, NULL, NULL, NULL);
INSERT INTO `visit_logs` VALUES (29, 86, 36, '2026-04-22', '亲卫队请问', '完全', NULL, '2026-04-22 09:52:36', '2026-04-22 09:52:36', '云能力中心组', '随时', '教育', '事业单位', '上海市浦东新区XX路XX号', '李四', '18888888888', '全文', '建议权', '海卓', '完全的青蛙', 1, '[\"基础模型类\"]', 1, '[\"nvidia - h200 - h200-cloud-physical\",\"nvidia - h200 - h200-all-in-one\",\"其他：文案生成\"]', 1, NULL, '2', '需求排摸', NULL, NULL, NULL, '[{\"sub_phase\": \"需求排摸\", \"people\": 3.0, \"days\": 3.0}]');
INSERT INTO `visit_logs` VALUES (30, 84, 36, '2026-04-22', '单位', NULL, NULL, '2026-04-22 10:27:38', '2026-04-22 10:27:38', '云能力中心组', '客户单位', '金融', '事业单位', '上海市浦东新区XX路XX号', '张三', '13800138000', NULL, NULL, '海卓', '的', 0, NULL, 0, NULL, 0, NULL, NULL, NULL, NULL, NULL, NULL, NULL);
INSERT INTO `visit_logs` VALUES (31, 85, 36, '2026-04-22', '阿萨', 'IT', NULL, '2026-04-22 10:49:30', '2026-04-22 11:02:49', '云能力中心组', '1111111111', '111', '大型企业', 'qdqwd', 'qdqwdq', '18215451920', '天涯吉他', '建议权', '海卓', '阿萨', 1, '[\"应用-研发设计类\"]', 1, '[\"nvidia - h800-h100 - h800-h100-cloud-physical\",\"nvidia - h800-h100 - h800-h100-all-in-one\",\"nvidia - h200 - h200-cloud-physical\",\"nvidia - h200 - h200-all-in-one\",\"其他：文案生成 恶的 2  45\",\"domestic - huawei-910b - huawei-910b-intelligent-computing\",\"domestic - huawei-910b - huawei-910b-all-in-one\",\"large-models - kimi\"]', 1, '阿萨', '2', 'POC测试', '【历史记录】\n文档我\n\n【2026-04-22 02:50:21 阿楠】\n我顶我顶\n\n【2026-04-22 02:56:04 阿楠】\n丰富\n\n【2026-04-22 11:02:49 阿楠】\n撒擦三次', '[{\"at\": null, \"user_id\": null, \"user_name\": \"历史记录\", \"text\": \"文档我\"}, {\"at\": \"2026-04-22 02:50:21\", \"user_id\": 36, \"user_name\": \"阿楠\", \"text\": \"我顶我顶\"}, {\"at\": \"2026-04-22 02:56:04\", \"user_id\": 36, \"user_name\": \"阿楠\", \"text\": \"丰富\"}, {\"at\": \"2026-04-22T03:02:49Z\", \"user_id\": 36, \"user_name\": \"阿楠\", \"text\": \"撒擦三次\"}]', '文档我  都2  3  澳网法网发', '[{\"sub_phase\": \"需求排摸\", \"people\": 2.0, \"days\": 2.0}, {\"sub_phase\": \"标品试用\", \"people\": 2.0, \"days\": 2.0}, {\"sub_phase\": \"POC测试\", \"people\": 2.0, \"days\": 2.0}]');
INSERT INTO `visit_logs` VALUES (32, 92, 36, '2026-04-22', '测试', 'IT', NULL, '2026-04-22 12:38:52', '2026-04-22 12:39:24', '云能力中心组', '上海邮乐网络技术有限公司	', '科技', '大型企业', '上海市浦东新区XX路XX号', '李四', '18545458452', '王老师', '建议权', '销售单位 - 宝山', NULL, 1, '[\"应用-生产经营类\"]', 1, '[\"domestic - huawei-910b - huawei-910b-all-in-one\",\"domestic - huawei-910b - huawei-910b-cloud-physical\",\"其他：文案生成\"]', 1, '定制化开发RGA', '4', '需求排摸', '【历史记录】\n需求摸排\n\n【2026-04-22 12:39:24 阿楠】\nPOC 测试', '[{\"at\": null, \"user_id\": null, \"user_name\": \"历史记录\", \"text\": \"需求摸排\"}, {\"at\": \"2026-04-22T04:39:24Z\", \"user_id\": 36, \"user_name\": \"阿楠\", \"text\": \"POC 测试\"}]', '交付转商', '[{\"sub_phase\": \"需求排摸\", \"people\": 3.0, \"days\": 4.0}]');
INSERT INTO `visit_logs` VALUES (33, 91, 36, '2026-04-22', '测试', '鹅', NULL, '2026-04-22 13:14:16', '2026-04-22 13:14:16', '云能力中心组', '上海来伊份股份有限公司	', '金融', '政府单位', NULL, NULL, NULL, '天涯吉他', '建议权', '销售单位 - 宝山', 'w\'w', 1, '[\"应用-营销类\"]', 1, '[\"customized-ai-service\"]', 1, '2', '4', '需求排摸', '从', NULL, NULL, '[{\"sub_phase\": \"需求排摸\", \"people\": 1.0, \"days\": 1.0}]');
INSERT INTO `visit_logs` VALUES (34, 94, 37, '2026-05-08', '测试和ioj藕孔', '老板', NULL, '2026-05-07 05:12:30', '2026-04-23 15:23:45', 'C组', '中国移动通信集团上海有限公司', '科技', '大型企业', '上海市浦东新区XX路XX号', '李四', '18545458452', NULL, '无', '销售单位 - 宝山', NULL, 0, NULL, 0, NULL, 0, NULL, NULL, NULL, NULL, NULL, NULL, NULL);
INSERT INTO `visit_logs` VALUES (50, 25, 36, '2026-04-23', '测试和ioj藕孔', 'IT', NULL, '2026-04-22 05:12:30', '2026-04-23 15:48:36', '云能力中心组', 'aasd', 'asa', '大型企业', NULL, NULL, NULL, NULL, '建议权', '销售单位 - 宝山', '无', 1, '[\"基础模型类\"]', 1, '英伟达 - H200同等算力系列 - 一体机, 国产, AI文宣, 大模型', 1, '测试', '7', 'POC测试', '测试', NULL, '测试', '[{\"sub_phase\": \"需求排摸\", \"people\": 2.0, \"days\": 2.0}, {\"sub_phase\": \"标品试用\", \"people\": 2.0, \"days\": 2.0}, {\"sub_phase\": \"POC测试\", \"people\": 2.0, \"days\": 2.0}]');
INSERT INTO `visit_logs` VALUES (51, 26, 36, '2026-04-24', '测试和ioj藕孔', 'IT', NULL, '2026-04-23 05:12:30', '2026-04-23 15:48:36', '云能力中心组', 'asdz', '金融', '小微企业', NULL, NULL, NULL, NULL, '建议权', '销售单位 - 宝山', NULL, 1, '[\"基础模型类\"]', 1, '英伟达 - H201同等算力系列 - 一体机, 国产, AI文宣, 大模型', 0, NULL, '8', 'POC测试', 'POC测试', NULL, '测试', '[{\"sub_phase\": \"需求排摸\", \"people\": 2.0, \"days\": 2.0}, {\"sub_phase\": \"标品试用\", \"people\": 2.0, \"days\": 2.0}, {\"sub_phase\": \"POC测试\", \"people\": 2.0, \"days\": 2.1}]');
INSERT INTO `visit_logs` VALUES (52, 29, 36, '2026-04-25', '测试和ioj藕孔', 'IT', NULL, '2026-04-24 05:12:30', '2026-04-23 15:48:36', '云能力中心组', 'aasd', 'asa', '小微企业', NULL, NULL, NULL, NULL, '建议权', '销售单位 - 宝山', NULL, 1, '[\"基础模型类\"]', 1, '英伟达 - H202同等算力系列 - 一体机, 国产, AI文宣, 大模型', 0, NULL, '9', 'POC测试', 'POC测试', NULL, '测试', '[{\"sub_phase\": \"需求排摸\", \"people\": 2.0, \"days\": 2.0}, {\"sub_phase\": \"标品试用\", \"people\": 2.0, \"days\": 2.0}, {\"sub_phase\": \"POC测试\", \"people\": 2.0, \"days\": 2.2}]');
INSERT INTO `visit_logs` VALUES (53, 30, 36, '2026-04-26', '测试和ioj藕孔', 'IT', NULL, '2026-04-25 05:12:30', '2026-04-23 15:48:36', '云能力中心组', 'asdz', '金融', '小微企业', NULL, NULL, NULL, NULL, '建议权', '销售单位 - 宝山', NULL, 1, '[\"基础模型类\"]', 1, '英伟达 - H203同等算力系列 - 一体机, 国产, AI文宣, 大模型', 0, NULL, '10', 'POC测试', 'POC测试', NULL, '测试', '[{\"sub_phase\": \"需求排摸\", \"people\": 2.0, \"days\": 2.0}, {\"sub_phase\": \"标品试用\", \"people\": 2.0, \"days\": 2.0}, {\"sub_phase\": \"POC测试\", \"people\": 2.0, \"days\": 2.3}]');
INSERT INTO `visit_logs` VALUES (54, 34, 8, '2026-04-27', '测试和ioj藕孔', 'IT', NULL, '2026-04-26 05:12:30', '2026-04-23 15:48:36', '海卓组', 'aasd', 'asa', '小微企业', NULL, NULL, NULL, NULL, '建议权', '销售单位 - 宝山', NULL, 1, '[\"基础模型类\"]', 1, '英伟达 - H204同等算力系列 - 一体机, 国产, AI文宣, 大模型', 0, NULL, '11', 'POC测试', '测试', NULL, '测试', '[{\"sub_phase\": \"需求排摸\", \"people\": 2.0, \"days\": 2.0}, {\"sub_phase\": \"标品试用\", \"people\": 2.0, \"days\": 2.0}, {\"sub_phase\": \"POC测试\", \"people\": 2.0, \"days\": 2.4}]');
INSERT INTO `visit_logs` VALUES (55, 39, 36, '2026-04-28', '测试和ioj藕孔', 'IT', NULL, '2026-04-27 05:12:30', '2026-04-23 15:48:36', '云能力中心组', 'aasd', 'asa', '小微企业', NULL, NULL, NULL, NULL, '建议权', '销售单位 - 宝山', NULL, 1, '[\"基础模型类\"]', 1, '英伟达 - H205同等算力系列 - 一体机, 国产, AI文宣, 大模型', 0, NULL, '12', 'POC测试', '测试', NULL, '测试', '[{\"sub_phase\": \"需求排摸\", \"people\": 2.0, \"days\": 2.0}, {\"sub_phase\": \"标品试用\", \"people\": 2.0, \"days\": 2.0}, {\"sub_phase\": \"POC测试\", \"people\": 2.0, \"days\": 2.5}]');
INSERT INTO `visit_logs` VALUES (56, 42, 7, '2026-04-29', '测试和ioj藕孔', 'IT', NULL, '2026-04-28 05:12:30', '2026-04-23 15:48:36', '海卓组', 'asdz', '金融', '小微企业', NULL, NULL, NULL, NULL, '建议权', '销售单位 - 宝山', NULL, 1, '[\"基础模型类\"]', 1, '英伟达 - H206同等算力系列 - 一体机, 国产, AI文宣, 大模型', 0, NULL, '13', 'POC测试', '测试', NULL, '测试', '[{\"sub_phase\": \"需求排摸\", \"people\": 2.0, \"days\": 2.0}, {\"sub_phase\": \"标品试用\", \"people\": 2.0, \"days\": 2.0}, {\"sub_phase\": \"POC测试\", \"people\": 2.0, \"days\": 2.6}]');
INSERT INTO `visit_logs` VALUES (57, 43, 7, '2026-04-30', '测试和ioj藕孔', 'IT', NULL, '2026-04-29 05:12:30', '2026-04-23 15:48:36', '海卓组', 'ad', 'asdsa', '小微企业', NULL, NULL, NULL, NULL, '建议权', '销售单位 - 宝山', NULL, 1, '[\"基础模型类\"]', 1, '英伟达 - H207同等算力系列 - 一体机, 国产, AI文宣, 大模型', 0, NULL, '14', 'POC测试', '测试', NULL, '测试', '[{\"sub_phase\": \"需求排摸\", \"people\": 2.0, \"days\": 2.0}, {\"sub_phase\": \"标品试用\", \"people\": 2.0, \"days\": 2.0}, {\"sub_phase\": \"POC测试\", \"people\": 2.0, \"days\": 2.7}]');
INSERT INTO `visit_logs` VALUES (58, 60, 36, '2026-05-01', '测试和ioj藕孔', 'IT', NULL, '2026-04-30 05:12:30', '2026-04-23 15:48:36', '云能力中心组', '阿萨大大', '金融', '大型企业', '上海市浦东新区XX路XX号', '张三', '13800138000', NULL, '建议权', '销售单位 - 宝山', NULL, 1, '[\"基础模型类\"]', 1, '英伟达 - H208同等算力系列 - 一体机, 国产, AI文宣, 大模型', 0, NULL, '15', '需求排摸', '测试', NULL, '测试', '[{\"sub_phase\": \"需求排摸\", \"people\": 3.0, \"days\": 3.0}]');
INSERT INTO `visit_logs` VALUES (59, 61, 36, '2026-05-02', '测试和ioj藕孔', 'IT', NULL, '2026-05-01 05:12:30', '2026-04-23 15:48:36', '云能力中心组', 'asas', 'asasdas', '大型企业', '上海市浦东新区XX路XX号', 'asas', '15154254151', NULL, '建议权', '销售单位 - 宝山', NULL, 1, '[\"基础算力类\"]', 1, '英伟达 - H209同等算力系列 - 一体机, 国产, AI文宣, 大模型', 0, NULL, '16', '需求排摸', '测试', NULL, '测试', '[{\"sub_phase\": \"需求排摸\", \"people\": 3.0, \"days\": 3.1}]');
INSERT INTO `visit_logs` VALUES (60, 65, 36, '2026-05-03', '测试和ioj藕孔', '老板', NULL, '2026-05-02 05:12:30', '2026-04-23 15:48:36', '云能力中心组', 'qdqw', 'qwdqwd', '大型企业', NULL, NULL, NULL, NULL, '无', '销售单位 - 宝山', NULL, 1, '[\"基础算力类\"]', 1, '英伟达 - H200同等算力系列 - 一体机, 国产 - 华为910B2/B3/B4 - 智算单卡多卡, 国产 - 华为910B2/B3/B4 - 一体机', 0, NULL, '17', '需求排摸', '测试', NULL, NULL, '[{\"sub_phase\": \"需求排摸\", \"people\": 3.0, \"days\": 3.2}]');
INSERT INTO `visit_logs` VALUES (61, 68, 36, '2026-05-04', '测试和ioj藕孔', '老板', NULL, '2026-05-03 05:12:30', '2026-04-23 15:48:36', '云能力中心组', 'dqwd', 'qwdq', '大型企业', 'wdqwd', 'qwdqwd', '18545484841', NULL, '无', '销售单位 - 宝山', NULL, 1, '[\"基础算力类\"]', 1, '英伟达 - H200同等算力系列 - 一体机, 国产 - 华为910B2/B3/B4 - 智算单卡多卡, 国产 - 华为910B2/B3/B5 - 一体机', 0, NULL, '18', '需求排摸', '测试', NULL, NULL, '[{\"sub_phase\": \"需求排摸\", \"people\": 3.0, \"days\": 3.3}]');
INSERT INTO `visit_logs` VALUES (62, 69, 36, '2026-05-05', '测试和ioj藕孔', '老板', NULL, '2026-05-04 05:12:30', '2026-04-23 15:48:36', '云能力中心组', 'asdsa', 'asd', '大型企业', 'asda', 'asda', 'asdas', NULL, '无', '销售单位 - 宝山', NULL, 1, '[\"基础算力类\"]', 1, '英伟达 - H200同等算力系列 - 一体机, 国产 - 华为910B2/B3/B4 - 智算单卡多卡, 国产 - 华为910B2/B3/B6 - 一体机', 0, NULL, '19', '需求排摸', '测试', NULL, NULL, '[{\"sub_phase\": \"需求排摸\", \"people\": 3.0, \"days\": 3.4}]');
INSERT INTO `visit_logs` VALUES (63, 70, 36, '2026-05-06', '测试和ioj藕孔', '老板', NULL, '2026-05-05 05:12:30', '2026-04-23 15:48:36', '云能力中心组', 'asdas', 'asdas', '大型企业', NULL, NULL, NULL, NULL, '无', '销售单位 - 宝山', NULL, 1, '[\"基础算力类\"]', 1, '英伟达 - H200同等算力系列 - 一体机, 国产 - 华为910B2/B3/B4 - 智算单卡多卡, 国产 - 华为910B2/B3/B7 - 一体机', 0, NULL, '20', '需求排摸', '测试', NULL, NULL, '[{\"sub_phase\": \"需求排摸\", \"people\": 3.0, \"days\": 3.5}]');
INSERT INTO `visit_logs` VALUES (64, 72, 35, '2026-05-07', '测试和ioj藕孔', '老板', NULL, '2026-05-06 05:12:30', '2026-04-23 15:48:36', '区局组', '1111', 'adwqfd', '大型企业', NULL, NULL, NULL, NULL, '无', '销售单位 - 宝山', NULL, 1, '[\"基础算力类\"]', 1, '英伟达 - H200同等算力系列 - 一体机, 国产 - 华为910B2/B3/B4 - 智算单卡多卡, 国产 - 华为910B2/B3/B8 - 一体机', 0, NULL, '21', '需求排摸', '测试', NULL, '空', '[{\"sub_phase\": \"需求排摸\", \"people\": 3.0, \"days\": 3.6}]');
INSERT INTO `visit_logs` VALUES (65, 100, 51, '2026-04-28', '测试数据', '主任', NULL, '2026-04-28 10:20:41', '2026-04-28 10:24:53', 'A组', '周康四村', '街道', '政府单位', '上海市 / 市辖区 / 浦东新区', 'zhksc', '15138241798', 'cc,xx', '决策权', '销售单位 - 战略BD', NULL, 1, '[\"基础模型类\"]', 1, '[\"large-models - deepseek\"]', 1, '构建本地知识库', '10', '标品试用', '【2026-04-28 10:24:23 test1】\n测试\n\n【2026-04-28 10:24:53 test1】\n测试', '[{\"at\": \"2026-04-28T02:24:23Z\", \"user_id\": 51, \"user_name\": \"test1\", \"text\": \"测试\"}, {\"at\": \"2026-04-28T02:24:53Z\", \"user_id\": 51, \"user_name\": \"test1\", \"text\": \"测试\"}]', '暂无', NULL);
INSERT INTO `visit_logs` VALUES (66, 102, 51, '2026-04-28', '推荐模型', '校长', NULL, '2026-04-28 10:46:48', '2026-04-28 10:46:48', 'A组', '建桥', '学校', '事业单位', '上海市 / 市辖区 / 浦东新区', '朱瑞庭', '18888888888', NULL, '决策权', '销售单位 - 战略BD', NULL, 1, '[\"应用-研发设计类\"]', 1, '[\"large-models - qwen\"]', 1, '本地部署', '100', '需求排摸', NULL, NULL, NULL, '[{\"sub_phase\": \"需求排摸\", \"people\": 9.0, \"days\": 7.0}]');
INSERT INTO `visit_logs` VALUES (67, 105, 51, '2026-04-28', '推荐产品', '主任', NULL, '2026-04-28 15:16:36', '2026-04-28 15:16:36', 'A组', '建桥', '学校', '大型企业', '上海市 / 市辖区 / 浦东新区', '朱瑞庭', '18888888888', NULL, '建议权', '销售单位 - 战略BD', NULL, 0, NULL, 0, NULL, 0, NULL, NULL, NULL, NULL, NULL, NULL, NULL);
INSERT INTO `visit_logs` VALUES (68, 113, 37, '2026-05-08', '测试', 'IT', NULL, '2026-05-08 10:14:59', '2026-05-08 10:14:59', 'C组', '百事应', '通信', '小微企业', '休言细语咯', '王先生', '18545859652', '你好', '建议权', '销售单位 - 宝山', '测试', 1, '[\"基础模型类\"]', 1, '[\"nvidia - h800-h100 - h800-h100-cloud-physical\",\"nvidia - h800-h100 - h800-h100-all-in-one\",\"nvidia - h200 - h200-cloud-physical\",\"nvidia - h200 - h200-all-in-one\",\"domestic - huawei-910b - huawei-910b-intelligent-computing\",\"domestic - huawei-910b - huawei-910b-cloud-physical\",\"domestic - huawei-910b - huawei-910b-all-in-one\",\"test - test1 - ces - cewvew\",\"ai-recruitment\",\"ai-programming\",\"w\",\"large-models - deepseek\",\"large-models - qwen\",\"large-models - kimi\",\"cloud-gaming\",\"cloud-rendering\",\"其他：测试\"]', 1, '需求', '14', '需求排摸', '完成poc测试', NULL, '测试', '[{\"sub_phase\": \"需求排摸\", \"people\": 2.0, \"days\": 4.0}]');
INSERT INTO `visit_logs` VALUES (69, 114, 37, '2026-05-08', 'WDWEFEF', 'WW', NULL, '2026-05-08 14:28:09', '2026-05-08 14:28:09', 'C组', 'ADADSADAS', 'ASFASF', '小微企业', '青蛙打网球的', 'AASDAS', '18545859652', 'WWW', '建议权', '销售单位 - 宝山', 'QFEQWF', 1, '[\"应用-研发设计类\"]', 1, '[\"nvidia - h800-h100 - h800-h100-cloud-physical\",\"nvidia - h800-h100 - h800-h100-all-in-one\",\"nvidia - h200 - h200-cloud-physical\",\"nvidia - h200 - h200-all-in-one\",\"domestic - huawei-910b - huawei-910b-cloud-physical\",\"domestic - huawei-910b - huawei-910b-intelligent-computing\",\"domestic - huawei-910b - huawei-910b-all-in-one\",\"large-models - qwen\",\"large-models - deepseek\",\"large-models - kimi\",\"test - test1 - ces - cewvew\",\"ai-customer-service\",\"ai-recruitment\",\"ai-wenxuan\",\"ai-programming\",\"ai-cloud-computer\",\"cloud-rendering\",\"cloud-gaming\",\"ai-diagnosis\",\"ai-document-writing\",\"ai-academic-writing\",\"customized-ai-service\",\"其他：FEFEWF\"]', 1, 'DQWDQW', '3', '需求排摸', '2EQ2E', NULL, 'EQRE', '[{\"sub_phase\": \"需求排摸\", \"people\": 2.0, \"days\": 2.0}]');

-- ----------------------------
-- Table structure for work_orders
-- ----------------------------
DROP TABLE IF EXISTS `work_orders`;
CREATE TABLE `work_orders`  (
  `id` int(11) NOT NULL AUTO_INCREMENT,
  `work_order_no` varchar(50) CHARACTER SET utf8mb4 COLLATE utf8mb4_unicode_ci NOT NULL COMMENT '工单编号',
  `task_id` int(11) NOT NULL COMMENT '所属任务ID',
  `detail_requirement_id` int(11) NULL DEFAULT NULL COMMENT '关联的详细需求ID',
  `team_leader_id` int(11) NULL DEFAULT NULL,
  `member_id` int(11) NULL DEFAULT NULL COMMENT '成员ID',
  `status` varchar(32) CHARACTER SET utf8mb4 COLLATE utf8mb4_unicode_ci NOT NULL DEFAULT 'pending_assign' COMMENT '工单状态',
  `created_at` datetime NULL DEFAULT CURRENT_TIMESTAMP COMMENT '创建时间',
  `updated_at` datetime NULL DEFAULT CURRENT_TIMESTAMP COMMENT '更新时间',
  `accepted_at` datetime NULL DEFAULT NULL COMMENT '接单时间',
  `completed_at` datetime NULL DEFAULT NULL COMMENT '完成时间',
  `cancelled_at` datetime NULL DEFAULT NULL COMMENT '取消时间',
  `cancellation_reason` text CHARACTER SET utf8mb4 COLLATE utf8mb4_unicode_ci NULL COMMENT '取消原因',
  `dispatch_group_id` int(11) NULL DEFAULT NULL,
  PRIMARY KEY (`id`) USING BTREE,
  UNIQUE INDEX `ix_work_orders_work_order_no`(`work_order_no`) USING BTREE,
  INDEX `task_id`(`task_id`) USING BTREE,
  INDEX `team_leader_id`(`team_leader_id`) USING BTREE,
  INDEX `member_id`(`member_id`) USING BTREE,
  INDEX `ix_work_orders_id`(`id`) USING BTREE,
  INDEX `idx_work_orders_detail_requirement_id`(`detail_requirement_id`) USING BTREE,
  CONSTRAINT `fk_work_orders_detail_requirement_id` FOREIGN KEY (`detail_requirement_id`) REFERENCES `task_detail_requirements` (`id`) ON DELETE SET NULL ON UPDATE CASCADE,
  CONSTRAINT `work_orders_ibfk_1` FOREIGN KEY (`task_id`) REFERENCES `tasks` (`id`) ON DELETE RESTRICT ON UPDATE RESTRICT,
  CONSTRAINT `work_orders_ibfk_2` FOREIGN KEY (`team_leader_id`) REFERENCES `users` (`id`) ON DELETE RESTRICT ON UPDATE RESTRICT,
  CONSTRAINT `work_orders_ibfk_3` FOREIGN KEY (`member_id`) REFERENCES `users` (`id`) ON DELETE RESTRICT ON UPDATE RESTRICT
) ENGINE = InnoDB AUTO_INCREMENT = 116 CHARACTER SET = utf8mb4 COLLATE = utf8mb4_unicode_ci ROW_FORMAT = Dynamic;

-- ----------------------------
-- Records of work_orders
-- ----------------------------
INSERT INTO `work_orders` VALUES (1, 'WO3-1767475130', 3, NULL, 4, 5, 'completed', '2026-01-04 13:18:50', '2026-01-19 15:40:54', '2026-01-04 05:24:41', NULL, NULL, NULL, NULL);
INSERT INTO `work_orders` VALUES (2, 'WO4-1767475421', 4, NULL, 4, 5, 'completed', '2026-01-04 13:23:41', '2026-01-19 15:40:51', '2026-01-04 05:24:42', NULL, NULL, NULL, NULL);
INSERT INTO `work_orders` VALUES (3, 'WO5-1767637439', 5, NULL, 9, 7, 'completed', '2026-01-06 10:23:59', '2026-01-20 13:40:22', '2026-01-06 02:28:47', NULL, NULL, NULL, NULL);
INSERT INTO `work_orders` VALUES (4, 'WO8-1767638766', 8, NULL, 9, 8, 'accepted', '2026-01-06 10:46:06', '2026-01-06 10:47:06', '2026-01-06 02:47:07', NULL, NULL, NULL, NULL);
INSERT INTO `work_orders` VALUES (5, 'WO10-1767641953', 10, NULL, 6, 7, 'accepted', '2026-01-06 11:39:13', '2026-01-06 11:40:00', '2026-01-06 03:40:01', NULL, NULL, NULL, NULL);
INSERT INTO `work_orders` VALUES (6, 'WO11-1767910342', 11, NULL, 4, 5, 'completed', '2026-01-09 14:12:22', '2026-01-19 15:40:50', '2026-01-09 06:21:08', NULL, NULL, NULL, NULL);
INSERT INTO `work_orders` VALUES (7, 'WO24-1768154314', 24, NULL, 4, 5, 'completed', '2026-01-12 09:58:34', '2026-01-19 15:40:48', '2026-01-14 01:58:14', NULL, NULL, NULL, NULL);
INSERT INTO `work_orders` VALUES (8, 'WO23-1768154594', 23, NULL, 6, 8, 'pending_accept', '2026-01-12 10:03:14', '2026-01-12 16:46:37', NULL, NULL, NULL, NULL, NULL);
INSERT INTO `work_orders` VALUES (9, 'WO22-1768155055', 22, NULL, 4, 8, 'accepted', '2026-01-12 10:10:55', '2026-01-12 10:11:37', '2026-01-12 02:11:38', NULL, NULL, NULL, NULL);
INSERT INTO `work_orders` VALUES (10, 'WO9-1768155247', 9, NULL, 9, 5, 'completed', '2026-01-12 10:14:07', '2026-01-19 15:40:47', '2026-01-12 03:09:37', NULL, NULL, NULL, NULL);
INSERT INTO `work_orders` VALUES (11, 'WO20-1768166074', 20, NULL, 6, 5, 'completed', '2026-01-12 13:14:34', '2026-01-19 15:40:44', '2026-01-14 01:23:08', NULL, NULL, NULL, NULL);
INSERT INTO `work_orders` VALUES (12, 'WO27-1768170051', 27, NULL, 9, NULL, 'pending_assign', '2026-01-12 14:20:51', '2026-01-12 14:20:51', NULL, NULL, NULL, NULL, NULL);
INSERT INTO `work_orders` VALUES (13, 'WO26-1768170056', 26, NULL, 9, NULL, 'pending_assign', '2026-01-12 14:20:56', '2026-01-12 14:20:56', NULL, NULL, NULL, NULL, NULL);
INSERT INTO `work_orders` VALUES (14, 'WO28-R2-1768175527', 28, 2, 9, NULL, 'pending_assign', '2026-01-12 15:52:07', '2026-01-12 15:52:07', NULL, NULL, NULL, NULL, NULL);
INSERT INTO `work_orders` VALUES (15, 'WO28-R1-1768175532', 28, 1, 6, 7, 'accepted', '2026-01-12 15:52:12', '2026-01-14 09:35:42', '2026-01-14 01:35:43', NULL, NULL, NULL, NULL);
INSERT INTO `work_orders` VALUES (16, 'WO29-R3-1768176571', 29, 3, 6, 8, 'pending_accept', '2026-01-12 16:09:31', '2026-01-12 16:36:11', NULL, NULL, NULL, NULL, NULL);
INSERT INTO `work_orders` VALUES (17, 'WO29-R4-1768176748', 29, 4, 9, NULL, 'pending_assign', '2026-01-12 16:12:28', '2026-01-12 16:12:28', NULL, NULL, NULL, NULL, NULL);
INSERT INTO `work_orders` VALUES (18, 'WO29-R9-1768176760', 29, 9, 9, NULL, 'pending_assign', '2026-01-12 16:12:40', '2026-01-12 16:12:40', NULL, NULL, NULL, NULL, NULL);
INSERT INTO `work_orders` VALUES (19, 'WO29-R8-1768176762', 29, 8, 6, 7, 'accepted', '2026-01-12 16:12:42', '2026-01-14 09:35:44', '2026-01-14 01:35:45', NULL, NULL, NULL, NULL);
INSERT INTO `work_orders` VALUES (20, 'WO29-R7-1768176766', 29, 7, 6, 5, 'accepted', '2026-01-12 16:12:46', '2026-01-14 09:23:10', '2026-01-14 01:23:10', NULL, NULL, NULL, NULL);
INSERT INTO `work_orders` VALUES (21, 'WO29-R6-1768176768', 29, 6, 4, 5, 'completed', '2026-01-12 16:12:48', '2026-01-19 15:40:42', '2026-01-14 01:23:04', NULL, NULL, NULL, NULL);
INSERT INTO `work_orders` VALUES (22, 'WO29-R5-1768176771', 29, 5, 9, NULL, 'pending_assign', '2026-01-12 16:12:51', '2026-01-12 16:12:51', NULL, NULL, NULL, NULL, NULL);
INSERT INTO `work_orders` VALUES (23, 'WO30-R11-1768243471', 30, 11, 36, 36, 'completed', '2026-01-13 10:44:31', '2026-01-22 11:01:30', '2026-01-13 02:45:34', '2026-04-22 05:12:30', NULL, NULL, NULL);
INSERT INTO `work_orders` VALUES (24, 'WO30-R10-1768243474', 30, 10, 36, 36, 'cancelled', '2026-01-13 10:44:34', '2026-04-24 09:13:11', '2026-01-13 02:45:31', NULL, '2026-04-24 01:13:11', 'fe', NULL);
INSERT INTO `work_orders` VALUES (25, 'WO31-R13-1768245495', 31, 13, 36, 36, 'completed', '2026-01-13 11:18:15', '2026-04-23 15:48:36', '2026-01-13 03:19:35', '2026-04-23 07:48:37', NULL, NULL, NULL);
INSERT INTO `work_orders` VALUES (26, 'WO31-R12-1768245497', 31, 12, 36, 36, 'completed', '2026-01-13 11:18:17', '2026-04-23 15:48:36', '2026-01-13 03:19:37', '2026-04-23 07:48:37', NULL, NULL, NULL);
INSERT INTO `work_orders` VALUES (27, 'WO32-R15-1768324880', 32, 15, 6, 7, 'accepted', '2026-01-14 09:21:20', '2026-01-14 09:35:38', '2026-01-14 01:35:38', NULL, NULL, NULL, NULL);
INSERT INTO `work_orders` VALUES (28, 'WO32-R14-1768324892', 32, 14, 4, 5, 'completed', '2026-01-14 09:21:32', '2026-01-15 14:44:28', '2026-01-14 01:23:06', NULL, NULL, NULL, NULL);
INSERT INTO `work_orders` VALUES (29, 'WO33-R17-1768332544', 33, 17, 36, 36, 'completed', '2026-01-14 11:29:04', '2026-04-23 15:48:36', '2026-01-14 07:14:02', '2026-04-23 07:48:37', NULL, NULL, NULL);
INSERT INTO `work_orders` VALUES (30, 'WO33-R16-1768332548', 33, 16, 36, 36, 'completed', '2026-01-14 11:29:08', '2026-04-23 15:48:36', '2026-01-14 07:14:05', '2026-04-23 07:48:37', NULL, NULL, NULL);
INSERT INTO `work_orders` VALUES (31, 'WO34-R18-1768338929', 34, 18, 4, 7, 'completed', '2026-01-14 13:15:29', '2026-01-15 14:44:26', '2026-01-14 05:16:47', NULL, NULL, NULL, NULL);
INSERT INTO `work_orders` VALUES (32, 'WO34-R19-1768338933', 34, 19, 4, 7, 'completed', '2026-01-14 13:15:33', '2026-01-15 14:44:24', '2026-01-14 05:16:50', NULL, NULL, NULL, NULL);
INSERT INTO `work_orders` VALUES (33, 'WO34-R20-1768338938', 34, 20, 6, NULL, 'pending_assign', '2026-01-14 13:15:38', '2026-01-14 13:15:38', NULL, NULL, NULL, NULL, NULL);
INSERT INTO `work_orders` VALUES (34, 'WO35-R22-1768342530', 35, 22, 4, 8, 'completed', '2026-01-14 14:15:30', '2026-04-23 15:48:36', '2026-01-16 05:56:56', '2026-04-23 07:48:37', NULL, NULL, NULL);
INSERT INTO `work_orders` VALUES (35, 'WO35-R21-1768342536', 35, 21, 4, 7, 'completed', '2026-01-14 14:15:36', '2026-01-15 14:44:14', '2026-01-15 06:08:35', NULL, NULL, NULL, NULL);
INSERT INTO `work_orders` VALUES (36, 'WO35-R23-1768342619', 35, 23, 4, 5, 'completed', '2026-01-14 14:16:59', '2026-01-15 14:44:05', '2026-01-15 01:01:30', NULL, NULL, NULL, NULL);
INSERT INTO `work_orders` VALUES (37, 'WO35-R24-1768342622', 35, 24, 6, NULL, 'pending_assign', '2026-01-14 14:17:02', '2026-01-14 14:17:02', NULL, NULL, NULL, NULL, NULL);
INSERT INTO `work_orders` VALUES (38, 'WO35-R25-1768342624', 35, 25, 6, NULL, 'pending_assign', '2026-01-14 14:17:04', '2026-01-14 14:17:04', NULL, NULL, NULL, NULL, NULL);
INSERT INTO `work_orders` VALUES (39, 'WO36-R27-1768345627', 36, 27, 36, 36, 'completed', '2026-01-14 15:07:07', '2026-04-23 15:48:36', '2026-04-08 01:49:15', '2026-04-23 07:48:37', NULL, NULL, NULL);
INSERT INTO `work_orders` VALUES (40, 'WO36-R26-1768345631', 36, 26, 36, 36, 'cancelled', '2026-01-14 15:07:11', '2026-01-22 11:20:21', '2026-01-14 07:14:09', NULL, '2026-01-22 03:20:22', 'dwqdqw', NULL);
INSERT INTO `work_orders` VALUES (41, 'WO37-R30-1768432415', 37, 30, 4, 5, 'accepted', '2026-01-15 15:13:35', '2026-01-15 15:15:50', '2026-01-15 07:15:50', NULL, NULL, NULL, NULL);
INSERT INTO `work_orders` VALUES (42, 'WO37-R29-1768432417', 37, 29, 4, 7, 'completed', '2026-01-15 15:13:37', '2026-04-23 15:48:36', '2026-01-20 05:40:34', '2026-04-23 07:48:37', NULL, NULL, NULL);
INSERT INTO `work_orders` VALUES (43, 'WO37-R28-1768432421', 37, 28, 4, 7, 'completed', '2026-01-15 15:13:41', '2026-04-23 15:48:36', '2026-01-20 05:40:35', '2026-04-23 07:48:37', NULL, NULL, NULL);
INSERT INTO `work_orders` VALUES (44, 'WO38-R32-1768510316', 38, 32, 4, 5, 'accepted', '2026-01-16 12:51:56', '2026-01-16 12:52:27', '2026-01-16 04:52:28', NULL, NULL, NULL, NULL);
INSERT INTO `work_orders` VALUES (45, 'WO38-R31-1768510319', 38, 31, 4, 5, 'completed', '2026-01-16 12:51:59', '2026-01-19 15:38:17', '2026-01-16 04:52:30', NULL, NULL, NULL, NULL);
INSERT INTO `work_orders` VALUES (46, 'WO39-R34-1768510988', 39, 34, 4, 5, 'completed', '2026-01-16 13:03:08', '2026-01-19 15:40:39', '2026-01-16 05:05:10', NULL, NULL, NULL, NULL);
INSERT INTO `work_orders` VALUES (47, 'WO39-R33-1768510991', 39, 33, 6, NULL, 'pending_assign', '2026-01-16 13:03:11', '2026-01-22 11:20:03', NULL, NULL, NULL, NULL, NULL);
INSERT INTO `work_orders` VALUES (48, 'WO40-R36-1768511645', 40, 36, 36, 36, 'cancelled', '2026-01-16 13:14:05', '2026-01-22 11:20:45', '2026-01-22 03:20:42', NULL, '2026-01-22 03:20:45', 'wqf3', NULL);
INSERT INTO `work_orders` VALUES (49, 'WO39-R35-1768511659', 39, 35, 4, 7, 'pending_accept', '2026-01-16 13:14:19', '2026-01-20 13:38:58', NULL, NULL, NULL, NULL, NULL);
INSERT INTO `work_orders` VALUES (50, 'WO38-R37-1768850569', 38, 37, 4, 7, 'pending_accept', '2026-01-20 11:22:49', '2026-01-20 13:38:53', NULL, NULL, NULL, NULL, NULL);
INSERT INTO `work_orders` VALUES (51, 'WO41-R38-1768932205', 41, 38, 9, NULL, 'pending_assign', '2026-01-21 10:03:25', '2026-01-21 10:03:25', NULL, NULL, NULL, NULL, NULL);
INSERT INTO `work_orders` VALUES (52, 'WO41-R40-1768933717', 41, 40, 39, NULL, 'pending_assign', '2026-01-21 10:28:37', '2026-01-22 11:08:12', NULL, NULL, NULL, NULL, NULL);
INSERT INTO `work_orders` VALUES (53, 'WO41-R39-1768933722', 41, 39, 36, 36, 'cancelled', '2026-01-21 10:28:42', '2026-01-22 10:44:51', '2026-01-22 02:44:43', NULL, '2026-01-22 02:44:51', 'add', NULL);
INSERT INTO `work_orders` VALUES (54, 'WO41-R41-1768934309', 41, 41, 36, NULL, 'cancelled', '2026-01-21 10:38:29', '2026-01-22 11:20:28', NULL, NULL, '2026-01-22 03:20:29', 'qwd', NULL);
INSERT INTO `work_orders` VALUES (55, 'WO41-R43-1769020438', 41, 43, 39, NULL, 'pending_assign', '2026-01-22 10:33:58', '2026-01-22 11:19:32', NULL, NULL, NULL, NULL, NULL);
INSERT INTO `work_orders` VALUES (56, 'WO41-R42-1769020442', 41, 42, 36, NULL, 'cancelled', '2026-01-22 10:34:02', '2026-01-22 10:35:43', NULL, NULL, '2026-01-22 02:35:44', '时间冲突', NULL);
INSERT INTO `work_orders` VALUES (57, 'WO55-R45-1769105104', 55, 45, 36, NULL, 'pending_assign', '2026-01-23 10:05:04', '2026-01-23 10:05:04', NULL, NULL, NULL, NULL, NULL);
INSERT INTO `work_orders` VALUES (58, 'WO55-R44-1769105107', 55, 44, 36, NULL, 'pending_assign', '2026-01-23 10:05:07', '2026-01-23 10:05:07', NULL, NULL, NULL, NULL, NULL);
INSERT INTO `work_orders` VALUES (59, 'WO59-R51-1769382826', 59, 51, 36, 36, 'completed', '2026-01-26 15:13:46', '2026-04-09 10:06:24', '2026-01-26 07:19:03', '2026-04-22 05:12:30', NULL, NULL, NULL);
INSERT INTO `work_orders` VALUES (60, 'WO59-R50-1769382829', 59, 50, 36, 36, 'completed', '2026-01-26 15:13:49', '2026-04-23 15:48:36', '2026-01-26 07:19:02', '2026-04-23 07:48:37', NULL, NULL, NULL);
INSERT INTO `work_orders` VALUES (61, 'WO59-R49-1769382833', 59, 49, 36, 36, 'completed', '2026-01-26 15:13:53', '2026-04-23 15:48:36', '2026-01-26 07:19:01', '2026-04-23 07:48:37', NULL, NULL, NULL);
INSERT INTO `work_orders` VALUES (62, 'WO59-R48-1769382839', 59, 48, 36, 36, 'completed', '2026-01-26 15:13:59', '2026-04-02 16:20:58', '2026-01-26 07:18:59', '2026-04-22 05:12:30', NULL, NULL, NULL);
INSERT INTO `work_orders` VALUES (63, 'WO59-R47-1769382843', 59, 47, 36, 36, 'completed', '2026-01-26 15:14:03', '2026-04-07 13:30:44', '2026-01-26 07:18:57', '2026-04-22 05:12:30', NULL, NULL, NULL);
INSERT INTO `work_orders` VALUES (64, 'WO59-R46-1769382846', 59, 46, 36, 36, 'completed', '2026-01-26 15:14:06', '2026-04-02 14:28:36', '2026-01-26 07:18:55', '2026-04-22 05:12:30', NULL, NULL, NULL);
INSERT INTO `work_orders` VALUES (65, 'WO62-R57-1769554071', 62, 57, 36, 36, 'completed', '2026-01-28 14:47:51', '2026-04-23 15:48:36', '2026-04-10 07:49:25', '2026-04-23 07:48:37', NULL, NULL, NULL);
INSERT INTO `work_orders` VALUES (66, 'WO60-R54-1769554466', 60, 54, 36, 36, 'completed', '2026-01-28 14:54:26', '2026-04-10 15:49:41', '2026-04-07 01:48:53', NULL, NULL, NULL, NULL);
INSERT INTO `work_orders` VALUES (67, 'WO59-R59-1769554648', 59, 59, 36, 36, 'cancelled', '2026-01-28 14:57:28', '2026-04-10 15:49:51', '2026-04-10 07:49:32', NULL, '2026-04-10 07:49:52', 'wed', NULL);
INSERT INTO `work_orders` VALUES (68, 'WO59-R58-1769554652', 59, 58, 36, 36, 'completed', '2026-01-28 14:57:32', '2026-04-23 15:48:36', '2026-04-10 07:49:27', '2026-04-23 07:48:37', NULL, NULL, NULL);
INSERT INTO `work_orders` VALUES (69, 'WO59-R53-1769554657', 59, 53, 36, 36, 'completed', '2026-01-28 14:57:37', '2026-04-23 15:48:36', '2026-04-07 01:48:41', '2026-04-23 07:48:37', NULL, NULL, NULL);
INSERT INTO `work_orders` VALUES (70, 'WO62-R52-1769554673', 62, 52, 36, 36, 'completed', '2026-01-28 14:57:53', '2026-04-23 15:48:36', '2026-04-10 07:49:14', '2026-04-23 07:48:37', NULL, NULL, NULL);
INSERT INTO `work_orders` VALUES (71, 'WO62-R55-1769554677', 62, 55, 35, 35, 'pending_accept', '2026-01-28 14:57:57', '2026-04-22 14:20:00', NULL, NULL, NULL, NULL, NULL);
INSERT INTO `work_orders` VALUES (72, 'WO62-R56-1769554681', 62, 56, 35, 35, 'completed', '2026-01-28 14:58:01', '2026-04-23 15:48:36', '2026-04-22 06:17:36', '2026-04-23 07:48:37', NULL, NULL, NULL);
INSERT INTO `work_orders` VALUES (73, 'WO62-R60-1769555450', 62, 60, 36, 36, 'completed', '2026-01-28 15:10:50', '2026-04-09 14:13:07', '2026-04-07 01:48:35', '2026-04-22 05:12:30', NULL, NULL, NULL);
INSERT INTO `work_orders` VALUES (74, 'WO63-R61-1769556073', 63, 61, 36, 36, 'completed', '2026-01-28 15:21:13', '2026-04-07 11:23:20', '2026-04-07 01:48:32', '2026-04-22 05:12:30', NULL, NULL, NULL);
INSERT INTO `work_orders` VALUES (75, 'WO66-R65-1769559220', 66, 65, 6, NULL, 'pending_assign', '2026-01-28 16:13:40', '2026-01-28 16:13:40', NULL, NULL, NULL, NULL, NULL);
INSERT INTO `work_orders` VALUES (76, 'WO66-R64-1769559227', 66, 64, 6, NULL, 'pending_assign', '2026-01-28 16:13:47', '2026-01-28 16:13:47', NULL, NULL, NULL, NULL, NULL);
INSERT INTO `work_orders` VALUES (77, 'WO66-R63-1769559233', 66, 63, 6, NULL, 'pending_assign', '2026-01-28 16:13:53', '2026-01-28 16:13:53', NULL, NULL, NULL, NULL, NULL);
INSERT INTO `work_orders` VALUES (78, 'WO66-R62-1769559236', 66, 62, 6, NULL, 'pending_assign', '2026-01-28 16:13:56', '2026-01-28 16:13:56', NULL, NULL, NULL, NULL, NULL);
INSERT INTO `work_orders` VALUES (79, 'WO65-R69-1769559256', 65, 69, 6, NULL, 'pending_assign', '2026-01-28 16:14:16', '2026-01-28 16:14:16', NULL, NULL, NULL, NULL, NULL);
INSERT INTO `work_orders` VALUES (80, 'WO65-R68-1769559259', 65, 68, 6, NULL, 'pending_assign', '2026-01-28 16:14:19', '2026-01-28 16:14:19', NULL, NULL, NULL, NULL, NULL);
INSERT INTO `work_orders` VALUES (81, 'WO65-R67-1769559263', 65, 67, 6, NULL, 'pending_assign', '2026-01-28 16:14:23', '2026-01-28 16:14:23', NULL, NULL, NULL, NULL, NULL);
INSERT INTO `work_orders` VALUES (82, 'WO65-R66-1769559266', 65, 66, 6, NULL, 'pending_assign', '2026-01-28 16:14:26', '2026-01-28 16:14:26', NULL, NULL, NULL, NULL, NULL);
INSERT INTO `work_orders` VALUES (83, 'WO67-R72-1769627376', 67, 72, 36, 36, 'completed', '2026-01-29 11:09:36', '2026-04-21 15:23:01', '2026-04-21 07:21:53', '2026-04-22 05:12:30', NULL, NULL, NULL);
INSERT INTO `work_orders` VALUES (84, 'WO67-R71-1769627380', 67, 71, 36, 36, 'completed', '2026-01-29 11:09:40', '2026-04-22 10:27:38', '2026-04-10 07:49:31', '2026-04-22 05:12:30', NULL, NULL, NULL);
INSERT INTO `work_orders` VALUES (85, 'WO67-R70-1769627384', 67, 70, 36, 36, 'completed', '2026-01-29 11:09:44', '2026-04-22 10:49:30', '2026-04-10 07:49:33', '2026-04-22 05:12:30', NULL, NULL, NULL);
INSERT INTO `work_orders` VALUES (86, 'WO68-R76-1769636907', 68, 76, 36, 36, 'completed', '2026-01-29 13:48:27', '2026-04-22 09:52:36', '2026-04-10 07:49:34', '2026-04-22 05:12:30', NULL, NULL, NULL);
INSERT INTO `work_orders` VALUES (87, 'WO63-R78-1775498012', 63, 78, 36, 36, 'completed', '2026-04-07 09:53:32', '2026-04-07 11:09:07', '2026-04-07 01:55:57', '2026-04-22 05:12:30', NULL, NULL, NULL);
INSERT INTO `work_orders` VALUES (88, 'WO63-R79-1775513079', 63, 79, 36, 36, 'completed', '2026-04-07 14:04:39', '2026-04-08 16:59:28', '2026-04-07 06:14:06', NULL, NULL, NULL, NULL);
INSERT INTO `work_orders` VALUES (89, 'WO72-R80-1775513894', 72, 80, 36, 36, 'completed', '2026-04-07 14:18:14', '2026-04-08 16:59:12', '2026-04-07 06:18:41', NULL, NULL, NULL, NULL);
INSERT INTO `work_orders` VALUES (90, 'WO63-R81-1776723219', 63, 81, 36, 36, 'completed', '2026-04-21 14:13:39', '2026-04-21 15:15:34', '2026-04-21 06:14:48', NULL, NULL, NULL, NULL);
INSERT INTO `work_orders` VALUES (91, 'WO73-R82-1776803452', 73, 82, 36, 36, 'completed', '2026-04-22 12:30:52', '2026-04-22 13:14:16', '2026-04-22 04:31:42', '2026-04-22 05:14:17', NULL, NULL, NULL);
INSERT INTO `work_orders` VALUES (92, 'WO74-R83-1776803829', 74, 83, 36, 36, 'completed', '2026-04-22 12:37:09', '2026-04-22 12:38:52', '2026-04-22 04:37:30', '2026-04-22 05:12:30', NULL, NULL, NULL);
INSERT INTO `work_orders` VALUES (93, 'WO75-R84-1776812592', 75, 84, 37, 47, 'pending_accept', '2026-04-22 15:03:12', '2026-04-22 15:15:12', NULL, NULL, NULL, NULL, NULL);
INSERT INTO `work_orders` VALUES (94, 'WO75-R85-1776812867', 75, 85, 37, 37, 'completed', '2026-04-22 15:07:47', '2026-04-23 15:23:45', '2026-04-22 07:14:57', '2026-04-23 07:23:46', NULL, NULL, NULL);
INSERT INTO `work_orders` VALUES (95, 'WO75-R86-1776984459', 75, 86, 37, NULL, 'pending_assign', '2026-04-24 14:47:39', '2026-04-24 14:47:39', NULL, NULL, NULL, NULL, NULL);
INSERT INTO `work_orders` VALUES (97, 'WO75-R87-L49-1776986590', 75, 87, 49, 49, 'pending_accept', '2026-04-24 15:23:10', '2026-04-24 15:41:02', NULL, NULL, NULL, NULL, NULL);
INSERT INTO `work_orders` VALUES (98, 'WO77-R88-L37-1777246407', 77, 88, 37, 37, 'pending_accept', '2026-04-27 15:33:27', '2026-04-27 15:36:27', NULL, NULL, NULL, NULL, NULL);
INSERT INTO `work_orders` VALUES (100, 'WO79-R89-L51-1777313286', 79, 89, 51, 51, 'completed', '2026-04-28 10:08:06', '2026-04-28 10:20:41', '2026-04-28 02:15:12', '2026-04-28 02:20:41', NULL, NULL, NULL);
INSERT INTO `work_orders` VALUES (101, 'WO80-R90-L51-1777314446', 80, 90, 51, 51, 'accepted', '2026-04-28 10:27:26', '2026-04-28 14:06:33', '2026-04-28 06:06:33', NULL, NULL, NULL, NULL);
INSERT INTO `work_orders` VALUES (102, 'WO81-R91-L51-1777315232', 81, 91, 51, 51, 'completed', '2026-04-28 10:40:32', '2026-04-28 10:46:48', '2026-04-28 02:41:12', '2026-04-28 02:46:48', NULL, NULL, NULL);
INSERT INTO `work_orders` VALUES (103, 'WO82-R92-L37-1777330030', 82, 92, 37, NULL, 'cancelled', '2026-04-28 14:47:10', '2026-05-06 14:12:54', NULL, NULL, NULL, '同组其他组长已转派该需求，当前工单自动失效', NULL);
INSERT INTO `work_orders` VALUES (104, 'WO82-R92-L49-1777330030', 82, 92, 49, 49, 'pending_accept', '2026-04-28 14:47:10', '2026-05-06 14:12:54', NULL, NULL, NULL, NULL, NULL);
INSERT INTO `work_orders` VALUES (105, 'WO82-R93-L51-1777330264', 82, 93, 51, 51, 'completed', '2026-04-28 14:51:04', '2026-04-28 15:16:36', '2026-04-28 07:16:00', '2026-04-28 07:16:36', NULL, NULL, NULL);
INSERT INTO `work_orders` VALUES (108, 'WO82-R94-L55-1777332674', 82, 94, 55, 51, 'pending_accept', '2026-04-28 15:31:14', '2026-04-28 15:33:39', NULL, NULL, NULL, NULL, NULL);
INSERT INTO `work_orders` VALUES (109, 'WO84-R99-G19-1778020616', 84, 99, 51, 51, 'accepted', '2026-05-06 14:36:56', '2026-05-06 14:38:17', '2026-05-06 06:38:18', NULL, NULL, NULL, 19);
INSERT INTO `work_orders` VALUES (110, 'WO84-R98-G19-1778020984', 84, 98, 55, 55, 'pending_accept', '2026-05-06 14:43:04', '2026-05-06 14:56:01', NULL, NULL, NULL, NULL, 19);
INSERT INTO `work_orders` VALUES (111, 'WO84-R100-G19-1778021686', 84, 100, 55, NULL, 'pending_assign', '2026-05-06 14:54:46', '2026-05-06 14:55:29', NULL, NULL, NULL, NULL, 19);
INSERT INTO `work_orders` VALUES (112, 'WO84-R101-G19-1778021794', 84, 101, 51, NULL, 'pending_assign', '2026-05-06 14:56:34', '2026-05-06 14:57:18', NULL, NULL, NULL, NULL, 19);
INSERT INTO `work_orders` VALUES (113, 'WO84-R102-G21-1778177418', 84, 102, 37, 37, 'completed', '2026-05-08 10:10:18', '2026-05-08 10:14:59', '2026-05-08 02:13:08', '2026-05-08 02:14:59', NULL, NULL, 21);
INSERT INTO `work_orders` VALUES (114, 'WO84-R103-G21-1778192512', 84, 103, 37, 37, 'completed', '2026-05-08 14:21:52', '2026-05-08 14:28:09', '2026-05-08 06:27:05', '2026-05-08 06:28:09', NULL, NULL, 21);
INSERT INTO `work_orders` VALUES (115, 'WO84-R104-G21-1778193473', 84, 104, 37, 37, 'accepted', '2026-05-08 14:37:53', '2026-05-08 15:01:30', '2026-05-08 07:01:30', NULL, NULL, NULL, 21);

SET FOREIGN_KEY_CHECKS = 1;
